site_id,startDateTime,SOILT,VSWC
ABBY,2025-03-01T00:00:00Z,9.4728,0.092175000000000007
ABBY,2025-03-02T00:00:00Z,9.312,0.08073333333333334
ABBY,2025-03-03T00:00:00Z,7.0466,0.108825
ABBY,2025-03-04T00:00:00Z,6.9192,0.09255
ABBY,2025-03-05T00:00:00Z,6.8267999999999995,0.10802
ABBY,2025-03-06T00:00:00Z,7.0688,0.110475
ABBY,2025-03-07T00:00:00Z,6.5258,0.0819
ABBY,2025-03-08T00:00:00Z,6.1768,0.08133333333333334
ABBY,2025-03-09T00:00:00Z,7.558,0.07869999999999999
ABBY,2025-03-10T00:00:00Z,7.4486,0.087425
ABBY,2025-03-11T00:00:00Z,6.2644,0.0989
ABBY,2025-03-12T00:00:00Z,6.4522,0.10346666666666668
ABBY,2025-03-13T00:00:00Z,6.6474,0.10365
ABBY,2025-03-14T00:00:00Z,4.2219999999999995,0.12955
ABBY,2025-03-15T00:00:00Z,4.0892,0.0955
ABBY,2025-03-16T00:00:00Z,4.755999999999999,0.1021
ABBY,2025-03-17T00:00:00Z,5.3422,0.0662
ABBY,2025-03-18T00:00:00Z,5.0266,0.1271
ABBY,2025-03-19T00:00:00Z,5.6452,0.10535
ABBY,2025-03-20T00:00:00Z,6.4004,0.10255
ABBY,2025-03-21T00:00:00Z,5.3942,0.1446
ABBY,2025-03-22T00:00:00Z,5.7783999999999995,0.1038
ABBY,2025-03-23T00:00:00Z,6.7488,0.10603333333333334
ABBY,2025-03-24T00:00:00Z,7.9902,0.09833333333333331
ABBY,2025-03-25T00:00:00Z,10.6724,0.0944
ABBY,2025-03-26T00:00:00Z,13.06,0.0956
ABBY,2025-03-27T00:00:00Z,14.632,NA
ABBY,2025-03-28T00:00:00Z,9.311,0.0963
ABBY,2025-03-29T00:00:00Z,7.6882,0.1077
ABBY,2025-03-30T00:00:00Z,7.6298,0.09485
ABBY,2025-03-31T00:00:00Z,7.7086,0.10546666666666668
BARR,2025-03-01T00:00:00Z,-16.247333333333334,NA
BARR,2025-03-02T00:00:00Z,-16.445999999999998,NA
BARR,2025-03-03T00:00:00Z,-16.622999999999998,NA
BARR,2025-03-04T00:00:00Z,-15.413333333333334,NA
BARR,2025-03-05T00:00:00Z,-14.308666666666667,NA
BARR,2025-03-06T00:00:00Z,-13.597,NA
BARR,2025-03-07T00:00:00Z,-13.228,NA
BARR,2025-03-08T00:00:00Z,-12.797333333333333,NA
BARR,2025-03-09T00:00:00Z,-12.994333333333334,NA
BARR,2025-03-10T00:00:00Z,-13.194666666666668,NA
BARR,2025-03-11T00:00:00Z,-13.216,NA
BARR,2025-03-12T00:00:00Z,-13.080333333333334,NA
BARR,2025-03-13T00:00:00Z,-13.023666666666667,NA
BARR,2025-03-14T00:00:00Z,-13.496,NA
BARR,2025-03-15T00:00:00Z,-14.107,NA
BARR,2025-03-16T00:00:00Z,-14.283333333333331,NA
BARR,2025-03-17T00:00:00Z,-14.344,NA
BARR,2025-03-18T00:00:00Z,-14.229333333333331,NA
BARR,2025-03-19T00:00:00Z,-14.939666666666668,NA
BARR,2025-03-20T00:00:00Z,-15.387666666666668,NA
BARR,2025-03-21T00:00:00Z,-15.247,NA
BARR,2025-03-22T00:00:00Z,-15.289333333333332,NA
BARR,2025-03-23T00:00:00Z,-14.801,NA
BARR,2025-03-24T00:00:00Z,-14.420333333333334,NA
BARR,2025-03-25T00:00:00Z,-14.584,NA
BARR,2025-03-26T00:00:00Z,-15.046666666666669,NA
BARR,2025-03-27T00:00:00Z,-15.489,NA
BARR,2025-03-28T00:00:00Z,-15.810333333333334,NA
BARR,2025-03-29T00:00:00Z,-16.177,NA
BARR,2025-03-30T00:00:00Z,-16.362000000000002,NA
BARR,2025-03-31T00:00:00Z,-16.231333333333332,NA
BART,2025-03-01T00:00:00Z,1.0634,0.1432
BART,2025-03-02T00:00:00Z,1.106,0.14265
BART,2025-03-03T00:00:00Z,1.089,0.12416666666666668
BART,2025-03-04T00:00:00Z,1.0876,0.2034
BART,2025-03-05T00:00:00Z,1.083,0.14655
BART,2025-03-06T00:00:00Z,1.1162,0.11416666666666668
BART,2025-03-07T00:00:00Z,0.7768,0.5183
BART,2025-03-09T00:00:00Z,1,0.2071666666666667
BART,2025-03-10T00:00:00Z,1.0736,0.22404999999999997
BART,2025-03-11T00:00:00Z,1.107,0.0922
BART,2025-03-12T00:00:00Z,1.0868,0.24795
BART,2025-03-13T00:00:00Z,1.1276,0.24625
BART,2025-03-14T00:00:00Z,1.2638,0.23175
BART,2025-03-15T00:00:00Z,1.244,0.3861
BART,2025-03-16T00:00:00Z,1.1954,0.2023
BART,2025-03-17T00:00:00Z,1.1426,0.22383333333333333
BART,2025-03-18T00:00:00Z,0.9272,0.0926
BART,2025-03-19T00:00:00Z,1.1382,0.08960000000000001
BART,2025-03-20T00:00:00Z,1.232,0.0895
BART,2025-03-21T00:00:00Z,1.2768,0.29595
BART,2025-03-22T00:00:00Z,1.2194,0.29969999999999997
BART,2025-03-23T00:00:00Z,1.4068,0.0846
BART,2025-03-24T00:00:00Z,1.1746,0.0842
BART,2025-03-25T00:00:00Z,1.0684,0.28395
BART,2025-03-26T00:00:00Z,1.2448,0.2712
BART,2025-03-27T00:00:00Z,1.3344,0.2663
BART,2025-03-28T00:00:00Z,1.378,0.26645
BART,2025-03-29T00:00:00Z,1.442,0.26105
BART,2025-03-30T00:00:00Z,1.3652,0.4278
BART,2025-03-31T00:00:00Z,1.3868,0.19783333333333333
BLAN,2025-03-01T00:00:00Z,5.4898,0.2453
BLAN,2025-03-02T00:00:00Z,3.4288,0.24675
BLAN,2025-03-03T00:00:00Z,1.1594,0.241
BLAN,2025-03-04T00:00:00Z,1.8054,0.2547
BLAN,2025-03-05T00:00:00Z,6.771,0.23575
BLAN,2025-03-06T00:00:00Z,8.9402,0.27665
BLAN,2025-03-07T00:00:00Z,3.927,0.27125
BLAN,2025-03-08T00:00:00Z,6.6236,0.2631
BLAN,2025-03-09T00:00:00Z,4.9948,0.2603
BLAN,2025-03-10T00:00:00Z,6.2438,0.25734999999999997
BLAN,2025-03-11T00:00:00Z,7.8212,0.244
BLAN,2025-03-12T00:00:00Z,9.8728,0.25755
BLAN,2025-03-13T00:00:00Z,10.4378,0.25475000000000003
BLAN,2025-03-14T00:00:00Z,8.047,0.2727
BLAN,2025-03-15T00:00:00Z,8.9918,0.2448
BLAN,2025-03-16T00:00:00Z,10.565,0.24445
BLAN,2025-03-17T00:00:00Z,14.0744,0.2493
BLAN,2025-03-18T00:00:00Z,7.705,0.26735
BLAN,2025-03-19T00:00:00Z,9.912,0.2701
BLAN,2025-03-20T00:00:00Z,12.429,0.2407
BLAN,2025-03-21T00:00:00Z,10.5588,0.2469
BLAN,2025-03-22T00:00:00Z,9.1402,0.25129999999999997
BLAN,2025-03-23T00:00:00Z,9.8008,0.23773333333333332
BLAN,2025-03-24T00:00:00Z,10.0644,0.22946666666666668
BLAN,2025-03-25T00:00:00Z,10.5202,0.243
BLAN,2025-03-26T00:00:00Z,10.077,0.24235
BLAN,2025-03-27T00:00:00Z,8.1894,0.21933333333333332
BLAN,2025-03-28T00:00:00Z,9.1056,0.21673333333333333
BLAN,2025-03-29T00:00:00Z,10.9588,0.21486666666666665
BLAN,2025-03-30T00:00:00Z,14.779,0.20936666666666667
BLAN,2025-03-31T00:00:00Z,15.6988,0.21043333333333333
BONA,2025-03-01T00:00:00Z,-4.4974,NA
BONA,2025-03-02T00:00:00Z,-4.3372,NA
BONA,2025-03-03T00:00:00Z,-4.2742000000000004,NA
BONA,2025-03-04T00:00:00Z,-3.8872,NA
BONA,2025-03-05T00:00:00Z,-3.666,NA
BONA,2025-03-06T00:00:00Z,-3.1822,NA
BONA,2025-03-07T00:00:00Z,-2.7572,NA
BONA,2025-03-08T00:00:00Z,-2.304,NA
BONA,2025-03-09T00:00:00Z,-2.2428,NA
BONA,2025-03-10T00:00:00Z,-3.0568,NA
BONA,2025-03-11T00:00:00Z,-3.9432,NA
BONA,2025-03-12T00:00:00Z,-4.62,NA
BONA,2025-03-13T00:00:00Z,-6.181,NA
BONA,2025-03-14T00:00:00Z,-5.4190000000000005,NA
BONA,2025-03-15T00:00:00Z,-4.946,NA
BONA,2025-03-16T00:00:00Z,-5.1786,NA
BONA,2025-03-17T00:00:00Z,-5.7728,NA
BONA,2025-03-18T00:00:00Z,-7.2918,NA
BONA,2025-03-19T00:00:00Z,-7.4128,NA
BONA,2025-03-20T00:00:00Z,-5.6408,NA
BONA,2025-03-21T00:00:00Z,-5.4354,NA
BONA,2025-03-22T00:00:00Z,-4.9996,NA
BONA,2025-03-23T00:00:00Z,-4.698,NA
BONA,2025-03-24T00:00:00Z,-4.6078,NA
BONA,2025-03-25T00:00:00Z,-4.7412,NA
BONA,2025-03-26T00:00:00Z,-4.8754,NA
BONA,2025-03-27T00:00:00Z,-4.3222000000000005,NA
BONA,2025-03-28T00:00:00Z,-3.2443999999999997,NA
BONA,2025-03-29T00:00:00Z,-3.428,NA
BONA,2025-03-30T00:00:00Z,-5.505,NA
BONA,2025-03-31T00:00:00Z,-6.0508,NA
CPER,2025-03-01T00:00:00Z,11.1416,0.073475
CPER,2025-03-02T00:00:00Z,12.528,0.07288
CPER,2025-03-03T00:00:00Z,13.1474,0.07208
CPER,2025-03-04T00:00:00Z,5.6088,0.07236
CPER,2025-03-05T00:00:00Z,3.9522,0.06675
CPER,2025-03-06T00:00:00Z,8.3726,0.06924
CPER,2025-03-07T00:00:00Z,9.1466,0.068625
CPER,2025-03-08T00:00:00Z,3.3416,0.066
CPER,2025-03-09T00:00:00Z,9.2582,0.06708
CPER,2025-03-10T00:00:00Z,14.1424,0.06748
CPER,2025-03-11T00:00:00Z,13.579,0.06512
CPER,2025-03-12T00:00:00Z,12.6078,0.06292
CPER,2025-03-13T00:00:00Z,15.845,0.06202
CPER,2025-03-15T00:00:00Z,7.948,0.05788
CPER,2025-03-16T00:00:00Z,5.7844,0.05584
CPER,2025-03-17T00:00:00Z,11.8486,0.0567
CPER,2025-03-18T00:00:00Z,13.5148,0.05518
CPER,2025-03-19T00:00:00Z,6.1582,0.05172
CPER,2025-03-20T00:00:00Z,7.2226,0.05095
CPER,2025-03-21T00:00:00Z,9.1894,0.04992
CPER,2025-03-22T00:00:00Z,10.1226,0.04948
CPER,2025-03-23T00:00:00Z,11.129,0.04832
CPER,2025-03-24T00:00:00Z,10.9526,0.047225
CPER,2025-03-25T00:00:00Z,15.436,0.04273333333333333
CPER,2025-03-26T00:00:00Z,16.345399999999998,0.0461
CPER,2025-03-27T00:00:00Z,21.1752,0.04588
CPER,2025-03-28T00:00:00Z,18.3586,0.04354
CPER,2025-03-29T00:00:00Z,15.4398,0.04076
CPER,2025-03-30T00:00:00Z,8.8188,0.1339
CPER,2025-03-31T00:00:00Z,9.5782,0.14596
DCFS,2025-03-01T00:00:00Z,-0.00919999999999999,0.1504
DCFS,2025-03-02T00:00:00Z,-0.3982,NA
DCFS,2025-03-03T00:00:00Z,0.03300000000000001,NA
DCFS,2025-03-04T00:00:00Z,0.1586,0.2104
DCFS,2025-03-05T00:00:00Z,-0.441,NA
DCFS,2025-03-06T00:00:00Z,-0.1432,NA
DCFS,2025-03-07T00:00:00Z,-0.1062,0.1252
DCFS,2025-03-08T00:00:00Z,0.0438,0.1763
DCFS,2025-03-09T00:00:00Z,0.46,0.1325
DCFS,2025-03-10T00:00:00Z,0.7624,0.1697
DCFS,2025-03-11T00:00:00Z,-0.0208,0.165
DCFS,2025-03-12T00:00:00Z,-0.094,NA
DCFS,2025-03-13T00:00:00Z,0.5902000000000001,NA
DCFS,2025-03-14T00:00:00Z,1.5064,0.17835
DCFS,2025-03-15T00:00:00Z,-0.0116,0.1857
DCFS,2025-03-16T00:00:00Z,-0.09460000000000002,0.1663
DCFS,2025-03-17T00:00:00Z,-0.1118,0.1364
DCFS,2025-03-18T00:00:00Z,0.04260000000000001,0.15155000000000002
DCFS,2025-03-19T00:00:00Z,-0.2054,NA
DCFS,2025-03-20T00:00:00Z,0.2436,0.14815
DCFS,2025-03-21T00:00:00Z,1.2266,0.1434
DCFS,2025-03-22T00:00:00Z,0.3572,0.147
DCFS,2025-03-23T00:00:00Z,0.3854,0.1377
DCFS,2025-03-24T00:00:00Z,0.0696,0.15453333333333333
DCFS,2025-03-25T00:00:00Z,0.512,0.16645
DCFS,2025-03-26T00:00:00Z,1.3618,0.19006666666666663
DCFS,2025-03-27T00:00:00Z,0.381,0.19785
DCFS,2025-03-28T00:00:00Z,1.7758,0.19753333333333337
DCFS,2025-03-29T00:00:00Z,-0.00559999999999999,0.22085
DCFS,2025-03-30T00:00:00Z,-0.047,NA
DCFS,2025-03-31T00:00:00Z,0.1116,0.2517
DEJU,2025-03-01T00:00:00Z,-2.979,NA
DEJU,2025-03-02T00:00:00Z,-2.4248,NA
DEJU,2025-03-03T00:00:00Z,-2.5374,NA
DEJU,2025-03-04T00:00:00Z,-1.951,NA
DEJU,2025-03-05T00:00:00Z,-2.5422,NA
DEJU,2025-03-06T00:00:00Z,-1.9734,NA
DEJU,2025-03-07T00:00:00Z,-2.4204,NA
DEJU,2025-03-08T00:00:00Z,-2.5188,NA
DEJU,2025-03-09T00:00:00Z,-2.5668,NA
DEJU,2025-03-10T00:00:00Z,-2.5708,NA
DEJU,2025-03-11T00:00:00Z,-1.9154,NA
DEJU,2025-03-12T00:00:00Z,-2.635,NA
DEJU,2025-03-13T00:00:00Z,-4.234,NA
DEJU,2025-03-14T00:00:00Z,-2.9718,NA
DEJU,2025-03-15T00:00:00Z,-2.7628000000000004,NA
DEJU,2025-03-16T00:00:00Z,-3.0962,NA
DEJU,2025-03-17T00:00:00Z,-3.8768,NA
DEJU,2025-03-18T00:00:00Z,-4.454,NA
DEJU,2025-03-19T00:00:00Z,-4.2146,NA
DEJU,2025-03-20T00:00:00Z,-2.5656,NA
DEJU,2025-03-21T00:00:00Z,-2.5558,NA
DEJU,2025-03-22T00:00:00Z,-2.3329999999999997,NA
DEJU,2025-03-23T00:00:00Z,-2.159,NA
DEJU,2025-03-24T00:00:00Z,-2.7134,NA
DEJU,2025-03-25T00:00:00Z,-2.787,NA
DEJU,2025-03-26T00:00:00Z,-2.6518,NA
DEJU,2025-03-27T00:00:00Z,-2.5426,NA
DEJU,2025-03-28T00:00:00Z,-3.1222,NA
DEJU,2025-03-29T00:00:00Z,-3.2794,NA
DEJU,2025-03-30T00:00:00Z,-3.5402,NA
DEJU,2025-03-31T00:00:00Z,-3.7988,NA
DELA,2025-03-01T00:00:00Z,14.9124,0.1925
DELA,2025-03-02T00:00:00Z,14.6598,0.1873
DELA,2025-03-03T00:00:00Z,13.0164,0.1793
DELA,2025-03-04T00:00:00Z,13.1276,0.1948
DELA,2025-03-06T00:00:00Z,12.9626,0.2213
DELA,2025-03-07T00:00:00Z,13.0394,0.2298
DELA,2025-03-09T00:00:00Z,15.524,0.1968
DELA,2025-03-10T00:00:00Z,13.9568,0.2287
DELA,2025-03-11T00:00:00Z,15.1596,0.2469
DELA,2025-03-12T00:00:00Z,16.104,0.2365
DELA,2025-03-13T00:00:00Z,16.801199999999998,0.237
DELA,2025-03-14T00:00:00Z,18.2794,0.20755
DELA,2025-03-15T00:00:00Z,19.1176,0.21355
DELA,2025-03-16T00:00:00Z,19.142,0.3714
DELA,2025-03-17T00:00:00Z,17.1794,0.37655
DELA,2025-03-18T00:00:00Z,16.3056,0.26085
DELA,2025-03-19T00:00:00Z,17.543,0.2342
DELA,2025-03-20T00:00:00Z,18.4386,0.24445
DELA,2025-03-21T00:00:00Z,14.3714,0.24519999999999997
DELA,2025-03-22T00:00:00Z,15.4126,0.2444
DELA,2025-03-23T00:00:00Z,16.9772,0.23875
DELA,2025-03-24T00:00:00Z,18.079,0.224
DELA,2025-03-25T00:00:00Z,17.0232,0.22843333333333332
DELA,2025-03-26T00:00:00Z,18.941,0.2274
DELA,2025-03-27T00:00:00Z,18.0394,0.21776666666666664
DELA,2025-03-28T00:00:00Z,18.7806,NA
DELA,2025-03-29T00:00:00Z,19.4844,NA
DELA,2025-03-30T00:00:00Z,18.6264,NA
DELA,2025-03-31T00:00:00Z,19.7194,NA
DSNY,2025-03-01T00:00:00Z,20.3966,0.1162
DSNY,2025-03-02T00:00:00Z,20.4686,0.09706666666666666
DSNY,2025-03-03T00:00:00Z,20.8834,0.086725
DSNY,2025-03-04T00:00:00Z,21.1054,0.099075
DSNY,2025-03-05T00:00:00Z,21.802,0.08879999999999999
DSNY,2025-03-06T00:00:00Z,19.6822,0.10586666666666666
DSNY,2025-03-07T00:00:00Z,18.6178,0.09275
DSNY,2025-03-08T00:00:00Z,19.4494,0.08614
DSNY,2025-03-09T00:00:00Z,22.0626,0.0955
DSNY,2025-03-10T00:00:00Z,23.8018,0.083675
DSNY,2025-03-13T00:00:00Z,22.0798,0.0786
DSNY,2025-03-14T00:00:00Z,22.8994,0.08863333333333334
DSNY,2025-03-15T00:00:00Z,24.0346,0.0656
DSNY,2025-03-16T00:00:00Z,25.3136,0.073275
DSNY,2025-03-18T00:00:00Z,20.6778,0.0713
DSNY,2025-03-19T00:00:00Z,22.7948,0.07536666666666667
DSNY,2025-03-20T00:00:00Z,23.7816,0.06525
DSNY,2025-03-21T00:00:00Z,23.0502,0.05473333333333333
DSNY,2025-03-22T00:00:00Z,20.9482,0.061225
DSNY,2025-03-23T00:00:00Z,22.48,0.0683
DSNY,2025-03-24T00:00:00Z,23.6808,0.05762499999999999
DSNY,2025-03-25T00:00:00Z,25.5372,0.05575
DSNY,2025-03-26T00:00:00Z,26.1472,0.05425
DSNY,2025-03-27T00:00:00Z,26.176,0.05793333333333333
DSNY,2025-03-28T00:00:00Z,25.9194,0.05623333333333333
DSNY,2025-03-29T00:00:00Z,25.098,0.03836666666666667
DSNY,2025-03-30T00:00:00Z,25.2626,0.0366
DSNY,2025-03-31T00:00:00Z,24.569,0.0596
GUAN,2025-03-01T00:00:00Z,25.5292,0.05032
GUAN,2025-03-02T00:00:00Z,25.819,0.0492
GUAN,2025-03-03T00:00:00Z,25.9634,0.04606666666666666
GUAN,2025-03-04T00:00:00Z,24.0444,0.08122
GUAN,2025-03-05T00:00:00Z,25.5598,0.0597
GUAN,2025-03-06T00:00:00Z,25.5174,0.049675
GUAN,2025-03-07T00:00:00Z,25.8094,0.03565
GUAN,2025-03-08T00:00:00Z,24.2244,0.1509
GUAN,2025-03-09T00:00:00Z,24.8132,0.15432
GUAN,2025-03-10T00:00:00Z,25.6938,0.10766
GUAN,2025-03-11T00:00:00Z,25.9158,0.07906
GUAN,2025-03-12T00:00:00Z,25.6328,0.0644
GUAN,2025-03-13T00:00:00Z,26.1334,0.05204
GUAN,2025-03-14T00:00:00Z,24.8322,0.04795
GUAN,2025-03-15T00:00:00Z,24.2866,0.040825
GUAN,2025-03-16T00:00:00Z,25.9662,0.037175
GUAN,2025-03-17T00:00:00Z,26.075,0.03495
GUAN,2025-03-18T00:00:00Z,25.312,0.03034
GUAN,2025-03-19T00:00:00Z,25.35,0.0282
GUAN,2025-03-20T00:00:00Z,25.4104,0.0188
GUAN,2025-03-21T00:00:00Z,25.834,0.03286666666666667
GUAN,2025-03-22T00:00:00Z,26.6442,0.01275
GUAN,2025-03-23T00:00:00Z,27.2604,0.03046666666666666
GUAN,2025-03-24T00:00:00Z,26.5934,0.02305
GUAN,2025-03-25T00:00:00Z,26.9342,0.0054
GUAN,2025-03-26T00:00:00Z,27.0772,0.01185
GUAN,2025-03-27T00:00:00Z,26.1064,0.0192
GUAN,2025-03-28T00:00:00Z,26.5166,0.02686666666666666
GUAN,2025-03-29T00:00:00Z,26.7728,0.02
GUAN,2025-03-30T00:00:00Z,26.8392,0.020025
GUAN,2025-03-31T00:00:00Z,26.3248,0.01535
HEAL,2025-03-01T00:00:00Z,3.4305,NA
HEAL,2025-03-02T00:00:00Z,2.48525,NA
HEAL,2025-03-03T00:00:00Z,3.72925,NA
HEAL,2025-03-04T00:00:00Z,5.045,0
HEAL,2025-03-05T00:00:00Z,4.037,NA
HEAL,2025-03-06T00:00:00Z,1.9,0
HEAL,2025-03-07T00:00:00Z,-1.5885,NA
HEAL,2025-03-08T00:00:00Z,-1.97925,NA
HEAL,2025-03-09T00:00:00Z,-4.83525,NA
HEAL,2025-03-10T00:00:00Z,-0.05775000000000004,0
HEAL,2025-03-11T00:00:00Z,-3.274,NA
HEAL,2025-03-12T00:00:00Z,-6.261666666666667,NA
HEAL,2025-03-13T00:00:00Z,-3.7865,NA
HEAL,2025-03-14T00:00:00Z,-8.662749999999999,NA
HEAL,2025-03-15T00:00:00Z,-3.02275,NA
HEAL,2025-03-16T00:00:00Z,-7.7305,NA
HEAL,2025-03-17T00:00:00Z,-7.655,NA
HEAL,2025-03-18T00:00:00Z,-8.88675,NA
HEAL,2025-03-19T00:00:00Z,-13.65725,NA
HEAL,2025-03-20T00:00:00Z,1.0655,NA
HEAL,2025-03-21T00:00:00Z,5.0235,NA
HEAL,2025-03-22T00:00:00Z,4.84925,0
HEAL,2025-03-23T00:00:00Z,12.2895,3.3333333333333335e-5
HEAL,2025-03-24T00:00:00Z,10.188,0
HEAL,2025-03-25T00:00:00Z,2.93475,NA
HEAL,2025-03-26T00:00:00Z,3.3995,1e-4
HEAL,2025-03-27T00:00:00Z,4.748,NA
HEAL,2025-03-28T00:00:00Z,-1.33625,NA
HEAL,2025-03-29T00:00:00Z,-2.3169999999999997,NA
HEAL,2025-03-30T00:00:00Z,2.67,NA
HEAL,2025-03-31T00:00:00Z,5.89675,0
JORN,2025-03-01T00:00:00Z,26.7862,0.03808
JORN,2025-03-02T00:00:00Z,26.1208,0.03725
JORN,2025-03-03T00:00:00Z,25.2722,0.03922499999999999
JORN,2025-03-04T00:00:00Z,18.6042,0.035
JORN,2025-03-05T00:00:00Z,22.839,0.03604
JORN,2025-03-06T00:00:00Z,22.27,0.036
JORN,2025-03-07T00:00:00Z,19.5978,0.03356666666666667
JORN,2025-03-08T00:00:00Z,17.9254,0.03454
JORN,2025-03-09T00:00:00Z,18.945,0.03388
JORN,2025-03-10T00:00:00Z,25.2408,0.03596
JORN,2025-03-11T00:00:00Z,25.0132,0.03646
JORN,2025-03-12T00:00:00Z,24.2166,0.0359
JORN,2025-03-13T00:00:00Z,24.1942,0.0354
JORN,2025-03-14T00:00:00Z,23.2884,0.0352
JORN,2025-03-15T00:00:00Z,15.365,0.0325
JORN,2025-03-16T00:00:00Z,17.0228,0.03245
JORN,2025-03-17T00:00:00Z,25.3264,0.03726
JORN,2025-03-18T00:00:00Z,26.2068,0.0375
JORN,2025-03-19T00:00:00Z,18.2108,0.03476
JORN,2025-03-20T00:00:00Z,23.8306,0.03512
JORN,2025-03-21T00:00:00Z,23.6156,0.0352
JORN,2025-03-22T00:00:00Z,27.3308,0.0358
JORN,2025-03-23T00:00:00Z,27.9636,0.03554
JORN,2025-03-24T00:00:00Z,27.7798,0.03634
JORN,2025-03-25T00:00:00Z,33.4154,0.03564
JORN,2025-03-26T00:00:00Z,34.385799999999996,0.03598
JORN,2025-03-27T00:00:00Z,28.6374,0.03492
JORN,2025-03-28T00:00:00Z,28.185,0.033
JORN,2025-03-29T00:00:00Z,28.6288,0.032425
JORN,2025-03-30T00:00:00Z,27.3732,0.03298
JORN,2025-03-31T00:00:00Z,27.753,0.03294
KONA,2025-03-01T00:00:00Z,10.6248,0.219475
KONA,2025-03-02T00:00:00Z,7.6804,0.20636666666666667
KONA,2025-03-03T00:00:00Z,8.6208,0.1693
KONA,2025-03-04T00:00:00Z,10.499,0.1693666666666667
KONA,2025-03-05T00:00:00Z,6.957,0.2077
KONA,2025-03-06T00:00:00Z,5.17925,NA
KONA,2025-03-07T00:00:00Z,5.9719999999999995,0.1693
KONA,2025-03-08T00:00:00Z,5.9082,0.162325
KONA,2025-03-09T00:00:00Z,10.2788,0.1523
KONA,2025-03-10T00:00:00Z,12.1006,0.13995000000000002
KONA,2025-03-11T00:00:00Z,15.4304,0.124525
KONA,2025-03-12T00:00:00Z,15.4458,0.0992
KONA,2025-03-13T00:00:00Z,15.9818,0.09093333333333332
KONA,2025-03-14T00:00:00Z,17.705,0.09465
KONA,2025-03-15T00:00:00Z,14.2788,0.06553333333333333
KONA,2025-03-16T00:00:00Z,10.8752,0.05616666666666667
KONA,2025-03-17T00:00:00Z,12.739,0.0661
KONA,2025-03-18T00:00:00Z,17.6962,0.060525
KONA,2025-03-19T00:00:00Z,18.38,0.04582
KONA,2025-03-20T00:00:00Z,5.3486,0.06123333333333333
KONA,2025-03-21T00:00:00Z,11.3964,0.05336666666666666
KONA,2025-03-22T00:00:00Z,14.0226,0.04653333333333333
KONA,2025-03-23T00:00:00Z,14.1626,0.0469
KONA,2025-03-24T00:00:00Z,14.441,0.03792
KONA,2025-03-25T00:00:00Z,16.2546,0.05336666666666666
KONA,2025-03-26T00:00:00Z,18.0724,0.038
KONA,2025-03-27T00:00:00Z,17.8436,0.03316
KONA,2025-03-28T00:00:00Z,21.9168,0.03116
KONA,2025-03-29T00:00:00Z,19.4536,0.05682
KONA,2025-03-30T00:00:00Z,18.2184,0.0504
KONA,2025-03-31T00:00:00Z,12.9084,0.05125
KONZ,2025-03-01T00:00:00Z,9.3044,0.2637
KONZ,2025-03-02T00:00:00Z,6.6976,0.241775
KONZ,2025-03-03T00:00:00Z,7.7128,0.23815
KONZ,2025-03-04T00:00:00Z,8.8406,0.22836666666666663
KONZ,2025-03-05T00:00:00Z,6.1388,0.28736666666666666
KONZ,2025-03-06T00:00:00Z,4.8024,0.2835
KONZ,2025-03-07T00:00:00Z,5.9154,0.2637
KONZ,2025-03-08T00:00:00Z,5.6296,0.27649999999999997
KONZ,2025-03-09T00:00:00Z,8.3972,0.259025
KONZ,2025-03-10T00:00:00Z,10.4128,0.26039999999999996
KONZ,2025-03-11T00:00:00Z,12.806,0.27293333333333336
KONZ,2025-03-12T00:00:00Z,12.9342,0.23985
KONZ,2025-03-13T00:00:00Z,13.6904,0.2698
KONZ,2025-03-14T00:00:00Z,15.0392,0.252975
KONZ,2025-03-15T00:00:00Z,11.925,0.2653
KONZ,2025-03-16T00:00:00Z,9.27,0.24405
KONZ,2025-03-17T00:00:00Z,10.4174,0.22565
KONZ,2025-03-18T00:00:00Z,14.2668,0.2428
KONZ,2025-03-19T00:00:00Z,14.4802,0.21935
KONZ,2025-03-20T00:00:00Z,4.6424,0.2373
KONZ,2025-03-21T00:00:00Z,9.9672,0.19326666666666667
KONZ,2025-03-22T00:00:00Z,11.3986,0.19935
KONZ,2025-03-23T00:00:00Z,11.7882,0.2164
KONZ,2025-03-24T00:00:00Z,11.8464,0.16795
KONZ,2025-03-25T00:00:00Z,13.429,0.22686666666666663
KONZ,2025-03-26T00:00:00Z,15.1446,0.1935
KONZ,2025-03-27T00:00:00Z,14.708,0.19385
KONZ,2025-03-28T00:00:00Z,17.8976,0.23025
KONZ,2025-03-29T00:00:00Z,16.9766,0.232225
KONZ,2025-03-30T00:00:00Z,16.3974,0.19975
KONZ,2025-03-31T00:00:00Z,11.4374,0.20446666666666663
LAJA,2025-03-01T00:00:00Z,24.5046,0.1325
LAJA,2025-03-02T00:00:00Z,24.3736,0.09373333333333334
LAJA,2025-03-03T00:00:00Z,24.3292,0.0905
LAJA,2025-03-04T00:00:00Z,23.5165,0.3315
LAJA,2025-03-05T00:00:00Z,24.70175,0.3085
LAJA,2025-03-06T00:00:00Z,24.424,0.2707333333333333
LAJA,2025-03-07T00:00:00Z,24.7665,0.22146666666666667
LAJA,2025-03-08T00:00:00Z,24.26175,0.41386666666666666
LAJA,2025-03-09T00:00:00Z,24.65975,0.4502
LAJA,2025-03-10T00:00:00Z,25.121,0.4164
LAJA,2025-03-11T00:00:00Z,25.4685,0.34950000000000003
LAJA,2025-03-12T00:00:00Z,25.01175,0.32353333333333334
LAJA,2025-03-13T00:00:00Z,24.84,0.25495
LAJA,2025-03-14T00:00:00Z,24.7655,0.22235
LAJA,2025-03-15T00:00:00Z,23.7355,0.4383
LAJA,2025-03-16T00:00:00Z,24.4675,0.4210333333333333
LAJA,2025-03-17T00:00:00Z,24.65675,0.3674
LAJA,2025-03-18T00:00:00Z,24.21325,0.3033666666666667
LAJA,2025-03-19T00:00:00Z,23.99425,0.234
LAJA,2025-03-20T00:00:00Z,23.69475,0.18985
LAJA,2025-03-21T00:00:00Z,23.939,0.1338
LAJA,2025-03-22T00:00:00Z,25.24775,0.10885
LAJA,2025-03-23T00:00:00Z,25.51375,0.07386666666666666
LAJA,2025-03-24T00:00:00Z,25.1694,0.0752
LAJA,2025-03-25T00:00:00Z,25.3686,0.0603
LAJA,2025-03-26T00:00:00Z,25.1642,0.0521
LAJA,2025-03-27T00:00:00Z,25.0112,0.0483
LAJA,2025-03-28T00:00:00Z,25.5052,0.0317
LAJA,2025-03-29T00:00:00Z,24.6078,0.05173333333333333
LAJA,2025-03-30T00:00:00Z,24.2134,0.0453
LAJA,2025-03-31T00:00:00Z,24.046,0.0394
LENO,2025-03-01T00:00:00Z,14.6224,0.206375
LENO,2025-03-02T00:00:00Z,14.802,0.21916666666666668
LENO,2025-03-03T00:00:00Z,17.083000000000002,0.20963333333333337
LENO,2025-03-04T00:00:00Z,17.7708,0.21613333333333332
LENO,2025-03-05T00:00:00Z,14.8492,0.201
LENO,2025-03-06T00:00:00Z,13.0358,0.270575
LENO,2025-03-07T00:00:00Z,17.376,0.24805
LENO,2025-03-08T00:00:00Z,14.4158,0.240375
LENO,2025-03-09T00:00:00Z,15.8238,0.236225
LENO,2025-03-10T00:00:00Z,14.4552,0.2597
LENO,2025-03-11T00:00:00Z,14.9082,0.302
LENO,2025-03-12T00:00:00Z,15.5235,0.2492333333333333
LENO,2025-03-13T00:00:00Z,16.0566,0.2783
LENO,2025-03-14T00:00:00Z,17.499,0.2722
LENO,2025-03-15T00:00:00Z,18.2706,0.23925
LENO,2025-03-16T00:00:00Z,18.4792,0.31610000000000005
LENO,2025-03-17T00:00:00Z,16.3542,0.315825
LENO,2025-03-18T00:00:00Z,15.783,0.261
LENO,2025-03-19T00:00:00Z,16.3864,0.3154
LENO,2025-03-20T00:00:00Z,17.7972,0.31210000000000004
LENO,2025-03-21T00:00:00Z,14.2306,0.3418
LENO,2025-03-22T00:00:00Z,14.88675,0.19993333333333332
LENO,2025-03-23T00:00:00Z,16.3536,0.229675
LENO,2025-03-24T00:00:00Z,17.1398,0.23513333333333333
LENO,2025-03-25T00:00:00Z,16.5608,0.35195
LENO,2025-03-26T00:00:00Z,18.1242,0.25356666666666666
LENO,2025-03-28T00:00:00Z,18.587,0.2231
LENO,2025-03-29T00:00:00Z,18.497,0.2104
LENO,2025-03-30T00:00:00Z,18.5858,0.2025
LENO,2025-03-31T00:00:00Z,19.093,0.19625
LENO,2025-03-27T00:00:00Z,NA,0.2888
MLBS,2025-03-01T00:00:00Z,4.0552,0.12175
MLBS,2025-03-02T00:00:00Z,3.1794,0.12968
MLBS,2025-03-03T00:00:00Z,0.7766000000000001,0.119525
MLBS,2025-03-04T00:00:00Z,1.936,0.13492500000000002
MLBS,2025-03-05T00:00:00Z,5.0204,0.11275
MLBS,2025-03-06T00:00:00Z,6.429,0.16417500000000002
MLBS,2025-03-07T00:00:00Z,0.9018,0.13938
MLBS,2025-03-08T00:00:00Z,2.9619999999999997,0.13555
MLBS,2025-03-09T00:00:00Z,2.154,0.14685
MLBS,2025-03-10T00:00:00Z,3.8198,0.11196666666666666
MLBS,2025-03-11T00:00:00Z,4.7026,0.142075
MLBS,2025-03-12T00:00:00Z,7.0238,0.140425
MLBS,2025-03-13T00:00:00Z,8.5154,0.11295
MLBS,2025-03-14T00:00:00Z,9.892,0.111925
MLBS,2025-03-15T00:00:00Z,9.3578,0.1024
MLBS,2025-03-16T00:00:00Z,8.2742,0.1284
MLBS,2025-03-17T00:00:00Z,8.9574,0.1597
MLBS,2025-03-18T00:00:00Z,3.898,0.14115
MLBS,2025-03-19T00:00:00Z,7.4556,0.1264
MLBS,2025-03-20T00:00:00Z,9.789,0.13515
MLBS,2025-03-21T00:00:00Z,5.3808,0.11033333333333334
MLBS,2025-03-22T00:00:00Z,5.1994,0.1341
MLBS,2025-03-23T00:00:00Z,6.63,0.12975
MLBS,2025-03-24T00:00:00Z,7.7036,0.1286
MLBS,2025-03-25T00:00:00Z,6.795,0.15225
MLBS,2025-03-26T00:00:00Z,4.9812,0.14503333333333335
MLBS,2025-03-28T00:00:00Z,7.027,0.14176666666666668
MLBS,2025-03-29T00:00:00Z,10.3938,0.11
MLBS,2025-03-30T00:00:00Z,11.66,0.1114
MLBS,2025-03-31T00:00:00Z,11.4746,0.12004
MOAB,2025-03-01T00:00:00Z,16.1266,0.06309999999999999
MOAB,2025-03-02T00:00:00Z,15.9472,0.06626666666666667
MOAB,2025-03-03T00:00:00Z,17.3096,0.07296666666666667
MOAB,2025-03-04T00:00:00Z,6.007,0.06106666666666666
MOAB,2025-03-05T00:00:00Z,9.9786,0.06375
MOAB,2025-03-06T00:00:00Z,11.5656,0.06613333333333334
MOAB,2025-03-07T00:00:00Z,6.1098,0.0658
MOAB,2025-03-08T00:00:00Z,10.3474,0.06873333333333333
MOAB,2025-03-09T00:00:00Z,12.7304,0.06926666666666667
MOAB,2025-03-10T00:00:00Z,16.9976,0.07876666666666667
MOAB,2025-03-11T00:00:00Z,18.0238,0.07680000000000001
MOAB,2025-03-12T00:00:00Z,16.275,0.074425
MOAB,2025-03-13T00:00:00Z,16.6532,0.073025
MOAB,2025-03-14T00:00:00Z,12.3614,0.0633
MOAB,2025-03-15T00:00:00Z,10.8696,0.06156666666666667
MOAB,2025-03-16T00:00:00Z,11.404,0.0603
MOAB,2025-03-17T00:00:00Z,16.2214,0.069825
MOAB,2025-03-18T00:00:00Z,12.1216,0.0634
MOAB,2025-03-19T00:00:00Z,5.1845,NA
MOAB,2025-03-20T00:00:00Z,11.535,0.06799999999999999
MOAB,2025-03-21T00:00:00Z,12.141,0.07006666666666667
MOAB,2025-03-22T00:00:00Z,13.7576,0.07123333333333333
MOAB,2025-03-23T00:00:00Z,17.02,0.07196666666666666
MOAB,2025-03-24T00:00:00Z,18.363,0.07156666666666667
MOAB,2025-03-25T00:00:00Z,20.7604,0.07143333333333333
MOAB,2025-03-26T00:00:00Z,22.801,0.0704
MOAB,2025-03-27T00:00:00Z,21.457,0.06615
MOAB,2025-03-28T00:00:00Z,21.8002,0.07744999999999999
MOAB,2025-03-29T00:00:00Z,14.7324,0.05625
MOAB,2025-03-30T00:00:00Z,17.9664,0.05605
MOAB,2025-03-31T00:00:00Z,13.5696,0.05265
NIWO,2025-03-01T00:00:00Z,-1.801,NA
NIWO,2025-03-02T00:00:00Z,-1.647,NA
NIWO,2025-03-03T00:00:00Z,-1.769,NA
NIWO,2025-03-04T00:00:00Z,-2.397,NA
NIWO,2025-03-05T00:00:00Z,-3.3346666666666667,NA
NIWO,2025-03-06T00:00:00Z,-3.331,NA
NIWO,2025-03-07T00:00:00Z,-2.9796666666666667,NA
NIWO,2025-03-08T00:00:00Z,-3.3133333333333335,NA
NIWO,2025-03-09T00:00:00Z,-3.1566666666666667,NA
NIWO,2025-03-10T00:00:00Z,-3.1853333333333333,NA
NIWO,2025-03-11T00:00:00Z,-2.906,NA
NIWO,2025-03-12T00:00:00Z,-3.051,NA
NIWO,2025-03-13T00:00:00Z,-1.829,NA
NIWO,2025-03-14T00:00:00Z,-1.911,NA
NIWO,2025-03-15T00:00:00Z,-4.021333333333334,NA
NIWO,2025-03-16T00:00:00Z,-4.741666666666666,NA
NIWO,2025-03-17T00:00:00Z,-4.154333333333334,NA
NIWO,2025-03-18T00:00:00Z,-3.574,NA
NIWO,2025-03-19T00:00:00Z,-3.6993333333333336,NA
NIWO,2025-03-20T00:00:00Z,-4.838333333333334,NA
NIWO,2025-03-21T00:00:00Z,-5.26,NA
NIWO,2025-03-22T00:00:00Z,-5.142,NA
NIWO,2025-03-23T00:00:00Z,-4.635,NA
NIWO,2025-03-24T00:00:00Z,-4.261666666666667,NA
NIWO,2025-03-25T00:00:00Z,-3.0523333333333333,NA
NIWO,2025-03-26T00:00:00Z,-1.4696666666666665,NA
NIWO,2025-03-27T00:00:00Z,-0.06300000000000001,NA
NIWO,2025-03-28T00:00:00Z,0.24233333333333332,NA
NIWO,2025-03-29T00:00:00Z,0.096,NA
NIWO,2025-03-30T00:00:00Z,-0.2783333333333333,NA
NIWO,2025-03-31T00:00:00Z,-0.35333333333333333,NA
NOGP,2025-03-01T00:00:00Z,0.332,NA
NOGP,2025-03-02T00:00:00Z,0.184,NA
NOGP,2025-03-03T00:00:00Z,3.565,0.1095
NOGP,2025-03-04T00:00:00Z,4.6015999999999995,0.1499
NOGP,2025-03-05T00:00:00Z,0.1068,NA
NOGP,2025-03-06T00:00:00Z,0.906,0.1088
NOGP,2025-03-07T00:00:00Z,1.5836,0.0843
NOGP,2025-03-08T00:00:00Z,3.4824,0.13
NOGP,2025-03-09T00:00:00Z,5.9578,0.1196
NOGP,2025-03-10T00:00:00Z,7.1204,0.13365
NOGP,2025-03-11T00:00:00Z,3.7494,0.13945
NOGP,2025-03-12T00:00:00Z,0.8371999999999999,0.12355
NOGP,2025-03-13T00:00:00Z,7.2514,0.13423333333333334
NOGP,2025-03-14T00:00:00Z,9.2254,0.1393
NOGP,2025-03-15T00:00:00Z,1.3284,0.1344
NOGP,2025-03-16T00:00:00Z,2.128,0.1124
NOGP,2025-03-17T00:00:00Z,2.6302000000000003,NA
NOGP,2025-03-18T00:00:00Z,5.9082,0.11685
NOGP,2025-03-19T00:00:00Z,1.4672,0.1188
NOGP,2025-03-20T00:00:00Z,5.7944,0.1165
NOGP,2025-03-21T00:00:00Z,8.62,0.1138
NOGP,2025-03-22T00:00:00Z,7.3344,0.1016
NOGP,2025-03-23T00:00:00Z,6.3562,NA
NOGP,2025-03-24T00:00:00Z,6.812,0.1039
NOGP,2025-03-25T00:00:00Z,4.949,0.10225
NOGP,2025-03-26T00:00:00Z,9.4986,0.10125
NOGP,2025-03-27T00:00:00Z,9.201,NA
NOGP,2025-03-28T00:00:00Z,11.2634,0.0899
NOGP,2025-03-29T00:00:00Z,3.1978,0.107
NOGP,2025-03-30T00:00:00Z,2.0994,0.1047
NOGP,2025-03-31T00:00:00Z,4.9742,0.0995
OAES,2025-03-01T00:00:00Z,15.123,0.193625
OAES,2025-03-02T00:00:00Z,14.11,0.190125
OAES,2025-03-03T00:00:00Z,10.3278,0.31402
OAES,2025-03-04T00:00:00Z,14.158,0.27125
OAES,2025-03-06T00:00:00Z,11.21,0.264375
OAES,2025-03-07T00:00:00Z,10.5,0.263025
OAES,2025-03-08T00:00:00Z,13.9686,0.254475
OAES,2025-03-09T00:00:00Z,6.4694,0.2883
OAES,2025-03-10T00:00:00Z,12.9776,0.284825
OAES,2025-03-11T00:00:00Z,14.4738,0.27085
OAES,2025-03-12T00:00:00Z,15.797,0.26278
OAES,2025-03-13T00:00:00Z,15.0724,0.25827500000000003
OAES,2025-03-14T00:00:00Z,16.3916,0.254425
OAES,2025-03-15T00:00:00Z,13.4812,0.242875
OAES,2025-03-16T00:00:00Z,12.1912,0.23885
OAES,2025-03-17T00:00:00Z,14.2484,0.23735
OAES,2025-03-18T00:00:00Z,17.046,0.2334
OAES,2025-03-19T00:00:00Z,18.3772,0.24143333333333333
OAES,2025-03-20T00:00:00Z,12.36,0.1901
OAES,2025-03-21T00:00:00Z,15.260333333333334,0.1844
OAES,2025-03-22T00:00:00Z,17.476333333333333,0.17985
OAES,2025-03-23T00:00:00Z,17.5006,0.17455
OAES,2025-03-24T00:00:00Z,15.747,0.204025
OAES,2025-03-25T00:00:00Z,17.551,0.1958
OAES,2025-03-26T00:00:00Z,20.2234,0.19832499999999997
OAES,2025-03-27T00:00:00Z,20.4902,NA
OAES,2025-03-28T00:00:00Z,20.7148,0.19383333333333333
OAES,2025-03-29T00:00:00Z,20.9742,0.19354
OAES,2025-03-30T00:00:00Z,21.697,0.1881
OAES,2025-03-31T00:00:00Z,17.2078,0.188625
ONAQ,2025-03-01T00:00:00Z,12.3846,0.14008
ONAQ,2025-03-02T00:00:00Z,12.663,0.13802
ONAQ,2025-03-03T00:00:00Z,12.7856,0.13582
ONAQ,2025-03-04T00:00:00Z,7.5764,0.122925
ONAQ,2025-03-05T00:00:00Z,10.6564,0.123125
ONAQ,2025-03-06T00:00:00Z,5.5106,0.1183
ONAQ,2025-03-07T00:00:00Z,3.9488,0.122025
ONAQ,2025-03-08T00:00:00Z,6.0624,0.138125
ONAQ,2025-03-09T00:00:00Z,9.9534,0.13885
ONAQ,2025-03-10T00:00:00Z,13.1652,0.1447
ONAQ,2025-03-11T00:00:00Z,14.3066,0.13785
ONAQ,2025-03-12T00:00:00Z,11.979,0.1397
ONAQ,2025-03-13T00:00:00Z,10.1338,0.143
ONAQ,2025-03-14T00:00:00Z,4.8814,0.124325
ONAQ,2025-03-15T00:00:00Z,7.3182,0.1273
ONAQ,2025-03-16T00:00:00Z,8.2792,0.13191999999999998
ONAQ,2025-03-17T00:00:00Z,12.6206,0.14453333333333335
ONAQ,2025-03-18T00:00:00Z,13.974,0.136475
ONAQ,2025-03-19T00:00:00Z,3.306,0.1325
ONAQ,2025-03-20T00:00:00Z,9.6398,0.13494
ONAQ,2025-03-21T00:00:00Z,10.7956,0.13696
ONAQ,2025-03-22T00:00:00Z,11.1302,0.129875
ONAQ,2025-03-23T00:00:00Z,11.5596,0.13808
ONAQ,2025-03-24T00:00:00Z,16.287,0.14156
ONAQ,2025-03-25T00:00:00Z,16.7214,0.14032
ONAQ,2025-03-26T00:00:00Z,20.8188,0.14054
ONAQ,2025-03-27T00:00:00Z,22.2412,0.13774
ONAQ,2025-03-28T00:00:00Z,17.8386,0.12964
ONAQ,2025-03-29T00:00:00Z,15.899,0.12293333333333333
ONAQ,2025-03-30T00:00:00Z,8.2192,0.11712
ONAQ,2025-03-31T00:00:00Z,14.6036,0.1284
OSBS,2025-03-01T00:00:00Z,18.856,0.035375
OSBS,2025-03-02T00:00:00Z,19.7822,0.03245
OSBS,2025-03-03T00:00:00Z,17.8852,0.03279999999999999
OSBS,2025-03-04T00:00:00Z,18.6616,0.02946666666666666
OSBS,2025-03-05T00:00:00Z,20.272,0.02615
OSBS,2025-03-06T00:00:00Z,19.5618,0.025025
OSBS,2025-03-07T00:00:00Z,17.9004,0.02516666666666666
OSBS,2025-03-08T00:00:00Z,19.4486,0.02386666666666666
OSBS,2025-03-09T00:00:00Z,18.5598,0.02766666666666666
OSBS,2025-03-10T00:00:00Z,20.8126,0.03243333333333333
OSBS,2025-03-11T00:00:00Z,19.0356,0.053
OSBS,2025-03-12T00:00:00Z,19.4402,0.0452
OSBS,2025-03-13T00:00:00Z,20.5522,0.04026666666666666
OSBS,2025-03-14T00:00:00Z,20.9526,0.03603333333333333
OSBS,2025-03-15T00:00:00Z,22.0558,0.0342
OSBS,2025-03-16T00:00:00Z,23.9096,0.028775
OSBS,2025-03-17T00:00:00Z,21.2126,0.07
OSBS,2025-03-18T00:00:00Z,18.2248,0.047725
OSBS,2025-03-19T00:00:00Z,19.6162,0.041525
OSBS,2025-03-20T00:00:00Z,21.1686,0.03823333333333333
OSBS,2025-03-21T00:00:00Z,19.4052,0.03345
OSBS,2025-03-22T00:00:00Z,18.2948,0.03216666666666666
OSBS,2025-03-23T00:00:00Z,19.584,0.02903333333333333
OSBS,2025-03-24T00:00:00Z,21.6056,0.0296
OSBS,2025-03-25T00:00:00Z,21.4726,0.02385
OSBS,2025-03-26T00:00:00Z,24.0666,0.0218
OSBS,2025-03-27T00:00:00Z,24.1394,0.02305
OSBS,2025-03-28T00:00:00Z,23.1874,0.0193
OSBS,2025-03-29T00:00:00Z,23.6448,0.01979999999999999
OSBS,2025-03-30T00:00:00Z,23.9862,0.02024999999999999
OSBS,2025-03-31T00:00:00Z,21.3462,0.0683
SCBI,2025-03-01T00:00:00Z,6.558,0.23926666666666668
SCBI,2025-03-02T00:00:00Z,4.9182,0.3309
SCBI,2025-03-03T00:00:00Z,2.989,0.2205
SCBI,2025-03-04T00:00:00Z,3.9546,0.3132
SCBI,2025-03-05T00:00:00Z,7.0628,0.2207
SCBI,2025-03-06T00:00:00Z,9.0462,0.2735666666666666
SCBI,2025-03-07T00:00:00Z,4.2982,0.2626
SCBI,2025-03-08T00:00:00Z,6.8382000000000005,0.3056
SCBI,2025-03-09T00:00:00Z,5.6044,0.30584999999999996
SCBI,2025-03-10T00:00:00Z,7.0656,0.3459
SCBI,2025-03-11T00:00:00Z,8.545,0.2535
SCBI,2025-03-12T00:00:00Z,10.5228,0.25253333333333333
SCBI,2025-03-13T00:00:00Z,10.6198,0.30225
SCBI,2025-03-14T00:00:00Z,9.0222,0.29835
SCBI,2025-03-15T00:00:00Z,9.1,0.2438
SCBI,2025-03-16T00:00:00Z,9.705,0.241
SCBI,2025-03-17T00:00:00Z,12.965,0.27096666666666663
SCBI,2025-03-18T00:00:00Z,8.0558,0.2623
SCBI,2025-03-19T00:00:00Z,10.5112,0.26203333333333334
SCBI,2025-03-20T00:00:00Z,11.9718,0.3022
SCBI,2025-03-21T00:00:00Z,9.9782,0.30910000000000004
SCBI,2025-03-22T00:00:00Z,9.0896,0.25936666666666663
SCBI,2025-03-23T00:00:00Z,10.0448,0.26080000000000003
SCBI,2025-03-24T00:00:00Z,9.7216,0.29500000000000004
SCBI,2025-03-25T00:00:00Z,10.5168,0.25570000000000004
SCBI,2025-03-26T00:00:00Z,9.5354,0.25395
SCBI,2025-03-27T00:00:00Z,8.328,0.2496
SCBI,2025-03-28T00:00:00Z,9.4672,0.251
SCBI,2025-03-29T00:00:00Z,10.988,0.2012
SCBI,2025-03-30T00:00:00Z,14.106,0.25343333333333334
SCBI,2025-03-31T00:00:00Z,14.8206,0.25436666666666663
SERC,2025-03-01T00:00:00Z,6.2708,0.15545
SERC,2025-03-02T00:00:00Z,6.151,0.15425
SERC,2025-03-03T00:00:00Z,2.8074,0.1615
SERC,2025-03-04T00:00:00Z,3.1832000000000003,0.1607
SERC,2025-03-05T00:00:00Z,6.64,0.1606
SERC,2025-03-06T00:00:00Z,8.738,0.1984
SERC,2025-03-07T00:00:00Z,5.5118,0.1794
SERC,2025-03-08T00:00:00Z,6.4792000000000005,0.1544
SERC,2025-03-09T00:00:00Z,6.1692,0.1723
SERC,2025-03-10T00:00:00Z,7.1838,NA
SERC,2025-03-11T00:00:00Z,7.971,0.1727
SERC,2025-03-12T00:00:00Z,8.6788,0.1762
SERC,2025-03-13T00:00:00Z,8.5004,0.1768
SERC,2025-03-14T00:00:00Z,7.721,NA
SERC,2025-03-15T00:00:00Z,7.4132,0.1749
SERC,2025-03-16T00:00:00Z,8.7514,0.1596
SERC,2025-03-17T00:00:00Z,10.6616,NA
SERC,2025-03-18T00:00:00Z,9.1914,0.1994
SERC,2025-03-19T00:00:00Z,9.2088,0.1941
SERC,2025-03-20T00:00:00Z,10.3786,0.1911
SERC,2025-03-21T00:00:00Z,10.9826,0.238
SERC,2025-03-22T00:00:00Z,9.0478,0.1989
SERC,2025-03-23T00:00:00Z,10.7446,0.1952
SERC,2025-03-24T00:00:00Z,9.0882,NA
SERC,2025-03-25T00:00:00Z,9.6976,0.2166
SERC,2025-03-26T00:00:00Z,10.4432,0.18215
SERC,2025-03-28T00:00:00Z,8.976799999999999,0.1951
SERC,2025-03-29T00:00:00Z,11.416,0.1967
SERC,2025-03-30T00:00:00Z,14.3606,0.18145
SERC,2025-03-31T00:00:00Z,14.463,0.1841
SJER,2025-03-01T00:00:00Z,19.6162,0.04375
SJER,2025-03-02T00:00:00Z,20.4812,0.041225
SJER,2025-03-03T00:00:00Z,12.6286,0.07212
SJER,2025-03-04T00:00:00Z,16.1252,0.0853
SJER,2025-03-05T00:00:00Z,17.712799999999998,0.08215
SJER,2025-03-06T00:00:00Z,11.7346,0.1105
SJER,2025-03-07T00:00:00Z,11.5816,0.11718
SJER,2025-03-08T00:00:00Z,16.5108,0.09806
SJER,2025-03-09T00:00:00Z,18.1168,0.094275
SJER,2025-03-10T00:00:00Z,19.6008,0.08186
SJER,2025-03-11T00:00:00Z,18.7668,0.07965
SJER,2025-03-12T00:00:00Z,17.7544,0.07216
SJER,2025-03-13T00:00:00Z,14.6396,0.08
SJER,2025-03-14T00:00:00Z,10.182,NA
SJER,2025-03-15T00:00:00Z,11.015,0.127575
SJER,2025-03-16T00:00:00Z,16.18325,0.11065
SJER,2025-03-17T00:00:00Z,16.101,0.08943333333333334
SJER,2025-03-18T00:00:00Z,12.48525,0.135
SJER,2025-03-19T00:00:00Z,16.3116,0.112725
SJER,2025-03-20T00:00:00Z,16.0732,0.1045
SJER,2025-03-21T00:00:00Z,18.4342,0.0979
SJER,2025-03-22T00:00:00Z,18.6606,0.08385
SJER,2025-03-23T00:00:00Z,16.7336,0.088175
SJER,2025-03-24T00:00:00Z,20.646,0.08448
SJER,2025-03-25T00:00:00Z,23.278,0.08
SJER,2025-03-26T00:00:00Z,24.662,0.07339999999999999
SJER,2025-03-27T00:00:00Z,23.6206,0.0697
SJER,2025-03-28T00:00:00Z,20.9554,0.0669
SJER,2025-03-29T00:00:00Z,19.5798,0.06392
SJER,2025-03-30T00:00:00Z,19.4386,0.06186
SJER,2025-03-31T00:00:00Z,19.7486,0.06164
SOAP,2025-03-01T00:00:00Z,11.3578,0.1814
SOAP,2025-03-02T00:00:00Z,11.0978,0.18573333333333333
SOAP,2025-03-03T00:00:00Z,6.4914,0.22686666666666663
SOAP,2025-03-04T00:00:00Z,6.073,0.2309
SOAP,2025-03-05T00:00:00Z,8.1336,0.22485
SOAP,2025-03-06T00:00:00Z,5.9216,0.257
SOAP,2025-03-07T00:00:00Z,4.3926,0.2366
SOAP,2025-03-08T00:00:00Z,5.444,0.24885
SOAP,2025-03-09T00:00:00Z,7.2508,0.20545
SOAP,2025-03-10T00:00:00Z,8.4556,0.2403
SOAP,2025-03-11T00:00:00Z,9.392,0.2163
SOAP,2025-03-12T00:00:00Z,8.9754,0.20425
SOAP,2025-03-13T00:00:00Z,7.9864,0.233
SOAP,2025-03-14T00:00:00Z,4.361,0.23165
SOAP,2025-03-15T00:00:00Z,3.9388,0.22805
SOAP,2025-03-16T00:00:00Z,3.8474,0.2247
SOAP,2025-03-17T00:00:00Z,4.4190000000000005,0.24825
SOAP,2025-03-18T00:00:00Z,3.395,0.23346666666666663
SOAP,2025-03-19T00:00:00Z,5.2926,0.24515
SOAP,2025-03-20T00:00:00Z,8.167,0.22093333333333331
SOAP,2025-03-21T00:00:00Z,6.784,NA
SOAP,2025-03-22T00:00:00Z,10.2788,0.202225
SOAP,2025-03-23T00:00:00Z,9.755,0.20163333333333333
SOAP,2025-03-24T00:00:00Z,12.0066,0.198175
SOAP,2025-03-25T00:00:00Z,13.3866,0.19745
SOAP,2025-03-26T00:00:00Z,13.9602,0.18715
SOAP,2025-03-27T00:00:00Z,14.1984,0.1754
SOAP,2025-03-28T00:00:00Z,13.0282,0.191625
SOAP,2025-03-29T00:00:00Z,11.032,0.1896
SOAP,2025-03-30T00:00:00Z,10.5692,0.1844
SOAP,2025-03-31T00:00:00Z,10.3896,0.2173
SRER,2025-03-01T00:00:00Z,28.8594,0.055125
SRER,2025-03-02T00:00:00Z,25.8568,0.053
SRER,2025-03-03T00:00:00Z,28.6706,0.05215
SRER,2025-03-04T00:00:00Z,23.1232,0.04899999999999999
SRER,2025-03-05T00:00:00Z,26.3312,0.04865
SRER,2025-03-06T00:00:00Z,26.9228,0.0496
SRER,2025-03-07T00:00:00Z,23.9716,0.04615
SRER,2025-03-08T00:00:00Z,16.496,0.0427
SRER,2025-03-09T00:00:00Z,24.7216,0.052775
SRER,2025-03-10T00:00:00Z,28.1996,0.054175
SRER,2025-03-11T00:00:00Z,29.8448,0.053825
SRER,2025-03-12T00:00:00Z,27.1016,0.050525
SRER,2025-03-13T00:00:00Z,29.3038,0.049325
SRER,2025-03-15T00:00:00Z,15.3604,0.05555
SRER,2025-03-16T00:00:00Z,23.4256,0.0586
SRER,2025-03-17T00:00:00Z,28.4662,0.062025
SRER,2025-03-18T00:00:00Z,28.4522,0.06139999999999999
SRER,2025-03-19T00:00:00Z,26.9942,0.058075
SRER,2025-03-20T00:00:00Z,29.0054,0.056125
SRER,2025-03-21T00:00:00Z,31.193,0.055025
SRER,2025-03-22T00:00:00Z,32.3636,0.0528
SRER,2025-03-23T00:00:00Z,33.9128,0.0506
SRER,2025-03-24T00:00:00Z,34.1298,0.04745
SRER,2025-03-25T00:00:00Z,36.635,0.046575
SRER,2025-03-26T00:00:00Z,38.9398,0.04514999999999999
SRER,2025-03-27T00:00:00Z,36.00033333333333,0.0488
SRER,2025-03-28T00:00:00Z,36.6894,0.0409
SRER,2025-03-29T00:00:00Z,33.870599999999996,0.039075
SRER,2025-03-30T00:00:00Z,31.3232,0.037575
SRER,2025-03-31T00:00:00Z,32.725,0.0371
STEI,2025-03-01T00:00:00Z,-0.0408,NA
STEI,2025-03-02T00:00:00Z,-0.365,NA
STEI,2025-03-03T00:00:00Z,-0.3984,NA
STEI,2025-03-04T00:00:00Z,-0.1518,NA
STEI,2025-03-05T00:00:00Z,-0.047,NA
STEI,2025-03-06T00:00:00Z,-0.0374,NA
STEI,2025-03-07T00:00:00Z,-0.0358,NA
STEI,2025-03-08T00:00:00Z,-0.05760000000000001,NA
STEI,2025-03-09T00:00:00Z,-0.0912,NA
STEI,2025-03-10T00:00:00Z,-0.0516,NA
STEI,2025-03-11T00:00:00Z,-0.0148,NA
STEI,2025-03-12T00:00:00Z,-0.0158,NA
STEI,2025-03-13T00:00:00Z,0.00379999999999999,NA
STEI,2025-03-14T00:00:00Z,0.0924,0.1831
STEI,2025-03-15T00:00:00Z,1.1772,NA
STEI,2025-03-16T00:00:00Z,0.2892,0.3584
STEI,2025-03-17T00:00:00Z,-0.0284,NA
STEI,2025-03-18T00:00:00Z,0.9296,NA
STEI,2025-03-20T00:00:00Z,-0.12674999999999997,NA
STEI,2025-03-21T00:00:00Z,0.1525,NA
STEI,2025-03-22T00:00:00Z,0.725,NA
STEI,2025-03-23T00:00:00Z,0.04039999999999999,NA
STEI,2025-03-24T00:00:00Z,-0.0416,NA
STEI,2025-03-25T00:00:00Z,-0.05460000000000001,NA
STEI,2025-03-26T00:00:00Z,-0.0468,NA
STEI,2025-03-27T00:00:00Z,0.0508,NA
STEI,2025-03-28T00:00:00Z,0.742,NA
STEI,2025-03-29T00:00:00Z,0.2432,NA
STEI,2025-03-30T00:00:00Z,0.01739999999999999,NA
STEI,2025-03-31T00:00:00Z,0.0194,NA
STER,2025-03-01T00:00:00Z,9.858,0.22815
STER,2025-03-02T00:00:00Z,11.4862,0.228625
STER,2025-03-03T00:00:00Z,12.3564,0.20903333333333335
STER,2025-03-04T00:00:00Z,12.3352,0.20856666666666668
STER,2025-03-05T00:00:00Z,3.281,0.2165
STER,2025-03-06T00:00:00Z,7.3526,0.23724
STER,2025-03-07T00:00:00Z,8.9824,0.2374
STER,2025-03-08T00:00:00Z,4.6606,0.2278
STER,2025-03-09T00:00:00Z,8.7692,0.20596666666666663
STER,2025-03-10T00:00:00Z,15.0444,0.2534666666666667
STER,2025-03-11T00:00:00Z,19.7944,0.21086666666666667
STER,2025-03-12T00:00:00Z,18.0298,0.2274
STER,2025-03-13T00:00:00Z,14.5655,0.22945
STER,2025-03-14T00:00:00Z,14.42,0.228625
STER,2025-03-15T00:00:00Z,5.7874,0.236075
STER,2025-03-16T00:00:00Z,9.2132,0.229675
STER,2025-03-17T00:00:00Z,15.311,0.230375
STER,2025-03-18T00:00:00Z,13.721,0.231475
STER,2025-03-19T00:00:00Z,11.64175,0.2286
STER,2025-03-20T00:00:00Z,7.1587499999999995,0.220975
STER,2025-03-21T00:00:00Z,8.589,0.22263333333333335
STER,2025-03-22T00:00:00Z,10.6235,0.221075
STER,2025-03-23T00:00:00Z,10.97325,0.2119333333333333
STER,2025-03-24T00:00:00Z,10.98925,0.20016666666666663
STER,2025-03-25T00:00:00Z,14.21575,0.220475
STER,2025-03-26T00:00:00Z,15.17925,0.20326666666666665
STER,2025-03-28T00:00:00Z,19.85775,0.21406666666666668
STER,2025-03-29T00:00:00Z,16.9785,0.22163333333333332
STER,2025-03-30T00:00:00Z,9.0195,0.24424
STER,2025-03-31T00:00:00Z,9.23475,0.25027499999999997
TALL,2025-03-01T00:00:00Z,14.3156,0.0407
TALL,2025-03-02T00:00:00Z,13.9076,0.0392
TALL,2025-03-03T00:00:00Z,11.0434,0.038
TALL,2025-03-04T00:00:00Z,12.9044,0.0365
TALL,2025-03-08T00:00:00Z,14.0672,0.0701
TALL,2025-03-09T00:00:00Z,15.155,0.067
TALL,2025-03-10T00:00:00Z,12.5296,0.0914
TALL,2025-03-11T00:00:00Z,13.9504,0.0889
TALL,2025-03-12T00:00:00Z,15.264,0.07919999999999999
TALL,2025-03-13T00:00:00Z,16.0656,0.0922
TALL,2025-03-14T00:00:00Z,17.9738,0.0698
TALL,2025-03-15T00:00:00Z,18.938,NA
TALL,2025-03-16T00:00:00Z,18.2952,0.1329
TALL,2025-03-17T00:00:00Z,14.9398,0.08645
TALL,2025-03-18T00:00:00Z,14.2324,0.0772
TALL,2025-03-19T00:00:00Z,16.860400000000002,0.0549
TALL,2025-03-20T00:00:00Z,18.196,0.0698
TALL,2025-03-21T00:00:00Z,10.9268,0.07114999999999999
TALL,2025-03-22T00:00:00Z,13.3204,0.0687
TALL,2025-03-23T00:00:00Z,15.9148,0.065
TALL,2025-03-24T00:00:00Z,17.8672,NA
TALL,2025-03-25T00:00:00Z,15.703,0.096
TALL,2025-03-26T00:00:00Z,18.1466,0.0653
TALL,2025-03-27T00:00:00Z,16.520666666666667,NA
TALL,2025-03-28T00:00:00Z,18.7388,0.0867
TALL,2025-03-29T00:00:00Z,19.687,0.06675
TALL,2025-03-30T00:00:00Z,18.381,0.0708
TALL,2025-03-31T00:00:00Z,19.0828,0.0969
TEAK,2025-03-01T00:00:00Z,2.49,0.164075
TEAK,2025-03-02T00:00:00Z,3.1038,0.166525
TEAK,2025-03-03T00:00:00Z,0.8726,0.1265
TEAK,2025-03-04T00:00:00Z,0.8119999999999999,0.12283333333333334
TEAK,2025-03-05T00:00:00Z,0.9234,0.1625
TEAK,2025-03-06T00:00:00Z,0.76,0.1561
TEAK,2025-03-07T00:00:00Z,0.779,0.15306666666666666
TEAK,2025-03-08T00:00:00Z,0.771,0.1504666666666667
TEAK,2025-03-09T00:00:00Z,0.7412,0.15186666666666665
TEAK,2025-03-10T00:00:00Z,0.8486,0.15583333333333332
TEAK,2025-03-11T00:00:00Z,1.0372,0.15816666666666668
TEAK,2025-03-12T00:00:00Z,1.1916,0.1567666666666667
TEAK,2025-03-13T00:00:00Z,0.8493999999999999,0.12195
TEAK,2025-03-14T00:00:00Z,0.8674999999999999,NA
TEAK,2025-03-15T00:00:00Z,0.7804,0.1497
TEAK,2025-03-16T00:00:00Z,0.7892,0.14813333333333334
TEAK,2025-03-18T00:00:00Z,0.7878000000000001,0.11715
TEAK,2025-03-19T00:00:00Z,0.788,0.11916666666666668
TEAK,2025-03-20T00:00:00Z,0.784,0.11946666666666668
TEAK,2025-03-21T00:00:00Z,0.7804,0.1208
TEAK,2025-03-22T00:00:00Z,0.7697999999999999,0.1657
TEAK,2025-03-23T00:00:00Z,0.7554,0.1310333333333333
TEAK,2025-03-24T00:00:00Z,0.7372,0.160925
TEAK,2025-03-25T00:00:00Z,0.7508,0.166875
TEAK,2025-03-26T00:00:00Z,1.6978,0.16173333333333334
TEAK,2025-03-27T00:00:00Z,2.4752,0.14823333333333333
TEAK,2025-03-28T00:00:00Z,2.275,0.16083333333333333
TEAK,2025-03-29T00:00:00Z,1.6624,0.13535
TEAK,2025-03-30T00:00:00Z,1.9264,0.16599999999999998
TEAK,2025-03-31T00:00:00Z,1.742,0.1609
TOOL,2025-03-01T00:00:00Z,-3.1037999999999997,NA
TOOL,2025-03-02T00:00:00Z,-3.1264000000000003,NA
TOOL,2025-03-03T00:00:00Z,-3.06,NA
TOOL,2025-03-04T00:00:00Z,-2.9216,NA
TOOL,2025-03-05T00:00:00Z,-2.6974,NA
TOOL,2025-03-06T00:00:00Z,-2.4968,NA
TOOL,2025-03-07T00:00:00Z,-2.3036,NA
TOOL,2025-03-08T00:00:00Z,-2.2088,NA
TOOL,2025-03-09T00:00:00Z,-2.2842,NA
TOOL,2025-03-10T00:00:00Z,-2.609,NA
TOOL,2025-03-11T00:00:00Z,-2.4858,NA
TOOL,2025-03-12T00:00:00Z,-2.6218,NA
TOOL,2025-03-13T00:00:00Z,-2.8171999999999997,NA
TOOL,2025-03-14T00:00:00Z,-3.075,NA
TOOL,2025-03-15T00:00:00Z,-3.3636,NA
TOOL,2025-03-16T00:00:00Z,-3.425,NA
TOOL,2025-03-17T00:00:00Z,-3.4974000000000003,NA
TOOL,2025-03-18T00:00:00Z,-3.7112,NA
TOOL,2025-03-19T00:00:00Z,-3.9972,NA
TOOL,2025-03-20T00:00:00Z,-4.2158,NA
TOOL,2025-03-21T00:00:00Z,-4.1334,NA
TOOL,2025-03-22T00:00:00Z,-3.9666,NA
TOOL,2025-03-23T00:00:00Z,-3.8098,NA
TOOL,2025-03-24T00:00:00Z,-3.7324,NA
TOOL,2025-03-25T00:00:00Z,-3.7302,NA
TOOL,2025-03-26T00:00:00Z,-3.7584,NA
TOOL,2025-03-27T00:00:00Z,-3.7878,NA
TOOL,2025-03-28T00:00:00Z,-3.8294,NA
TOOL,2025-03-29T00:00:00Z,-3.9462,NA
TOOL,2025-03-30T00:00:00Z,-4.0804,NA
TOOL,2025-03-31T00:00:00Z,-4.0962,NA
TREE,2025-03-01T00:00:00Z,-0.0766,NA
TREE,2025-03-02T00:00:00Z,-0.9344,NA
TREE,2025-03-03T00:00:00Z,-0.714,NA
TREE,2025-03-04T00:00:00Z,-0.13699999999999998,NA
TREE,2025-03-05T00:00:00Z,0.06760000000000001,0.1115
TREE,2025-03-06T00:00:00Z,3.99999999999999e-4,0.1193
TREE,2025-03-07T00:00:00Z,0.0018,0.1027
TREE,2025-03-08T00:00:00Z,-0.041,NA
TREE,2025-03-09T00:00:00Z,-0.1084,NA
TREE,2025-03-10T00:00:00Z,-0.007,NA
TREE,2025-03-11T00:00:00Z,0.3906,NA
TREE,2025-03-12T00:00:00Z,0.1264,0.14585
TREE,2025-03-14T00:00:00Z,0.8293333333333334,NA
TREE,2025-03-15T00:00:00Z,2.1,0.2032
TREE,2025-03-16T00:00:00Z,0.451,0.261
TREE,2025-03-17T00:00:00Z,0.01479999999999999,0.245
TREE,2025-03-18T00:00:00Z,1.2838,0.2161
TREE,2025-03-19T00:00:00Z,0.8668,0.2199
TREE,2025-03-20T00:00:00Z,-0.0374,0.2122
TREE,2025-03-21T00:00:00Z,0.3788,NA
TREE,2025-03-22T00:00:00Z,0.8896,0.2545
TREE,2025-03-23T00:00:00Z,0.1298,0.2093
TREE,2025-03-24T00:00:00Z,0.0118,0.2012
TREE,2025-03-25T00:00:00Z,-0.03219999999999999,0.2009
TREE,2025-03-26T00:00:00Z,0.0562,0.1953
TREE,2025-03-27T00:00:00Z,0.3336,0.2691
TREE,2025-03-28T00:00:00Z,1.3536,NA
TREE,2025-03-29T00:00:00Z,0.337,NA
TREE,2025-03-30T00:00:00Z,0.053,0.1806
TREE,2025-03-31T00:00:00Z,0.0332,0.1923
UKFS,2025-03-01T00:00:00Z,9.947333333333331,0.1248
UKFS,2025-03-02T00:00:00Z,6.441666666666666,0.1751
UKFS,2025-03-03T00:00:00Z,17.387,0.08795
UKFS,2025-03-04T00:00:00Z,9.145333333333332,0.1507666666666667
UKFS,2025-03-05T00:00:00Z,8.676666666666666,0.18836666666666668
UKFS,2025-03-06T00:00:00Z,4.8870000000000005,0.17203333333333334
UKFS,2025-03-07T00:00:00Z,6.219,0.184625
UKFS,2025-03-08T00:00:00Z,7.257666666666666,0.1547
UKFS,2025-03-09T00:00:00Z,8.065333333333333,0.0208
UKFS,2025-03-10T00:00:00Z,10.056666666666668,0.1808
UKFS,2025-03-11T00:00:00Z,12.799333333333331,0.17915
UKFS,2025-03-12T00:00:00Z,13.005666666666666,0.179125
UKFS,2025-03-13T00:00:00Z,14.145666666666669,0.1605
UKFS,2025-03-14T00:00:00Z,16.614,NA
UKFS,2025-03-15T00:00:00Z,12.984333333333334,0.17565
UKFS,2025-03-16T00:00:00Z,7.862666666666667,0.15105
UKFS,2025-03-17T00:00:00Z,9.711,0.14964999999999998
UKFS,2025-03-18T00:00:00Z,13.728333333333332,0.15105000000000002
UKFS,2025-03-19T00:00:00Z,14.693666666666669,0.15016666666666667
UKFS,2025-03-20T00:00:00Z,6.5296666666666665,0.1471
UKFS,2025-03-21T00:00:00Z,9.390333333333333,0.1469
UKFS,2025-03-22T00:00:00Z,11.519,0.17076666666666668
UKFS,2025-03-23T00:00:00Z,11.583,0.14326666666666665
UKFS,2025-03-24T00:00:00Z,12.124333333333333,0.20965
UKFS,2025-03-25T00:00:00Z,12.581,0.17036666666666667
UKFS,2025-03-26T00:00:00Z,13.439333333333334,0.1577
UKFS,2025-03-27T00:00:00Z,13.857,0.13790000000000002
UKFS,2025-03-28T00:00:00Z,16.475,0.15155
UKFS,2025-03-29T00:00:00Z,16.295666666666666,0.15185
UKFS,2025-03-30T00:00:00Z,17.602999999999998,0.13356666666666667
UKFS,2025-03-31T00:00:00Z,11.144,0.1536
UNDE,2025-03-01T00:00:00Z,0.1948,0.18145
UNDE,2025-03-02T00:00:00Z,0.2078,0.1846
UNDE,2025-03-03T00:00:00Z,0.1196,0.1852
UNDE,2025-03-04T00:00:00Z,0.1868,0.1841
UNDE,2025-03-05T00:00:00Z,0.238,0.1916
UNDE,2025-03-06T00:00:00Z,0.2614,0.19675
UNDE,2025-03-07T00:00:00Z,0.2822,0.19645
UNDE,2025-03-08T00:00:00Z,0.301,0.19645
UNDE,2025-03-09T00:00:00Z,0.3164,0.19635
UNDE,2025-03-10T00:00:00Z,0.334,0.1536
UNDE,2025-03-11T00:00:00Z,0.3388,0.1577
UNDE,2025-03-12T00:00:00Z,0.3552,0.20925
UNDE,2025-03-13T00:00:00Z,0.3794,0.20415
UNDE,2025-03-14T00:00:00Z,0.3882,0.1603
UNDE,2025-03-15T00:00:00Z,0.3694,0.1838
UNDE,2025-03-16T00:00:00Z,0.537,0.1909
UNDE,2025-03-17T00:00:00Z,0.1882,NA
UNDE,2025-03-18T00:00:00Z,0.5854,NA
UNDE,2025-03-19T00:00:00Z,0.519,0.2043
UNDE,2025-03-20T00:00:00Z,0.3548,NA
UNDE,2025-03-21T00:00:00Z,0.4726,0.2454
UNDE,2025-03-22T00:00:00Z,0.6602,0.2556
UNDE,2025-03-23T00:00:00Z,0.2348,0.2411
UNDE,2025-03-24T00:00:00Z,0.252,0.2369
UNDE,2025-03-25T00:00:00Z,0.2644,0.2366
UNDE,2025-03-27T00:00:00Z,0.4932,0.2426
UNDE,2025-03-28T00:00:00Z,0.9264,0.22896666666666668
UNDE,2025-03-29T00:00:00Z,0.43,0.2123
UNDE,2025-03-30T00:00:00Z,0.3884,0.2086
UNDE,2025-03-31T00:00:00Z,0.432,NA
WOOD,2025-03-01T00:00:00Z,-0.327,NA
WOOD,2025-03-02T00:00:00Z,-0.6526,NA
WOOD,2025-03-03T00:00:00Z,-0.079,NA
WOOD,2025-03-04T00:00:00Z,0.1724,NA
WOOD,2025-03-05T00:00:00Z,-0.732,NA
WOOD,2025-03-06T00:00:00Z,-0.3014,NA
WOOD,2025-03-07T00:00:00Z,-0.2096,NA
WOOD,2025-03-08T00:00:00Z,-0.00299999999999999,NA
WOOD,2025-03-09T00:00:00Z,0.3432,NA
WOOD,2025-03-10T00:00:00Z,0.9424,NA
WOOD,2025-03-11T00:00:00Z,-0.02299999999999999,NA
WOOD,2025-03-12T00:00:00Z,-0.172,NA
WOOD,2025-03-13T00:00:00Z,0.878,0.11575
WOOD,2025-03-14T00:00:00Z,1.341,0.1808
WOOD,2025-03-15T00:00:00Z,-0.0064,NA
WOOD,2025-03-16T00:00:00Z,-0.2808,NA
WOOD,2025-03-17T00:00:00Z,-0.1908,NA
WOOD,2025-03-18T00:00:00Z,0.1844,NA
WOOD,2025-03-19T00:00:00Z,-0.2358,NA
WOOD,2025-03-20T00:00:00Z,0.3084,NA
WOOD,2025-03-21T00:00:00Z,1.6226,0.1016
WOOD,2025-03-22T00:00:00Z,0.3692,NA
WOOD,2025-03-23T00:00:00Z,0.657,0.10005
WOOD,2025-03-24T00:00:00Z,0.0114,NA
WOOD,2025-03-25T00:00:00Z,1.104,0.113
WOOD,2025-03-26T00:00:00Z,1.6154,0.1382
WOOD,2025-03-28T00:00:00Z,2.2848,0.16725
WOOD,2025-03-29T00:00:00Z,-0.068,NA
WOOD,2025-03-30T00:00:00Z,-0.038,NA
WOOD,2025-03-31T00:00:00Z,0.2776,NA
WREF,2025-03-01T00:00:00Z,3.7124,0.142625
WREF,2025-03-02T00:00:00Z,4.7848,0.13595
WREF,2025-03-03T00:00:00Z,4.7662,0.147
WREF,2025-03-04T00:00:00Z,5.6442,0.132175
WREF,2025-03-05T00:00:00Z,5.263199999999999,0.13358
WREF,2025-03-06T00:00:00Z,5.2402,0.1358
WREF,2025-03-07T00:00:00Z,4.9422,0.11868
WREF,2025-03-08T00:00:00Z,4.9758,0.128825
WREF,2025-03-09T00:00:00Z,6.164,0.109
WREF,2025-03-10T00:00:00Z,6.3534,0.1317
WREF,2025-03-11T00:00:00Z,6.0648,0.134025
WREF,2025-03-12T00:00:00Z,5.5768,0.1372
WREF,2025-03-13T00:00:00Z,6.0792,0.16816666666666666
WREF,2025-03-14T00:00:00Z,3.6744,0.14583333333333334
WREF,2025-03-15T00:00:00Z,1.8572,0.15245
WREF,2025-03-16T00:00:00Z,1.3574,0.15202
WREF,2025-03-17T00:00:00Z,1.7822,0.13984
WREF,2025-03-18T00:00:00Z,2.9096,0.1468
WREF,2025-03-19T00:00:00Z,4.0032,0.141125
WREF,2025-03-20T00:00:00Z,4.4666,0.13275
WREF,2025-03-21T00:00:00Z,4.9146,0.166775
WREF,2025-03-22T00:00:00Z,4.9104,0.15078
WREF,2025-03-23T00:00:00Z,6.1826,0.142525
WREF,2025-03-24T00:00:00Z,6.5514,0.13946
WREF,2025-03-25T00:00:00Z,9.6446,0.1408
WREF,2025-03-26T00:00:00Z,11.0304,0.1354
WREF,2025-03-27T00:00:00Z,12.2716,0.11195
WREF,2025-03-28T00:00:00Z,8.637,0.13998
WREF,2025-03-29T00:00:00Z,7.6436,0.17873333333333333
WREF,2025-03-30T00:00:00Z,7.4754,0.141175
WREF,2025-03-31T00:00:00Z,7.208,0.1179
YELL,2025-03-01T00:00:00Z,-2.086,NA
YELL,2025-03-02T00:00:00Z,-2.1504,NA
YELL,2025-03-03T00:00:00Z,-2.2502,NA
YELL,2025-03-04T00:00:00Z,-2.1142,NA
YELL,2025-03-05T00:00:00Z,-1.639,NA
YELL,2025-03-06T00:00:00Z,-1.7694,NA
YELL,2025-03-07T00:00:00Z,-1.6968,NA
YELL,2025-03-08T00:00:00Z,-1.7934,NA
YELL,2025-03-09T00:00:00Z,-1.9896,NA
YELL,2025-03-10T00:00:00Z,-1.9034,NA
YELL,2025-03-11T00:00:00Z,-1.3994,NA
YELL,2025-03-12T00:00:00Z,-1.2996,NA
YELL,2025-03-13T00:00:00Z,-1.1654,NA
YELL,2025-03-14T00:00:00Z,-0.8026666666666668,0.0737
YELL,2025-03-15T00:00:00Z,-0.4062,NA
YELL,2025-03-16T00:00:00Z,-0.4306,NA
YELL,2025-03-17T00:00:00Z,-0.5082,NA
YELL,2025-03-18T00:00:00Z,-0.4468,NA
YELL,2025-03-19T00:00:00Z,-0.4738,NA
YELL,2025-03-20T00:00:00Z,-0.8084,NA
YELL,2025-03-21T00:00:00Z,-0.994,NA
YELL,2025-03-22T00:00:00Z,-0.9764,NA
YELL,2025-03-23T00:00:00Z,-0.8646,NA
YELL,2025-03-24T00:00:00Z,-1.004,NA
YELL,2025-03-25T00:00:00Z,-0.5266,NA
YELL,2025-03-26T00:00:00Z,-0.2404,NA
YELL,2025-03-27T00:00:00Z,-0.14759999999999998,NA
YELL,2025-03-28T00:00:00Z,-0.0126,NA
YELL,2025-03-29T00:00:00Z,0.0256,NA
YELL,2025-03-30T00:00:00Z,0.0316,NA
YELL,2025-03-31T00:00:00Z,0.0352,NA
