site_id,startDateTime,SOILT,VSWC
ABBY,2026-06-01T00:00:00Z,12.9764,0.05699999999999999
ABBY,2026-06-02T00:00:00Z,15.8596,0.0771
ABBY,2026-06-03T00:00:00Z,17.966,0.07064999999999999
ABBY,2026-06-04T00:00:00Z,14.558,0.0638
ABBY,2026-06-05T00:00:00Z,13.8612,0.06393333333333333
ABBY,2026-06-06T00:00:00Z,11.6182,0.0504
ABBY,2026-06-07T00:00:00Z,10.3042,0.06713333333333334
ABBY,2026-06-08T00:00:00Z,11.5376,0.08245
ABBY,2026-06-09T00:00:00Z,11.3588,0.07973333333333334
ABBY,2026-06-10T00:00:00Z,11.574,0.0995
ABBY,2026-06-11T00:00:00Z,11.9298,0.08353333333333333
ABBY,2026-06-12T00:00:00Z,14.0384,NA
ABBY,2026-06-13T00:00:00Z,15.1972,NA
ABBY,2026-06-14T00:00:00Z,17.3956,0.0654
ABBY,2026-06-15T00:00:00Z,19.0698,0.0628
ABBY,2026-06-16T00:00:00Z,19.8974,0.0604
ABBY,2026-06-17T00:00:00Z,17.0644,0.05715
ABBY,2026-06-18T00:00:00Z,15.6862,0.06976666666666667
ABBY,2026-06-19T00:00:00Z,17.6574,0.07125000000000001
ABBY,2026-06-20T00:00:00Z,18.497,0.0664
ABBY,2026-06-21T00:00:00Z,15.3132,0.0488
ABBY,2026-06-22T00:00:00Z,16.3818,0.06810000000000001
ABBY,2026-06-23T00:00:00Z,19.0278,0.06634999999999999
ABBY,2026-06-24T00:00:00Z,19.4614,0.0444
ABBY,2026-06-25T00:00:00Z,19.4852,0.05845
ABBY,2026-06-26T00:00:00Z,15.5662,0.0486
ABBY,2026-06-27T00:00:00Z,13.9524,0.0754
ABBY,2026-06-28T00:00:00Z,12.3668,0.08505
ABBY,2026-06-29T00:00:00Z,12.6754,0.0703
ABBY,2026-06-30T00:00:00Z,12.2104,0.0786
BARR,2026-06-01T00:00:00Z,-7.056,NA
BARR,2026-06-02T00:00:00Z,-6.73975,NA
BARR,2026-06-03T00:00:00Z,-6.59825,NA
BARR,2026-06-04T00:00:00Z,-6.095,NA
BARR,2026-06-05T00:00:00Z,-5.32925,NA
BARR,2026-06-06T00:00:00Z,-5.268,NA
BARR,2026-06-07T00:00:00Z,-5.1555,NA
BARR,2026-06-08T00:00:00Z,-5.04725,NA
BARR,2026-06-09T00:00:00Z,-5.005,NA
BARR,2026-06-10T00:00:00Z,-5.17375,NA
BARR,2026-06-11T00:00:00Z,-4.603,NA
BARR,2026-06-12T00:00:00Z,-2.16675,NA
BARR,2026-06-13T00:00:00Z,-0.42875,NA
BARR,2026-06-14T00:00:00Z,-0.4325,NA
BARR,2026-06-15T00:00:00Z,-0.394,NA
BARR,2026-06-16T00:00:00Z,-0.37025,NA
BARR,2026-06-17T00:00:00Z,-0.35525,NA
BARR,2026-06-18T00:00:00Z,-0.35,NA
BARR,2026-06-19T00:00:00Z,1.9912499999999995,NA
BARR,2026-06-26T00:00:00Z,4.49075,0.0628
BARR,2026-06-27T00:00:00Z,2.58775,0.0562
BARR,2026-06-28T00:00:00Z,6.16775,0.0461
BARR,2026-06-29T00:00:00Z,8.20575,0.0421
BARR,2026-06-30T00:00:00Z,10.07625,0.035
BART,2026-06-01T00:00:00Z,9.2398,0.33563333333333334
BART,2026-06-02T00:00:00Z,10,0.24736666666666668
BART,2026-06-03T00:00:00Z,11.0156,0.13374999999999998
BART,2026-06-04T00:00:00Z,13.079,0.11815
BART,2026-06-05T00:00:00Z,14.0314,0.10575
BART,2026-06-06T00:00:00Z,14.2806,0.09785
BART,2026-06-07T00:00:00Z,12.711,0.09525
BART,2026-06-08T00:00:00Z,12.7674,0.27690000000000003
BART,2026-06-09T00:00:00Z,13.6206,0.1914
BART,2026-06-10T00:00:00Z,14.7118,0.21244
BART,2026-06-11T00:00:00Z,15.225,0.2314
BART,2026-06-12T00:00:00Z,15.4148,NA
BART,2026-06-13T00:00:00Z,16.312,NA
BART,2026-06-14T00:00:00Z,16.0784,0.23932
BART,2026-06-15T00:00:00Z,15.9854,0.245775
BART,2026-06-16T00:00:00Z,14.5208,0.25896
BART,2026-06-17T00:00:00Z,14.5196,0.24086
BART,2026-06-18T00:00:00Z,14.224,0.2737
BART,2026-06-19T00:00:00Z,13.2844,0.2117
BART,2026-06-20T00:00:00Z,13.7222,0.24795
BART,2026-06-21T00:00:00Z,13.6586,0.214825
BART,2026-06-22T00:00:00Z,14.076,0.200925
BART,2026-06-23T00:00:00Z,13.8084,0.27195
BART,2026-06-24T00:00:00Z,14.6314,0.20366666666666663
BART,2026-06-25T00:00:00Z,14.9646,0.247875
BART,2026-06-26T00:00:00Z,15.2988,0.19203333333333333
BART,2026-06-27T00:00:00Z,14.6872,0.23993333333333333
BART,2026-06-28T00:00:00Z,15.6602,0.1894
BART,2026-06-29T00:00:00Z,16.1062,0.1911
BART,2026-06-30T00:00:00Z,16.3052,0.180375
BLAN,2026-06-01T00:00:00Z,16.9974,0.18416666666666667
BLAN,2026-06-02T00:00:00Z,17.2982,0.14365
BLAN,2026-06-03T00:00:00Z,17.002,0.2293
BLAN,2026-06-04T00:00:00Z,17.6656,0.15935
BLAN,2026-06-05T00:00:00Z,18.7304,0.1491
BLAN,2026-06-06T00:00:00Z,20.0446,0.17020000000000002
BLAN,2026-06-07T00:00:00Z,19.8364,0.1437
BLAN,2026-06-08T00:00:00Z,21.311,0.1135
BLAN,2026-06-09T00:00:00Z,20.1858,0.1241
BLAN,2026-06-10T00:00:00Z,20.3298,0.1278
BLAN,2026-06-11T00:00:00Z,21.5252,0.1296
BLAN,2026-06-12T00:00:00Z,22.1372,NA
BLAN,2026-06-13T00:00:00Z,22.5462,NA
BLAN,2026-06-14T00:00:00Z,22.0032,0.1537
BLAN,2026-06-15T00:00:00Z,22.2126,0.1132
BLAN,2026-06-16T00:00:00Z,19.282,0.13093333333333332
BLAN,2026-06-17T00:00:00Z,19.3932,0.12386666666666668
BLAN,2026-06-18T00:00:00Z,21.009,0.07744999999999999
BLAN,2026-06-19T00:00:00Z,20.1942,0.0722
BLAN,2026-06-20T00:00:00Z,20.2368,0.107875
BLAN,2026-06-21T00:00:00Z,20.8288,0.11233333333333334
BLAN,2026-06-22T00:00:00Z,20.8552,0.09973333333333333
BLAN,2026-06-23T00:00:00Z,20.4014,0.0752
BLAN,2026-06-24T00:00:00Z,19.1884,0.1636
BLAN,2026-06-25T00:00:00Z,19.5956,0.11805
BLAN,2026-06-26T00:00:00Z,21.0782,0.1017
BLAN,2026-06-27T00:00:00Z,21.4944,0.09405
BLAN,2026-06-28T00:00:00Z,21.136,0.09675
BLAN,2026-06-29T00:00:00Z,20.8916,0.10425
BLAN,2026-06-30T00:00:00Z,22.4156,0.0809
BONA,2026-06-01T00:00:00Z,8.952399999999999,NA
BONA,2026-06-02T00:00:00Z,15.0446,NA
BONA,2026-06-03T00:00:00Z,19.2356,NA
BONA,2026-06-04T00:00:00Z,22.54075,NA
BONA,2026-06-05T00:00:00Z,24.4384,NA
BONA,2026-06-06T00:00:00Z,22.7784,NA
BONA,2026-06-07T00:00:00Z,24.6074,NA
BONA,2026-06-08T00:00:00Z,19.2412,NA
BONA,2026-06-09T00:00:00Z,9.0034,NA
BONA,2026-06-10T00:00:00Z,18.4846,NA
BONA,2026-06-11T00:00:00Z,23.1342,NA
BONA,2026-06-12T00:00:00Z,24.6828,NA
BONA,2026-06-13T00:00:00Z,24.2102,NA
BONA,2026-06-14T00:00:00Z,26.1226,0
BONA,2026-06-15T00:00:00Z,24.3168,0
BONA,2026-06-16T00:00:00Z,24.1636,0
BONA,2026-06-17T00:00:00Z,17.6568,NA
BONA,2026-06-18T00:00:00Z,22.557,NA
BONA,2026-06-19T00:00:00Z,24.6892,0
BONA,2026-06-20T00:00:00Z,26.85975,NA
BONA,2026-06-21T00:00:00Z,26.991,0
BONA,2026-06-22T00:00:00Z,22.28,NA
BONA,2026-06-23T00:00:00Z,18.773,NA
BONA,2026-06-24T00:00:00Z,23.018,0
BONA,2026-06-25T00:00:00Z,22.4342,NA
BONA,2026-06-26T00:00:00Z,24.1752,0
BONA,2026-06-27T00:00:00Z,20.8122,NA
BONA,2026-06-28T00:00:00Z,27.2934,0
BONA,2026-06-29T00:00:00Z,13.842,NA
BONA,2026-06-30T00:00:00Z,15.1566,NA
CPER,2026-06-01T00:00:00Z,22.1964,0.16954
CPER,2026-06-02T00:00:00Z,21.565,0.1558
CPER,2026-06-03T00:00:00Z,22.466,0.14622000000000002
CPER,2026-06-04T00:00:00Z,21.3488,0.13334
CPER,2026-06-05T00:00:00Z,25.4568,0.12048
CPER,2026-06-06T00:00:00Z,29.7168,0.10718
CPER,2026-06-07T00:00:00Z,30.433,0.09134
CPER,2026-06-08T00:00:00Z,28.7544,0.07678
CPER,2026-06-09T00:00:00Z,25.588,0.0677
CPER,2026-06-10T00:00:00Z,28.955,0.06122
CPER,2026-06-11T00:00:00Z,29.2988,0.05304
CPER,2026-06-12T00:00:00Z,28.7894,NA
CPER,2026-06-13T00:00:00Z,31.8502,NA
CPER,2026-06-14T00:00:00Z,25.5658,0.03796
CPER,2026-06-15T00:00:00Z,23.774,0.03544
CPER,2026-06-16T00:00:00Z,28.4608,0.03414
CPER,2026-06-17T00:00:00Z,32.1614,0.03238
CPER,2026-06-18T00:00:00Z,32.9076,0.03052
CPER,2026-06-19T00:00:00Z,34.0476,0.02874
CPER,2026-06-20T00:00:00Z,31.5368,0.02696
CPER,2026-06-21T00:00:00Z,33.1066,0.028175
CPER,2026-06-22T00:00:00Z,32.0624,0.0257
CPER,2026-06-23T00:00:00Z,33.3438,0.0252
CPER,2026-06-24T00:00:00Z,30.9264,0.02595
CPER,2026-06-25T00:00:00Z,26.4664,0.0235
CPER,2026-06-26T00:00:00Z,26.1202,0.0327
CPER,2026-06-27T00:00:00Z,29.8608,0.0713
CPER,2026-06-28T00:00:00Z,32.7922,0.05848
CPER,2026-06-29T00:00:00Z,31.0908,0.04694
CPER,2026-06-30T00:00:00Z,32.1124,0.03848
DCFS,2026-06-01T00:00:00Z,17.0712,0.14725
DCFS,2026-06-02T00:00:00Z,19.9378,0.1421
DCFS,2026-06-03T00:00:00Z,19.1918,0.1108
DCFS,2026-06-04T00:00:00Z,18.4066,0.264825
DCFS,2026-06-05T00:00:00Z,19.2126,0.2354
DCFS,2026-06-06T00:00:00Z,19.1642,0.2348
DCFS,2026-06-07T00:00:00Z,20.4296,0.22285
DCFS,2026-06-08T00:00:00Z,21.2046,0.19165
DCFS,2026-06-09T00:00:00Z,19.5194,0.21353333333333332
DCFS,2026-06-10T00:00:00Z,20.9662,0.198875
DCFS,2026-06-11T00:00:00Z,17.208199999999998,0.25273333333333337
DCFS,2026-06-12T00:00:00Z,15.5156,NA
DCFS,2026-06-13T00:00:00Z,16.9878,NA
DCFS,2026-06-14T00:00:00Z,14.4926,0.20715
DCFS,2026-06-15T00:00:00Z,16.6794,0.1908
DCFS,2026-06-16T00:00:00Z,14.622,0.19575
DCFS,2026-06-17T00:00:00Z,15.873,0.1935
DCFS,2026-06-18T00:00:00Z,15.2546,0.2287
DCFS,2026-06-19T00:00:00Z,17.041,0.17573333333333332
DCFS,2026-06-20T00:00:00Z,16.4574,0.17095
DCFS,2026-06-21T00:00:00Z,17.865399999999998,0.1648
DCFS,2026-06-22T00:00:00Z,17.911,0.148875
DCFS,2026-06-23T00:00:00Z,17.78,0.13306666666666667
DCFS,2026-06-24T00:00:00Z,17.7416,0.2333
DCFS,2026-06-25T00:00:00Z,16.6736,0.22103333333333333
DCFS,2026-06-26T00:00:00Z,18.6512,0.2111
DCFS,2026-06-27T00:00:00Z,16.430600000000002,0.1903
DCFS,2026-06-28T00:00:00Z,18.1924,0.189975
DCFS,2026-06-29T00:00:00Z,20.5326,0.27403333333333335
DCFS,2026-06-30T00:00:00Z,20.0224,0.25287499999999996
DEJU,2026-06-01T00:00:00Z,10.6242,0.1337
DEJU,2026-06-02T00:00:00Z,10.6976,NA
DEJU,2026-06-03T00:00:00Z,13.1764,0.1157
DEJU,2026-06-04T00:00:00Z,14.5608,0.0588
DEJU,2026-06-05T00:00:00Z,14.411,0.07216666666666667
DEJU,2026-06-06T00:00:00Z,14.0106,0.1117
DEJU,2026-06-07T00:00:00Z,11.4192,0.05595
DEJU,2026-06-08T00:00:00Z,13.2282,0.06926666666666667
DEJU,2026-06-09T00:00:00Z,13.8096,NA
DEJU,2026-06-10T00:00:00Z,9.2328,0.06846666666666666
DEJU,2026-06-11T00:00:00Z,13.9522,0.0667
DEJU,2026-06-12T00:00:00Z,13.1326,NA
DEJU,2026-06-13T00:00:00Z,13.6926,NA
DEJU,2026-06-14T00:00:00Z,14.791,0.04915
DEJU,2026-06-15T00:00:00Z,14.8654,0.0918
DEJU,2026-06-16T00:00:00Z,13.5016,0.0991
DEJU,2026-06-17T00:00:00Z,14.6258,0
DEJU,2026-06-18T00:00:00Z,14.373,0.04775
DEJU,2026-06-19T00:00:00Z,16.059,0.0477
DEJU,2026-06-20T00:00:00Z,17.0382,0.0861
DEJU,2026-06-21T00:00:00Z,16.5442,0.1016
DEJU,2026-06-22T00:00:00Z,16.616,NA
DEJU,2026-06-23T00:00:00Z,17.918,0.068575
DEJU,2026-06-24T00:00:00Z,8.2074,0.103625
DEJU,2026-06-25T00:00:00Z,15.1994,0.0834
DEJU,2026-06-26T00:00:00Z,15.571,0.1072
DEJU,2026-06-27T00:00:00Z,16.0184,0.07176666666666666
DEJU,2026-06-28T00:00:00Z,15.6642,0.07036666666666666
DEJU,2026-06-29T00:00:00Z,11.931,0.11386666666666669
DEJU,2026-06-30T00:00:00Z,12.4746,0.080675
DSNY,2026-06-01T00:00:00Z,29.2362,0.07461999999999999
DSNY,2026-06-02T00:00:00Z,28.2422,0.087575
DSNY,2026-06-03T00:00:00Z,29.2688,0.08
DSNY,2026-06-04T00:00:00Z,26.8444,0.08083333333333334
DSNY,2026-06-05T00:00:00Z,28.1168,0.07206666666666667
DSNY,2026-06-06T00:00:00Z,29.05,0.05232
DSNY,2026-06-07T00:00:00Z,29.309,0.0549
DSNY,2026-06-08T00:00:00Z,30.1196,0.045
DSNY,2026-06-09T00:00:00Z,30.651,0.0407
DSNY,2026-06-10T00:00:00Z,29.535,0.0374
DSNY,2026-06-11T00:00:00Z,28.0498,0.02975
DSNY,2026-06-12T00:00:00Z,29.4906,NA
DSNY,2026-06-13T00:00:00Z,25.9002,NA
DSNY,2026-06-14T00:00:00Z,30.1038,0.084425
DSNY,2026-06-15T00:00:00Z,31.912,0.06505
DSNY,2026-06-16T00:00:00Z,31.1624,0.04743333333333333
DSNY,2026-06-17T00:00:00Z,29.6778,0.0827
DSNY,2026-06-18T00:00:00Z,29.4154,0.06675
DSNY,2026-06-19T00:00:00Z,29.0786,0.07906
DSNY,2026-06-20T00:00:00Z,29.5076,0.07963333333333333
DSNY,2026-06-21T00:00:00Z,27.7968,0.08836
DSNY,2026-06-22T00:00:00Z,28.2868,0.07506
DSNY,2026-06-23T00:00:00Z,30.7792,0.05945
DSNY,2026-06-24T00:00:00Z,32.696,0.06135
DSNY,2026-06-25T00:00:00Z,28.5058,0.05232499999999999
DSNY,2026-06-26T00:00:00Z,29.735,0.04705
DSNY,2026-06-27T00:00:00Z,31.374,0.041
DSNY,2026-06-28T00:00:00Z,28.2958,0.04986
DSNY,2026-06-29T00:00:00Z,30.8996,0.062075
DSNY,2026-06-30T00:00:00Z,29.8814,0.0432
GUAN,2026-06-01T00:00:00Z,27.9502,0.02875
GUAN,2026-06-02T00:00:00Z,27.9378,0.01856
GUAN,2026-06-03T00:00:00Z,27.7994,0.018925
GUAN,2026-06-04T00:00:00Z,27.9428,0.01766
GUAN,2026-06-05T00:00:00Z,27.8692,0.0177
GUAN,2026-06-06T00:00:00Z,27.9612,0.0133
GUAN,2026-06-07T00:00:00Z,28.0414,0.01606666666666666
GUAN,2026-06-08T00:00:00Z,28.0122,0.01766
GUAN,2026-06-09T00:00:00Z,27.9632,0.02083333333333333
GUAN,2026-06-10T00:00:00Z,27.9526,0.0165
GUAN,2026-06-11T00:00:00Z,28.0794,0.016275
GUAN,2026-06-12T00:00:00Z,28.172,NA
GUAN,2026-06-13T00:00:00Z,27.9848,NA
GUAN,2026-06-14T00:00:00Z,28.3202,0.01486666666666666
GUAN,2026-06-15T00:00:00Z,28.2704,0.01813333333333333
GUAN,2026-06-16T00:00:00Z,28.4378,0.02325
GUAN,2026-06-17T00:00:00Z,28.2618,0.02305
GUAN,2026-06-18T00:00:00Z,28.4688,0.0156
GUAN,2026-06-19T00:00:00Z,28.6528,0.0167
GUAN,2026-06-20T00:00:00Z,28.8206,0.0165
GUAN,2026-06-21T00:00:00Z,28.591,0.0315
GUAN,2026-06-22T00:00:00Z,28.345,0.01506
GUAN,2026-06-23T00:00:00Z,28.699,0.01503333333333333
GUAN,2026-06-24T00:00:00Z,28.7014,0.01745
GUAN,2026-06-25T00:00:00Z,29.0328,0.0204
GUAN,2026-06-26T00:00:00Z,28.3536,0.02025
GUAN,2026-06-27T00:00:00Z,28.9198,0.0036
GUAN,2026-06-28T00:00:00Z,28.5,0.0157
GUAN,2026-06-29T00:00:00Z,28.8802,0.016125
GUAN,2026-06-30T00:00:00Z,28.7866,0.01346666666666666
HEAL,2026-06-01T00:00:00Z,10.70375,0
HEAL,2026-06-02T00:00:00Z,14.4335,0
HEAL,2026-06-03T00:00:00Z,19.69425,NA
HEAL,2026-06-04T00:00:00Z,29.34375,NA
HEAL,2026-06-05T00:00:00Z,22.552,0
HEAL,2026-06-06T00:00:00Z,21.26725,1e-4
HEAL,2026-06-07T00:00:00Z,20.952,5e-5
HEAL,2026-06-08T00:00:00Z,11.18825,1e-4
HEAL,2026-06-09T00:00:00Z,8.25625,1e-4
HEAL,2026-06-10T00:00:00Z,21.86075,5e-5
HEAL,2026-06-11T00:00:00Z,27.31475,1e-4
HEAL,2026-06-12T00:00:00Z,21.445,NA
HEAL,2026-06-13T00:00:00Z,20.540999999999997,0
HEAL,2026-06-14T00:00:00Z,22.0955,0
HEAL,2026-06-15T00:00:00Z,19.6,0
HEAL,2026-06-16T00:00:00Z,13.04425,NA
HEAL,2026-06-17T00:00:00Z,21.28375,NA
HEAL,2026-06-18T00:00:00Z,17.204,NA
HEAL,2026-06-19T00:00:00Z,28.51075,NA
HEAL,2026-06-20T00:00:00Z,32.03175,0
HEAL,2026-06-21T00:00:00Z,16.0775,0
HEAL,2026-06-22T00:00:00Z,26.04625,0
HEAL,2026-06-23T00:00:00Z,29.596,0
HEAL,2026-06-24T00:00:00Z,11.5105,NA
HEAL,2026-06-25T00:00:00Z,20.664,NA
HEAL,2026-06-26T00:00:00Z,20.843,NA
HEAL,2026-06-27T00:00:00Z,28.8185,0
HEAL,2026-06-28T00:00:00Z,18.279,NA
HEAL,2026-06-29T00:00:00Z,14.545,NA
HEAL,2026-06-30T00:00:00Z,11.44125,NA
KONA,2026-06-01T00:00:00Z,28.433,0.24192
KONA,2026-06-02T00:00:00Z,28.313,0.21128
KONA,2026-06-03T00:00:00Z,26.3166,0.18946
KONA,2026-06-04T00:00:00Z,27.416,0.16506
KONA,2026-06-05T00:00:00Z,24.0686,0.2788
KONA,2026-06-06T00:00:00Z,30.621,0.21272
KONA,2026-06-07T00:00:00Z,27.6162,0.18282
KONA,2026-06-08T00:00:00Z,29.9542,0.16496
KONA,2026-06-09T00:00:00Z,31.221800000000002,0.1492
KONA,2026-06-10T00:00:00Z,30.3646,0.2273
KONA,2026-06-11T00:00:00Z,29.955399999999997,0.19212
KONA,2026-06-12T00:00:00Z,28.1504,NA
KONA,2026-06-13T00:00:00Z,29.2972,NA
KONA,2026-06-14T00:00:00Z,29.3054,0.22374
KONA,2026-06-15T00:00:00Z,27.2208,0.19916
KONA,2026-06-16T00:00:00Z,30.1584,0.17144
KONA,2026-06-17T00:00:00Z,31.4962,0.17924
KONA,2026-06-18T00:00:00Z,31.595,0.14544
KONA,2026-06-19T00:00:00Z,28.239,0.12847999999999998
KONA,2026-06-20T00:00:00Z,23.88,0.1624
KONA,2026-06-21T00:00:00Z,28.2062,0.14046
KONA,2026-06-22T00:00:00Z,25.878,0.23818
KONA,2026-06-23T00:00:00Z,25.2824,0.21268
KONA,2026-06-24T00:00:00Z,25.4632,0.19286
KONA,2026-06-25T00:00:00Z,29.1942,0.174
KONA,2026-06-26T00:00:00Z,24.231,0.24536
KONA,2026-06-27T00:00:00Z,25.7702,0.24614
KONA,2026-06-28T00:00:00Z,29.2916,0.22374
KONA,2026-06-29T00:00:00Z,30.6458,0.18948
KONA,2026-06-30T00:00:00Z,31.3744,0.15766
KONZ,2026-06-01T00:00:00Z,26.5722,0.303025
KONZ,2026-06-02T00:00:00Z,26.58,0.2844333333333333
KONZ,2026-06-03T00:00:00Z,25.0726,0.2742
KONZ,2026-06-04T00:00:00Z,25.2556,0.25365
KONZ,2026-06-05T00:00:00Z,23.2444,0.3326
KONZ,2026-06-06T00:00:00Z,27.9322,0.29008
KONZ,2026-06-07T00:00:00Z,25.7732,0.26565
KONZ,2026-06-08T00:00:00Z,27.068,0.26839999999999997
KONZ,2026-06-09T00:00:00Z,28.3246,0.24795
KONZ,2026-06-10T00:00:00Z,27.8352,0.301575
KONZ,2026-06-11T00:00:00Z,27.6066,0.2693
KONZ,2026-06-12T00:00:00Z,26.9692,NA
KONZ,2026-06-13T00:00:00Z,26.6492,NA
KONZ,2026-06-14T00:00:00Z,25.825,0.3083
KONZ,2026-06-15T00:00:00Z,25.9864,0.29575
KONZ,2026-06-16T00:00:00Z,26.3878,0.28074
KONZ,2026-06-17T00:00:00Z,27.114,0.30046666666666666
KONZ,2026-06-18T00:00:00Z,28.1106,0.27118
KONZ,2026-06-19T00:00:00Z,25.9744,0.25484
KONZ,2026-06-20T00:00:00Z,22.2992,0.243225
KONZ,2026-06-21T00:00:00Z,26.3428,0.22595
KONZ,2026-06-22T00:00:00Z,25.7436,0.3121
KONZ,2026-06-23T00:00:00Z,24.9888,0.28045
KONZ,2026-06-24T00:00:00Z,24.9438,0.2825
KONZ,2026-06-25T00:00:00Z,27.63,0.26527500000000004
KONZ,2026-06-26T00:00:00Z,24.5632,0.3043
KONZ,2026-06-27T00:00:00Z,25.9858,0.3187333333333333
KONZ,2026-06-28T00:00:00Z,28.107,0.31403333333333333
KONZ,2026-06-29T00:00:00Z,28.9736,0.27862
KONZ,2026-06-30T00:00:00Z,29.2888,0.2526
LAJA,2026-06-01T00:00:00Z,29.2345,0.0169
LAJA,2026-06-02T00:00:00Z,28.9765,0.016
LAJA,2026-06-03T00:00:00Z,28.70825,0.0151
LAJA,2026-06-04T00:00:00Z,28.88875,0.0155
LAJA,2026-06-05T00:00:00Z,28.7615,0.01395
LAJA,2026-06-06T00:00:00Z,29.2285,0.0155
LAJA,2026-06-07T00:00:00Z,29.6115,0.0152
LAJA,2026-06-08T00:00:00Z,28.742,0.0145
LAJA,2026-06-09T00:00:00Z,28.87075,NA
LAJA,2026-06-10T00:00:00Z,29.0205,0.0142
LAJA,2026-06-11T00:00:00Z,29.66275,0.0139
LAJA,2026-06-12T00:00:00Z,29.2805,NA
LAJA,2026-06-13T00:00:00Z,28.76425,NA
LAJA,2026-06-14T00:00:00Z,29.17525,0.0126
LAJA,2026-06-15T00:00:00Z,28.69075,0.00989999999999999
LAJA,2026-06-16T00:00:00Z,29.1975,0.00963333333333333
LAJA,2026-06-17T00:00:00Z,30.083,0.0075
LAJA,2026-06-18T00:00:00Z,29.42275,0.00895
LAJA,2026-06-19T00:00:00Z,30.0185,0.0102
LAJA,2026-06-20T00:00:00Z,30.08925,0.0103
LAJA,2026-06-21T00:00:00Z,30.077,NA
LAJA,2026-06-22T00:00:00Z,29.11025,NA
LAJA,2026-06-23T00:00:00Z,30.24375,NA
LAJA,2026-06-24T00:00:00Z,28.69475,0.0087
LAJA,2026-06-25T00:00:00Z,30.69175,0.0085
LAJA,2026-06-26T00:00:00Z,29.444,0.0087
LAJA,2026-06-27T00:00:00Z,29.1725,0.00716666666666666
LAJA,2026-06-28T00:00:00Z,28.87,0.00706666666666666
LAJA,2026-06-29T00:00:00Z,30.30425,0.0087
LAJA,2026-06-30T00:00:00Z,29.3975,0.00826666666666666
LENO,2026-06-01T00:00:00Z,24.0756,0.30033333333333334
LENO,2026-06-03T00:00:00Z,23.6152,0.2511
LENO,2026-06-04T00:00:00Z,23.357,0.23846666666666663
LENO,2026-06-05T00:00:00Z,22.5868,0.212075
LENO,2026-06-06T00:00:00Z,22.8248,0.18126666666666663
LENO,2026-06-07T00:00:00Z,24.8652,0.16075
LENO,2026-06-08T00:00:00Z,23.216,0.223025
LENO,2026-06-09T00:00:00Z,23.7784,0.216925
LENO,2026-06-10T00:00:00Z,24.38,0.180775
LENO,2026-06-11T00:00:00Z,24.5158,0.1438
LENO,2026-06-12T00:00:00Z,24.715,NA
LENO,2026-06-13T00:00:00Z,24.8372,NA
LENO,2026-06-14T00:00:00Z,24.6432,0.08975
LENO,2026-06-15T00:00:00Z,25.2748,0.0723
LENO,2026-06-16T00:00:00Z,25.879,0.22596666666666668
LENO,2026-06-17T00:00:00Z,24.3504,0.27455
LENO,2026-06-18T00:00:00Z,24.4538,0.25915
LENO,2026-06-19T00:00:00Z,23.5984,0.2852
LENO,2026-06-20T00:00:00Z,24.1444,0.3617
LENO,2026-06-21T00:00:00Z,24.601,0.3672666666666667
LENO,2026-06-23T00:00:00Z,25.0346,0.325925
LENO,2026-06-24T00:00:00Z,25.1206,0.31855
LENO,2026-06-25T00:00:00Z,24.2838,0.28956666666666664
LENO,2026-06-26T00:00:00Z,24.3746,0.26643333333333336
LENO,2026-06-27T00:00:00Z,25.2242,0.2332
LENO,2026-06-28T00:00:00Z,25.6686,0.1851
LENO,2026-06-29T00:00:00Z,25.9192,0.14153333333333334
LENO,2026-06-30T00:00:00Z,26.1226,0.1241
MLBS,2026-06-01T00:00:00Z,15.3796,0.1225
MLBS,2026-06-02T00:00:00Z,14.9176,0.12565
MLBS,2026-06-03T00:00:00Z,12.595,0.15073333333333333
MLBS,2026-06-04T00:00:00Z,14.3028,0.117275
MLBS,2026-06-05T00:00:00Z,15.5188,0.10835
MLBS,2026-06-06T00:00:00Z,16.2836,0.10265
MLBS,2026-06-07T00:00:00Z,16.4546,0.1053
MLBS,2026-06-08T00:00:00Z,16.879,0.10096666666666666
MLBS,2026-06-09T00:00:00Z,16.945,0.0928
MLBS,2026-06-10T00:00:00Z,16.146,0.094125
MLBS,2026-06-11T00:00:00Z,17.4725,0.11935
MLBS,2026-06-12T00:00:00Z,18.47425,NA
MLBS,2026-06-13T00:00:00Z,17.33075,NA
MLBS,2026-06-14T00:00:00Z,17.50875,0.10712
MLBS,2026-06-15T00:00:00Z,17.268250000000002,0.10503333333333334
MLBS,2026-06-16T00:00:00Z,14.9745,0.1014
MLBS,2026-06-17T00:00:00Z,14.92525,0.09325
MLBS,2026-06-18T00:00:00Z,16.163,0.08814
MLBS,2026-06-19T00:00:00Z,15.86175,0.09326666666666666
MLBS,2026-06-20T00:00:00Z,15.215,0.115525
MLBS,2026-06-21T00:00:00Z,15.94175,0.097
MLBS,2026-06-22T00:00:00Z,16.70025,0.09526666666666668
MLBS,2026-06-23T00:00:00Z,17.16425,0.08675
MLBS,2026-06-24T00:00:00Z,15.068,0.1158
MLBS,2026-06-25T00:00:00Z,15.619,0.0933
MLBS,2026-06-26T00:00:00Z,16.53975,0.08856666666666667
MLBS,2026-06-27T00:00:00Z,17.6115,0.081675
MLBS,2026-06-28T00:00:00Z,16.82125,0.11524
MLBS,2026-06-29T00:00:00Z,16.92275,0.129875
MLBS,2026-06-30T00:00:00Z,18.48075,0.12075
MOAB,2026-06-01T00:00:00Z,32.9486,0.0381
MOAB,2026-06-02T00:00:00Z,33.8178,0.0361
MOAB,2026-06-03T00:00:00Z,36.6268,0.03273333333333333
MOAB,2026-06-04T00:00:00Z,34.9602,0.03536
MOAB,2026-06-05T00:00:00Z,37.4596,0.030475
MOAB,2026-06-06T00:00:00Z,38.551,0.0334
MOAB,2026-06-07T00:00:00Z,35.791,0.0275
MOAB,2026-06-08T00:00:00Z,35.4924,0.02586666666666666
MOAB,2026-06-09T00:00:00Z,34.9102,0.0253
MOAB,2026-06-10T00:00:00Z,33.4788,0.0278
MOAB,2026-06-11T00:00:00Z,35.92,0.028425
MOAB,2026-06-12T00:00:00Z,35.8344,NA
MOAB,2026-06-13T00:00:00Z,38.417,NA
MOAB,2026-06-14T00:00:00Z,37.7518,0.02645999999999999
MOAB,2026-06-15T00:00:00Z,32.3724,0.02552
MOAB,2026-06-16T00:00:00Z,38.269,0.0229
MOAB,2026-06-17T00:00:00Z,38.0318,0.0256
MOAB,2026-06-18T00:00:00Z,39.5906,0.02206666666666667
MOAB,2026-06-19T00:00:00Z,40.5406,0.02206666666666666
MOAB,2026-06-20T00:00:00Z,39.3474,0.021725
MOAB,2026-06-21T00:00:00Z,37.7632,0.021125
MOAB,2026-06-22T00:00:00Z,39.3718,0.020975
MOAB,2026-06-23T00:00:00Z,39.474,0.02329999999999999
MOAB,2026-06-24T00:00:00Z,38.8434,0.02276
MOAB,2026-06-25T00:00:00Z,30.805,0.02035
MOAB,2026-06-26T00:00:00Z,32.6368,0.02372
MOAB,2026-06-27T00:00:00Z,36.257,0.02348
MOAB,2026-06-29T00:00:00Z,29.099,NA
MOAB,2026-06-30T00:00:00Z,32.565,0.0234
NIWO,2026-06-01T00:00:00Z,7.027,0.1795
NIWO,2026-06-02T00:00:00Z,6.7926,0.2481
NIWO,2026-06-03T00:00:00Z,7.1178,0.1274
NIWO,2026-06-04T00:00:00Z,7.7412,0.15233333333333332
NIWO,2026-06-05T00:00:00Z,9.7342,0.18585
NIWO,2026-06-06T00:00:00Z,11.3458,0.17515
NIWO,2026-06-07T00:00:00Z,12.5244,0.218
NIWO,2026-06-08T00:00:00Z,9.3764,0.15045
NIWO,2026-06-09T00:00:00Z,13.1224,0.14685
NIWO,2026-06-10T00:00:00Z,9.6308,0.13165
NIWO,2026-06-11T00:00:00Z,11.7642,0.14023333333333332
NIWO,2026-06-12T00:00:00Z,12.9822,NA
NIWO,2026-06-13T00:00:00Z,11.9554,NA
NIWO,2026-06-14T00:00:00Z,9.7118,0.11266666666666666
NIWO,2026-06-15T00:00:00Z,10.189,0.10185
NIWO,2026-06-16T00:00:00Z,14.2578,0.07185
NIWO,2026-06-17T00:00:00Z,13.5564,0.06127499999999999
NIWO,2026-06-18T00:00:00Z,16.5666,0.06646666666666666
NIWO,2026-06-19T00:00:00Z,17.1464,0.05613333333333333
NIWO,2026-06-20T00:00:00Z,14.9428,0.04086666666666666
NIWO,2026-06-21T00:00:00Z,16.288,0.030875
NIWO,2026-06-22T00:00:00Z,16.773,0.03503333333333333
NIWO,2026-06-23T00:00:00Z,16.66,0.0313
NIWO,2026-06-24T00:00:00Z,14.3858,0.03685
NIWO,2026-06-25T00:00:00Z,16.07,0.019825
NIWO,2026-06-26T00:00:00Z,13.7516,0.0305
NIWO,2026-06-27T00:00:00Z,14.544,0.03873333333333333
NIWO,2026-06-28T00:00:00Z,16.88,0.02435
NIWO,2026-06-29T00:00:00Z,16.089000000000002,0.02045
NIWO,2026-06-30T00:00:00Z,15.7046,0.018
NOGP,2026-06-01T00:00:00Z,21.393,0.13190000000000002
NOGP,2026-06-02T00:00:00Z,22.6204,0.12655
NOGP,2026-06-03T00:00:00Z,23.5378,0.1108
NOGP,2026-06-04T00:00:00Z,23.1454,0.1054
NOGP,2026-06-05T00:00:00Z,25.2436,0.0913
NOGP,2026-06-06T00:00:00Z,25.6452,0.07756666666666667
NOGP,2026-06-07T00:00:00Z,25.0164,0.070675
NOGP,2026-06-08T00:00:00Z,25.9952,0.06286666666666667
NOGP,2026-06-09T00:00:00Z,23.3922,0.13090000000000002
NOGP,2026-06-10T00:00:00Z,23.53,0.11245
NOGP,2026-06-11T00:00:00Z,22.4656,0.09613333333333332
NOGP,2026-06-12T00:00:00Z,18.8942,NA
NOGP,2026-06-13T00:00:00Z,23.0862,NA
NOGP,2026-06-14T00:00:00Z,18.2838,0.0748
NOGP,2026-06-15T00:00:00Z,22.872,0.0687
NOGP,2026-06-16T00:00:00Z,20.4668,0.0658
NOGP,2026-06-17T00:00:00Z,19.2526,0.06064999999999999
NOGP,2026-06-18T00:00:00Z,19.002,0.15999999999999998
NOGP,2026-06-19T00:00:00Z,22.79,0.12516666666666668
NOGP,2026-06-20T00:00:00Z,21.6504,0.10886666666666668
NOGP,2026-06-21T00:00:00Z,20.9418,0.0991
NOGP,2026-06-22T00:00:00Z,21.1208,0.09135
NOGP,2026-06-23T00:00:00Z,20.0974,0.074725
NOGP,2026-06-24T00:00:00Z,22.8246,0.0675
NOGP,2026-06-25T00:00:00Z,21.7298,0.06356666666666666
NOGP,2026-06-26T00:00:00Z,23.3044,0.05753333333333333
NOGP,2026-06-27T00:00:00Z,18.5338,0.05679999999999999
NOGP,2026-06-28T00:00:00Z,21.0116,0.0549
NOGP,2026-06-29T00:00:00Z,24.3244,0.13315
NOGP,2026-06-30T00:00:00Z,22.4754,0.1776
OAES,2026-06-01T00:00:00Z,33.4268,0.1371
OAES,2026-06-02T00:00:00Z,35.0654,0.1255
OAES,2026-06-03T00:00:00Z,31.242,0.09774
OAES,2026-06-04T00:00:00Z,31.0236,0.08786
OAES,2026-06-05T00:00:00Z,31.901,0.08002000000000001
OAES,2026-06-06T00:00:00Z,25.7912,0.0739
OAES,2026-06-07T00:00:00Z,26.0176,0.16140000000000002
OAES,2026-06-08T00:00:00Z,28.6438,0.20376
OAES,2026-06-09T00:00:00Z,31.3564,0.18856
OAES,2026-06-10T00:00:00Z,31.532,0.17008
OAES,2026-06-11T00:00:00Z,32.6002,0.14918
OAES,2026-06-12T00:00:00Z,31.3278,NA
OAES,2026-06-13T00:00:00Z,32.5298,NA
OAES,2026-06-14T00:00:00Z,32.501,0.1062
OAES,2026-06-15T00:00:00Z,27.5464,0.12302
OAES,2026-06-16T00:00:00Z,31.24,0.11824
OAES,2026-06-17T00:00:00Z,32.5096,0.1074
OAES,2026-06-18T00:00:00Z,34.6342,0.09512
OAES,2026-06-19T00:00:00Z,24.3062,0.077975
OAES,2026-06-20T00:00:00Z,32.915800000000004,0.08232
OAES,2026-06-21T00:00:00Z,32.5022,0.07662
OAES,2026-06-22T00:00:00Z,33.9928,0.07189999999999999
OAES,2026-06-23T00:00:00Z,29.8518,0.26596
OAES,2026-06-24T00:00:00Z,24.471,0.24013333333333337
OAES,2026-06-25T00:00:00Z,29.0366,0.24006
OAES,2026-06-26T00:00:00Z,29.4384,0.22536
OAES,2026-06-27T00:00:00Z,30.1064,0.2678
OAES,2026-06-28T00:00:00Z,31.1578,0.24738
OAES,2026-06-29T00:00:00Z,30.8046,0.22346
OAES,2026-06-30T00:00:00Z,31.778,0.2004
ONAQ,2026-06-01T00:00:00Z,30.8758,0.065275
ONAQ,2026-06-02T00:00:00Z,33.3844,0.06484
ONAQ,2026-06-03T00:00:00Z,35.4274,0.06134
ONAQ,2026-06-04T00:00:00Z,37.015,0.05584
ONAQ,2026-06-05T00:00:00Z,37.955,0.05035999999999999
ONAQ,2026-06-06T00:00:00Z,39.4868,0.04656
ONAQ,2026-06-07T00:00:00Z,35.8406,0.0418
ONAQ,2026-06-08T00:00:00Z,32.3046,0.04255
ONAQ,2026-06-09T00:00:00Z,30.9944,0.03433333333333333
ONAQ,2026-06-10T00:00:00Z,34.4204,0.04005
ONAQ,2026-06-11T00:00:00Z,35.0502,0.03705999999999999
ONAQ,2026-06-12T00:00:00Z,36.3626,NA
ONAQ,2026-06-13T00:00:00Z,38.0174,NA
ONAQ,2026-06-14T00:00:00Z,39.0784,0.03516
ONAQ,2026-06-15T00:00:00Z,39.079,0.03436
ONAQ,2026-06-16T00:00:00Z,40.1822,0.03386
ONAQ,2026-06-17T00:00:00Z,37.1822,0.03244
ONAQ,2026-06-18T00:00:00Z,40.861,0.035425
ONAQ,2026-06-19T00:00:00Z,41.9858,0.034625
ONAQ,2026-06-20T00:00:00Z,38.2892,0.0327
ONAQ,2026-06-21T00:00:00Z,39.9016,0.03026
ONAQ,2026-06-22T00:00:00Z,41.2954,0.03335
ONAQ,2026-06-23T00:00:00Z,41.8826,0.03006
ONAQ,2026-06-24T00:00:00Z,43.379,0.02956
ONAQ,2026-06-25T00:00:00Z,32.989399999999996,0.0274
ONAQ,2026-06-26T00:00:00Z,22.336,0.06
ONAQ,2026-06-28T00:00:00Z,30.1554,0.09902
ONAQ,2026-06-29T00:00:00Z,22.4508,0.0866
ONAQ,2026-06-30T00:00:00Z,32.4844,0.09244
OSBS,2026-06-01T00:00:00Z,30.0666,0.03945
OSBS,2026-06-02T00:00:00Z,30.5034,0.03433333333333333
OSBS,2026-06-03T00:00:00Z,30.5904,0.029
OSBS,2026-06-04T00:00:00Z,30.159,0.0238
OSBS,2026-06-05T00:00:00Z,29.6002,0.020125
OSBS,2026-06-06T00:00:00Z,30.7732,0.01834
OSBS,2026-06-07T00:00:00Z,31.1634,0.01765
OSBS,2026-06-08T00:00:00Z,32.0128,0.016575
OSBS,2026-06-09T00:00:00Z,31.2128,0.014425
OSBS,2026-06-10T00:00:00Z,27.2026,0.02575
OSBS,2026-06-11T00:00:00Z,29.8742,0.02728
OSBS,2026-06-12T00:00:00Z,30.0004,NA
OSBS,2026-06-13T00:00:00Z,34.7108,NA
OSBS,2026-06-14T00:00:00Z,31.5314,0.01785
OSBS,2026-06-15T00:00:00Z,31.762,0.01675
OSBS,2026-06-16T00:00:00Z,27.964,0.06128
OSBS,2026-06-17T00:00:00Z,28.9566,0.05698
OSBS,2026-06-18T00:00:00Z,31.5888,0.04338
OSBS,2026-06-19T00:00:00Z,33.6952,0.0351
OSBS,2026-06-20T00:00:00Z,26.3126,0.08166
OSBS,2026-06-21T00:00:00Z,30.3316,0.04276
OSBS,2026-06-22T00:00:00Z,27.1038,0.06435
OSBS,2026-06-23T00:00:00Z,32.925,0.04308
OSBS,2026-06-24T00:00:00Z,30.1262,0.04196666666666666
OSBS,2026-06-25T00:00:00Z,33.9706,0.03566
OSBS,2026-06-26T00:00:00Z,32.084,0.02876
OSBS,2026-06-27T00:00:00Z,29.125,0.0586
OSBS,2026-06-28T00:00:00Z,32.0296,0.04298
OSBS,2026-06-29T00:00:00Z,31.0638,0.06606000000000001
OSBS,2026-06-30T00:00:00Z,34.2054,0.04376
SCBI,2026-06-01T00:00:00Z,21.5288,0.30879999999999996
SCBI,2026-06-02T00:00:00Z,16.7568,0.21305
SCBI,2026-06-04T00:00:00Z,17.3415,0.2733
SCBI,2026-06-05T00:00:00Z,18.3176,NA
SCBI,2026-06-06T00:00:00Z,19.263,NA
SCBI,2026-06-07T00:00:00Z,19.6934,0.3266
SCBI,2026-06-08T00:00:00Z,20.2792,0.2646
SCBI,2026-06-09T00:00:00Z,19.4242,0.281
SCBI,2026-06-10T00:00:00Z,19.1456,0.2715
SCBI,2026-06-13T00:00:00Z,21.733,NA
SCBI,2026-06-14T00:00:00Z,20.9266,0.3425
SCBI,2026-06-15T00:00:00Z,21.08,0.26393333333333335
SCBI,2026-06-16T00:00:00Z,18.9985,0.1091
SCBI,2026-06-17T00:00:00Z,18.62975,0.2416
SCBI,2026-06-18T00:00:00Z,19.9938,0.237525
SCBI,2026-06-19T00:00:00Z,19.6458,0.27754999999999996
SCBI,2026-06-20T00:00:00Z,19.621,0.2777
SCBI,2026-06-21T00:00:00Z,20.03,0.2227
SCBI,2026-06-22T00:00:00Z,20.0498,0.2817
SCBI,2026-06-23T00:00:00Z,19.6278,0.1861
SCBI,2026-06-24T00:00:00Z,18.8792,0.28063333333333335
SCBI,2026-06-25T00:00:00Z,19.3254,0.24995
SCBI,2026-06-26T00:00:00Z,19.9702,0.3339
SCBI,2026-06-27T00:00:00Z,20.181,0.24183333333333337
SCBI,2026-06-28T00:00:00Z,20.0188,0.25365
SCBI,2026-06-29T00:00:00Z,20.0922,0.2966333333333333
SCBI,2026-06-30T00:00:00Z,21.1842,0.2652
SERC,2026-06-01T00:00:00Z,16.9246,0.21
SERC,2026-06-02T00:00:00Z,17.45,0.21256666666666668
SERC,2026-06-03T00:00:00Z,17.0422,0.19825
SERC,2026-06-04T00:00:00Z,17.933600000000002,0.2064
SERC,2026-06-05T00:00:00Z,18.796,0.19815
SERC,2026-06-06T00:00:00Z,19.9318,NA
SERC,2026-06-07T00:00:00Z,20.169,0.17686666666666667
SERC,2026-06-08T00:00:00Z,21.1242,0.183
SERC,2026-06-09T00:00:00Z,19.2432,0.17395
SERC,2026-06-10T00:00:00Z,18.8656,0.13516666666666666
SERC,2026-06-11T00:00:00Z,20.064,0.13795
SERC,2026-06-12T00:00:00Z,22.0684,NA
SERC,2026-06-14T00:00:00Z,21.4582,NA
SERC,2026-06-15T00:00:00Z,22.3238,0.1133
SERC,2026-06-16T00:00:00Z,19.9508,0.13305
SERC,2026-06-17T00:00:00Z,19.2782,0.1129
SERC,2026-06-18T00:00:00Z,20.5326,0.10265
SERC,2026-06-19T00:00:00Z,21.9826,0.1001
SERC,2026-06-20T00:00:00Z,21.0514,0.1173
SERC,2026-06-21T00:00:00Z,21.3502,0.1147
SERC,2026-06-22T00:00:00Z,21.1192,0.1111
SERC,2026-06-23T00:00:00Z,21.5892,0.1612
SERC,2026-06-24T00:00:00Z,19.7538,0.179
SERC,2026-06-25T00:00:00Z,20.4668,NA
SERC,2026-06-26T00:00:00Z,20.9926,NA
SERC,2026-06-27T00:00:00Z,21.197,0.1921
SERC,2026-06-28T00:00:00Z,21.1234,0.21135
SERC,2026-06-29T00:00:00Z,20.7332,0.21175
SERC,2026-06-30T00:00:00Z,21.92,0.20555
SJER,2026-06-01T00:00:00Z,32.59625,0.00746666666666666
SJER,2026-06-02T00:00:00Z,34.46575,0.0063
SJER,2026-06-03T00:00:00Z,35.05,0.006375
SJER,2026-06-04T00:00:00Z,35.984500000000004,0.008225
SJER,2026-06-05T00:00:00Z,36.311,0.00754
SJER,2026-06-06T00:00:00Z,37.46425,0.00625
SJER,2026-06-07T00:00:00Z,35.71275,0.00566666666666666
SJER,2026-06-08T00:00:00Z,33.7075,0.007025
SJER,2026-06-09T00:00:00Z,33.48125,0.0058
SJER,2026-06-10T00:00:00Z,34.33275,0.005975
SJER,2026-06-11T00:00:00Z,36.44525,0.00783333333333333
SJER,2026-06-12T00:00:00Z,39.1255,NA
SJER,2026-06-13T00:00:00Z,39.87025,NA
SJER,2026-06-14T00:00:00Z,40.16275,0.006
SJER,2026-06-15T00:00:00Z,39.6795,0.0071
SJER,2026-06-16T00:00:00Z,39.71825,0.00706666666666666
SJER,2026-06-17T00:00:00Z,40.1595,0.00515
SJER,2026-06-18T00:00:00Z,38.9135,0.00686666666666666
SJER,2026-06-19T00:00:00Z,38.066,0.00515
SJER,2026-06-20T00:00:00Z,36.13875,0.006975
SJER,2026-06-21T00:00:00Z,35.93325,0.005575
SJER,2026-06-22T00:00:00Z,36.928,0.0056
SJER,2026-06-23T00:00:00Z,38.585,0.0057
SJER,2026-06-24T00:00:00Z,39.879,0.005525
SJER,2026-06-25T00:00:00Z,39.0435,0.00563333333333333
SJER,2026-06-26T00:00:00Z,38.6325,0.0066
SJER,2026-06-27T00:00:00Z,35.36725,0.00496666666666666
SJER,2026-06-28T00:00:00Z,34.461,0.005425
SJER,2026-06-29T00:00:00Z,34.755250000000004,0.0049
SJER,2026-06-30T00:00:00Z,35.94175,0.00635
SOAP,2026-06-01T00:00:00Z,16.36825,0.10435
SOAP,2026-06-02T00:00:00Z,17.0255,0.11753333333333334
SOAP,2026-06-03T00:00:00Z,17.641,0.1475
SOAP,2026-06-04T00:00:00Z,17.994,0.11875
SOAP,2026-06-05T00:00:00Z,18.4235,0.10975
SOAP,2026-06-06T00:00:00Z,18.99425,0.1117
SOAP,2026-06-07T00:00:00Z,18.4995,0.0961
SOAP,2026-06-08T00:00:00Z,17.59775,0.07435
SOAP,2026-06-09T00:00:00Z,17.23125,0.07816666666666666
SOAP,2026-06-10T00:00:00Z,17.99825,0.0901
SOAP,2026-06-11T00:00:00Z,19.11875,0.09835
SOAP,2026-06-12T00:00:00Z,19.8,NA
SOAP,2026-06-13T00:00:00Z,20.305,NA
SOAP,2026-06-14T00:00:00Z,20.556,0.0833
SOAP,2026-06-15T00:00:00Z,20.45375,0.08165
SOAP,2026-06-16T00:00:00Z,20.821,0.1121
SOAP,2026-06-17T00:00:00Z,21.1095,0.0864
SOAP,2026-06-18T00:00:00Z,21.14825,0.052
SOAP,2026-06-19T00:00:00Z,20.671,0.072675
SOAP,2026-06-20T00:00:00Z,20.16725,0.07716666666666666
SOAP,2026-06-21T00:00:00Z,19.85875,0.06836666666666667
SOAP,2026-06-22T00:00:00Z,20.031,0.0797
SOAP,2026-06-23T00:00:00Z,20.3955,0.069225
SOAP,2026-06-24T00:00:00Z,20.94625,0.0794
SOAP,2026-06-25T00:00:00Z,21.202,0.0406
SOAP,2026-06-26T00:00:00Z,21.018,0.06420000000000001
SOAP,2026-06-27T00:00:00Z,20.06425,0.07250000000000001
SOAP,2026-06-28T00:00:00Z,19.40075,0.0653
SOAP,2026-06-29T00:00:00Z,18.78825,0.06223333333333333
SOAP,2026-06-30T00:00:00Z,19.101,0.03999999999999999
SRER,2026-06-01T00:00:00Z,44.1218,0.03418
SRER,2026-06-02T00:00:00Z,44.303,0.03306
SRER,2026-06-03T00:00:00Z,46.0186,0.03222
SRER,2026-06-04T00:00:00Z,47.0836,0.03305
SRER,2026-06-05T00:00:00Z,41.4774,0.03086
SRER,2026-06-06T00:00:00Z,46.2572,0.03072
SRER,2026-06-07T00:00:00Z,45.7642,0.0302
SRER,2026-06-08T00:00:00Z,44.2382,0.0299
SRER,2026-06-09T00:00:00Z,45.9892,0.02988
SRER,2026-06-10T00:00:00Z,47.2696,0.03004
SRER,2026-06-11T00:00:00Z,48.705,0.03011999999999999
SRER,2026-06-12T00:00:00Z,47.061,NA
SRER,2026-06-13T00:00:00Z,48.8686,NA
SRER,2026-06-14T00:00:00Z,43.9434,0.02958
SRER,2026-06-15T00:00:00Z,37.8842,0.02914
SRER,2026-06-16T00:00:00Z,41.1572,0.04325
SRER,2026-06-17T00:00:00Z,45.184,0.04392
SRER,2026-06-18T00:00:00Z,24.5242,0.14698
SRER,2026-06-19T00:00:00Z,37.1594,0.12572
SRER,2026-06-20T00:00:00Z,40.4782,0.11422
SRER,2026-06-21T00:00:00Z,41.6182,0.10326
SRER,2026-06-22T00:00:00Z,42.8602,0.09306
SRER,2026-06-23T00:00:00Z,45.307,0.08345999999999999
SRER,2026-06-24T00:00:00Z,46.426,0.07448
SRER,2026-06-25T00:00:00Z,47.5184,0.06682
SRER,2026-06-26T00:00:00Z,44.3384,0.05936
SRER,2026-06-28T00:00:00Z,44.9068,0.04988
SRER,2026-06-29T00:00:00Z,44.0056,0.04646
SRER,2026-06-30T00:00:00Z,43.9342,0.04412
SRER,2026-06-27T00:00:00Z,NA,0.0371
STEI,2026-06-01T00:00:00Z,16.6172,0.20395
STEI,2026-06-02T00:00:00Z,17.186,0.20115
STEI,2026-06-03T00:00:00Z,16.935200000000002,0.1878
STEI,2026-06-04T00:00:00Z,17.0554,NA
STEI,2026-06-05T00:00:00Z,16.0972,0.13015000000000002
STEI,2026-06-07T00:00:00Z,17.637,0.2105
STEI,2026-06-08T00:00:00Z,18.083,0.2035
STEI,2026-06-09T00:00:00Z,17.03275,0.2015
STEI,2026-06-10T00:00:00Z,18.6374,0.22685
STEI,2026-06-11T00:00:00Z,17.4628,0.21556666666666663
STEI,2026-06-12T00:00:00Z,15.6312,NA
STEI,2026-06-13T00:00:00Z,16.6432,NA
STEI,2026-06-14T00:00:00Z,16.599800000000002,0.1974
STEI,2026-06-15T00:00:00Z,14.5642,0.1079
STEI,2026-06-16T00:00:00Z,15.5784,0.1794
STEI,2026-06-17T00:00:00Z,14.3502,0.2164
STEI,2026-06-18T00:00:00Z,12.608,0.2096
STEI,2026-06-19T00:00:00Z,14.278,0.23045
STEI,2026-06-20T00:00:00Z,13.8816,0.1874
STEI,2026-06-21T00:00:00Z,14.6728,0.18943333333333337
STEI,2026-06-22T00:00:00Z,15.1056,0.16655
STEI,2026-06-23T00:00:00Z,15.4494,0.2115
STEI,2026-06-24T00:00:00Z,15.604,0.17306666666666667
STEI,2026-06-25T00:00:00Z,14.4182,0.20606666666666668
STEI,2026-06-26T00:00:00Z,15.4478,0.2365
STEI,2026-06-27T00:00:00Z,15.9768,0.22
STEI,2026-06-28T00:00:00Z,16.683799999999998,0.21055
STEI,2026-06-29T00:00:00Z,17.0198,0.1681
STEI,2026-06-30T00:00:00Z,19.198,0.1651
STER,2026-06-01T00:00:00Z,29.831,0.16098
STER,2026-06-02T00:00:00Z,20.6208,0.16254
STER,2026-06-03T00:00:00Z,26.426,0.16728
STER,2026-06-04T00:00:00Z,28.0806,0.15742
STER,2026-06-05T00:00:00Z,27.5984,0.15038
STER,2026-06-06T00:00:00Z,32.4998,0.14622
STER,2026-06-07T00:00:00Z,31.3716,0.13442
STER,2026-06-08T00:00:00Z,30.8404,0.12428
STER,2026-06-09T00:00:00Z,27.7064,0.11628
STER,2026-06-10T00:00:00Z,24.443,0.21258
STER,2026-06-11T00:00:00Z,29.3488,0.18776
STER,2026-06-12T00:00:00Z,27.7404,NA
STER,2026-06-13T00:00:00Z,32.2518,NA
STER,2026-06-14T00:00:00Z,28.7148,0.13254
STER,2026-06-15T00:00:00Z,27.1938,0.12292
STER,2026-06-16T00:00:00Z,30.3066,0.12044
STER,2026-06-17T00:00:00Z,33.8808,0.11496
STER,2026-06-18T00:00:00Z,35.5892,0.10658
STER,2026-06-19T00:00:00Z,32.976,0.09844
STER,2026-06-20T00:00:00Z,36.0716,0.09442
STER,2026-06-21T00:00:00Z,33.818600000000004,0.09216
STER,2026-06-22T00:00:00Z,25.9982,0.09736
STER,2026-06-23T00:00:00Z,21.5472,0.18088
STER,2026-06-24T00:00:00Z,27.3574,0.21138
STER,2026-06-25T00:00:00Z,21.79,0.32252000000000003
STER,2026-06-26T00:00:00Z,21.1026,0.31525
STER,2026-06-27T00:00:00Z,26.083,0.31058
STER,2026-06-28T00:00:00Z,28.5046,0.29864
STER,2026-06-29T00:00:00Z,31.7382,0.2814
STER,2026-06-30T00:00:00Z,33.67,0.28682
TALL,2026-06-01T00:00:00Z,26.3716,0.0408
TALL,2026-06-03T00:00:00Z,24.9778,0.058
TALL,2026-06-04T00:00:00Z,24.2768,NA
TALL,2026-06-05T00:00:00Z,23.6124,NA
TALL,2026-06-06T00:00:00Z,24.5668,NA
TALL,2026-06-07T00:00:00Z,24.6148,NA
TALL,2026-06-08T00:00:00Z,24.974,0.0809
TALL,2026-06-09T00:00:00Z,25.0112,0.0326
TALL,2026-06-10T00:00:00Z,26.9296,0.0527
TALL,2026-06-11T00:00:00Z,27.074,0.03666666666666667
TALL,2026-06-12T00:00:00Z,27.4262,NA
TALL,2026-06-13T00:00:00Z,26.5232,NA
TALL,2026-06-14T00:00:00Z,25.6224,0.03316666666666666
TALL,2026-06-15T00:00:00Z,26.1064,0.04045
TALL,2026-06-16T00:00:00Z,24.1832,0.03143333333333333
TALL,2026-06-17T00:00:00Z,22.7602,0.06996666666666666
TALL,2026-06-18T00:00:00Z,25.0922,0.05803333333333333
TALL,2026-06-19T00:00:00Z,23.2056,0.08829999999999999
TALL,2026-06-20T00:00:00Z,23.9806,0.0807
TALL,2026-06-21T00:00:00Z,23.6742,0.08713333333333334
TALL,2026-06-22T00:00:00Z,24.0464,0.06910000000000001
TALL,2026-06-23T00:00:00Z,25.1754,0.06153333333333333
TALL,2026-06-24T00:00:00Z,25.4482,0.0864
TALL,2026-06-25T00:00:00Z,24.266,0.04105
TALL,2026-06-26T00:00:00Z,24.1416,0.0348
TALL,2026-06-27T00:00:00Z,26.7826,0.0633
TALL,2026-06-28T00:00:00Z,27.2088,0.0577
TALL,2026-06-29T00:00:00Z,27.7742,0.05255
TALL,2026-06-30T00:00:00Z,28.2618,0.04176666666666667
TEAK,2026-06-01T00:00:00Z,13.6418,0.14423333333333332
TEAK,2026-06-02T00:00:00Z,15.2306,0.1193
TEAK,2026-06-03T00:00:00Z,16.1812,0.11668
TEAK,2026-06-04T00:00:00Z,17.0472,0.113
TEAK,2026-06-05T00:00:00Z,17.7578,0.11583333333333332
TEAK,2026-06-06T00:00:00Z,17.9476,0.10604
TEAK,2026-06-07T00:00:00Z,16.9564,0.0996
TEAK,2026-06-08T00:00:00Z,15.5886,0.10603333333333333
TEAK,2026-06-09T00:00:00Z,14.5542,0.101825
TEAK,2026-06-10T00:00:00Z,16.5096,0.11243333333333334
TEAK,2026-06-11T00:00:00Z,18.3184,0.08587499999999999
TEAK,2026-06-12T00:00:00Z,19.1576,NA
TEAK,2026-06-13T00:00:00Z,19.4412,NA
TEAK,2026-06-14T00:00:00Z,19.4926,0.07466666666666666
TEAK,2026-06-15T00:00:00Z,19.3416,0.068175
TEAK,2026-06-16T00:00:00Z,19.7432,0.09455
TEAK,2026-06-17T00:00:00Z,20.1256,0.06538
TEAK,2026-06-18T00:00:00Z,19.8712,0.0576
TEAK,2026-06-19T00:00:00Z,19.4846,0.06776666666666667
TEAK,2026-06-20T00:00:00Z,18.3622,0.05633333333333333
TEAK,2026-06-21T00:00:00Z,18.1738,0.050175
TEAK,2026-06-22T00:00:00Z,18.5702,0.05585
TEAK,2026-06-23T00:00:00Z,19.3056,0.03884999999999999
TEAK,2026-06-24T00:00:00Z,20.2874,0.04302499999999999
TEAK,2026-06-25T00:00:00Z,19.9258,0.045
TEAK,2026-06-26T00:00:00Z,19.4826,0.0461
TEAK,2026-06-27T00:00:00Z,16.913,0.03983333333333333
TEAK,2026-06-28T00:00:00Z,16.0978,0.041575
TEAK,2026-06-29T00:00:00Z,15.8016,0.039825
TEAK,2026-06-30T00:00:00Z,16.1164,0.0387
TOOL,2026-06-01T00:00:00Z,-0.1216,NA
TOOL,2026-06-02T00:00:00Z,-0.0912,NA
TOOL,2026-06-03T00:00:00Z,-0.03420000000000001,NA
TOOL,2026-06-04T00:00:00Z,0.3024,NA
TOOL,2026-06-05T00:00:00Z,-0.0106,NA
TOOL,2026-06-06T00:00:00Z,0.2088,NA
TOOL,2026-06-07T00:00:00Z,0.5512,NA
TOOL,2026-06-08T00:00:00Z,0.3484,NA
TOOL,2026-06-09T00:00:00Z,-0.0456,NA
TOOL,2026-06-10T00:00:00Z,-0.0836,NA
TOOL,2026-06-11T00:00:00Z,1.0334,0.1234
TOOL,2026-06-12T00:00:00Z,1.6158,NA
TOOL,2026-06-13T00:00:00Z,2.2364,NA
TOOL,2026-06-14T00:00:00Z,4.3814,0.0896
TOOL,2026-06-15T00:00:00Z,5.879,0.092
TOOL,2026-06-16T00:00:00Z,2.696,0.1184
TOOL,2026-06-17T00:00:00Z,4.4014,0.1148
TOOL,2026-06-18T00:00:00Z,5.0962,0.1072
TOOL,2026-06-19T00:00:00Z,6.907,NA
TOOL,2026-06-20T00:00:00Z,9.0414,0.1013
TOOL,2026-06-21T00:00:00Z,9.2866,0.0946
TOOL,2026-06-22T00:00:00Z,6.141,0.1006
TOOL,2026-06-23T00:00:00Z,8.5434,0.0917
TOOL,2026-06-24T00:00:00Z,11.0002,0.0918
TOOL,2026-06-25T00:00:00Z,11.2662,NA
TOOL,2026-06-26T00:00:00Z,10.99,NA
TOOL,2026-06-27T00:00:00Z,7.6314,0.0969
TOOL,2026-06-28T00:00:00Z,4.9696,0.0472
TOOL,2026-06-29T00:00:00Z,8.474,0.0931
TOOL,2026-06-30T00:00:00Z,4.2556,0
TREE,2026-06-01T00:00:00Z,15.722,0.13425
TREE,2026-06-02T00:00:00Z,16.5956,0.1207
TREE,2026-06-03T00:00:00Z,16.4092,0.11055
TREE,2026-06-04T00:00:00Z,16.619,0.10465
TREE,2026-06-05T00:00:00Z,15.5772,0.10225
TREE,2026-06-07T00:00:00Z,17.4682,0.16
TREE,2026-06-08T00:00:00Z,17.7742,0.15843333333333334
TREE,2026-06-09T00:00:00Z,16.7856,0.13724999999999998
TREE,2026-06-10T00:00:00Z,18.2772,0.1521
TREE,2026-06-11T00:00:00Z,16.974,0.1931
TREE,2026-06-12T00:00:00Z,15.4686,NA
TREE,2026-06-13T00:00:00Z,16.6504,NA
TREE,2026-06-14T00:00:00Z,16.6062,0.1664
TREE,2026-06-15T00:00:00Z,14.9598,0.15310000000000001
TREE,2026-06-16T00:00:00Z,15.7318,NA
TREE,2026-06-17T00:00:00Z,14.642,0.17895
TREE,2026-06-18T00:00:00Z,12.7854,0.2192
TREE,2026-06-19T00:00:00Z,14.5562,0.1603
TREE,2026-06-20T00:00:00Z,13.8104,0.1855
TREE,2026-06-21T00:00:00Z,14.6568,0.1915
TREE,2026-06-22T00:00:00Z,15.3348,0.18345
TREE,2026-06-23T00:00:00Z,15.7468,0.1418
TREE,2026-06-24T00:00:00Z,15.5608,0.16765000000000002
TREE,2026-06-25T00:00:00Z,14.736,0.17865
TREE,2026-06-26T00:00:00Z,15.6184,0.1709
TREE,2026-06-27T00:00:00Z,16.3916,0.2008
TREE,2026-06-28T00:00:00Z,17.2408,0.1261
TREE,2026-06-29T00:00:00Z,17.075,0.15205000000000002
TREE,2026-06-30T00:00:00Z,19.371,0.1066
UKFS,2026-06-01T00:00:00Z,21.808,0.1369
UKFS,2026-06-02T00:00:00Z,23.1768,0.243175
UKFS,2026-06-03T00:00:00Z,22.5006,0.20755
UKFS,2026-06-04T00:00:00Z,22.036,0.1899
UKFS,2026-06-05T00:00:00Z,22.3824,0.1711
UKFS,2026-06-06T00:00:00Z,23.3652,0.158275
UKFS,2026-06-07T00:00:00Z,22.3008,0.152925
UKFS,2026-06-08T00:00:00Z,22.0972,0.2363
UKFS,2026-06-09T00:00:00Z,22.7362,0.24634
UKFS,2026-06-10T00:00:00Z,24.0904,0.219825
UKFS,2026-06-11T00:00:00Z,24.3886,0.213375
UKFS,2026-06-12T00:00:00Z,24.0282,NA
UKFS,2026-06-13T00:00:00Z,22.7802,NA
UKFS,2026-06-14T00:00:00Z,24.029,0.19346
UKFS,2026-06-15T00:00:00Z,21.3162,0.25745
UKFS,2026-06-16T00:00:00Z,21.58,0.163025
UKFS,2026-06-17T00:00:00Z,21.8276,0.17654
UKFS,2026-06-18T00:00:00Z,24.1724,0.1562
UKFS,2026-06-19T00:00:00Z,20.8414,0.14064
UKFS,2026-06-20T00:00:00Z,21.4282,0.1258
UKFS,2026-06-21T00:00:00Z,22.4964,0.1113
UKFS,2026-06-22T00:00:00Z,21.8212,0.242925
UKFS,2026-06-23T00:00:00Z,20.425,0.28885
UKFS,2026-06-24T00:00:00Z,21.2228,0.2537666666666667
UKFS,2026-06-25T00:00:00Z,22.8732,0.25383333333333336
UKFS,2026-06-26T00:00:00Z,21.4012,0.21082
UKFS,2026-06-27T00:00:00Z,22.1172,0.2451
UKFS,2026-06-28T00:00:00Z,23.7296,0.283
UKFS,2026-06-29T00:00:00Z,25.3644,0.21994
UKFS,2026-06-30T00:00:00Z,25.9438,0.17705
UNDE,2026-06-01T00:00:00Z,15.404,0.1911
UNDE,2026-06-02T00:00:00Z,15.4066,0.18195
UNDE,2026-06-03T00:00:00Z,15.5926,0.17325000000000002
UNDE,2026-06-04T00:00:00Z,15.8976,0.1658
UNDE,2026-06-05T00:00:00Z,15.7112,0.1409
UNDE,2026-06-06T00:00:00Z,15.132,0.19605
UNDE,2026-06-07T00:00:00Z,16.075599999999998,0.2037
UNDE,2026-06-08T00:00:00Z,17.038,0.1652
UNDE,2026-06-09T00:00:00Z,16.4636,0.1581
UNDE,2026-06-10T00:00:00Z,17.340799999999998,0.2278
UNDE,2026-06-11T00:00:00Z,16.9906,0.20665
UNDE,2026-06-12T00:00:00Z,15.216,NA
UNDE,2026-06-13T00:00:00Z,15.3674,NA
UNDE,2026-06-14T00:00:00Z,14.7886,0.1716
UNDE,2026-06-15T00:00:00Z,13.6096,0.20165
UNDE,2026-06-16T00:00:00Z,13.8072,0.1982
UNDE,2026-06-17T00:00:00Z,13.0828,0.20395
UNDE,2026-06-18T00:00:00Z,12.262,0.22115
UNDE,2026-06-19T00:00:00Z,13.1618,0.20575
UNDE,2026-06-20T00:00:00Z,13.029,0.20085
UNDE,2026-06-21T00:00:00Z,13.5352,0.1987
UNDE,2026-06-22T00:00:00Z,13.935,0.226
UNDE,2026-06-23T00:00:00Z,13.9514,0.19
UNDE,2026-06-24T00:00:00Z,14.4688,0.18535
UNDE,2026-06-25T00:00:00Z,13.8622,0.1864
UNDE,2026-06-26T00:00:00Z,14.5714,0.1907
UNDE,2026-06-27T00:00:00Z,15.3336,0.2081
UNDE,2026-06-28T00:00:00Z,16.112000000000002,0.20715
UNDE,2026-06-29T00:00:00Z,16.2676,0.1442
UNDE,2026-06-30T00:00:00Z,16.6262,NA
WOOD,2026-06-01T00:00:00Z,16.874200000000002,0.0943
WOOD,2026-06-02T00:00:00Z,21.62,0.0672
WOOD,2026-06-03T00:00:00Z,19.4858,0.08586666666666667
WOOD,2026-06-04T00:00:00Z,18.7118,0.16763333333333333
WOOD,2026-06-05T00:00:00Z,21.2146,0.1618
WOOD,2026-06-06T00:00:00Z,21.4788,0.15355000000000002
WOOD,2026-06-07T00:00:00Z,22.423,0.13345
WOOD,2026-06-08T00:00:00Z,23.0382,0.097125
WOOD,2026-06-09T00:00:00Z,21.6674,0.1371
WOOD,2026-06-10T00:00:00Z,22.7366,0.1164
WOOD,2026-06-11T00:00:00Z,18.9206,0.15733333333333333
WOOD,2026-06-12T00:00:00Z,16.1358,0.19033333333333333
WOOD,2026-06-13T00:00:00Z,18.7678,NA
WOOD,2026-06-14T00:00:00Z,15.5352,NA
WOOD,2026-06-15T00:00:00Z,19.0078,0.1407
WOOD,2026-06-16T00:00:00Z,15.1684,0.1285
WOOD,2026-06-17T00:00:00Z,17.229,0.1571
WOOD,2026-06-18T00:00:00Z,16.36,0.1565
WOOD,2026-06-19T00:00:00Z,19.5134,0.1259
WOOD,2026-06-20T00:00:00Z,17.8246,0.1536
WOOD,2026-06-21T00:00:00Z,20.2504,0.102
WOOD,2026-06-22T00:00:00Z,20.4102,0.0826
WOOD,2026-06-23T00:00:00Z,20.187,0.072825
WOOD,2026-06-24T00:00:00Z,19.4872,0.15794999999999998
WOOD,2026-06-25T00:00:00Z,17.969,0.11745
WOOD,2026-06-26T00:00:00Z,21.7812,0.117775
WOOD,2026-06-27T00:00:00Z,17.040399999999998,0.14125
WOOD,2026-06-28T00:00:00Z,19.132,0.12305
WOOD,2026-06-29T00:00:00Z,22.5528,0.1805
WOOD,2026-06-30T00:00:00Z,20.7184,0.15083333333333335
WREF,2026-06-01T00:00:00Z,15.2086,0.0452
WREF,2026-06-02T00:00:00Z,17.200400000000002,0.05786666666666667
WREF,2026-06-03T00:00:00Z,18.3656,0.0564
WREF,2026-06-04T00:00:00Z,15.8412,0.06195
WREF,2026-06-05T00:00:00Z,15.9774,0.05459999999999999
WREF,2026-06-06T00:00:00Z,12.7958,0.0306
WREF,2026-06-07T00:00:00Z,10.5818,0.1315
WREF,2026-06-08T00:00:00Z,12.7314,0.0656
WREF,2026-06-09T00:00:00Z,11.9686,0.095225
WREF,2026-06-10T00:00:00Z,12.3812,0.0855
WREF,2026-06-11T00:00:00Z,13.1728,0.07856666666666666
WREF,2026-06-12T00:00:00Z,15.6512,NA
WREF,2026-06-13T00:00:00Z,16.944,NA
WREF,2026-06-14T00:00:00Z,18.3514,NA
WREF,2026-06-15T00:00:00Z,19.5812,0.07875
WREF,2026-06-16T00:00:00Z,21.1356,NA
WREF,2026-06-17T00:00:00Z,19.0592,0.07015
WREF,2026-06-18T00:00:00Z,18.4288,0.0414
WREF,2026-06-19T00:00:00Z,19.5796,0.0931
WREF,2026-06-20T00:00:00Z,20.8418,0.0593
WREF,2026-06-21T00:00:00Z,17.3458,NA
WREF,2026-06-22T00:00:00Z,19.0448,0.0456
WREF,2026-06-23T00:00:00Z,20.369,NA
WREF,2026-06-24T00:00:00Z,20.4446,0.0636
WREF,2026-06-25T00:00:00Z,21.222,0.0421
WREF,2026-06-26T00:00:00Z,17.557,0.06075
WREF,2026-06-27T00:00:00Z,15.7822,0.0406
WREF,2026-06-28T00:00:00Z,14.6984,0.0397
WREF,2026-06-29T00:00:00Z,15.1998,0.0493
WREF,2026-06-30T00:00:00Z,14.687,0.0385
YELL,2026-06-01T00:00:00Z,8.434,0.2408
YELL,2026-06-02T00:00:00Z,12.0146,0.215
YELL,2026-06-03T00:00:00Z,13.219,0.2007
YELL,2026-06-04T00:00:00Z,14.6748,0.1905
YELL,2026-06-05T00:00:00Z,13.5008,0.1772
YELL,2026-06-06T00:00:00Z,15.454,0.1687
