site_id,model,day,horizon,mean,sd,q0.025,q0.10,q0.5,q0.90,q0.975,crps
ABBY,lm,2025-09-27T00:00:00Z,0,5.505726853101648,5.444926723403084,-0.8196370154244287,1.0893668650489154,5.469718931138356,10.189824424396631,11.599361060348764,0.9473411479172608
ABBY,lm,2025-09-28T00:00:00Z,1,6.5777056060076795,5.172345877307948,0.3653612899533761,2.7307127821860138,6.6280572508523985,10.254109274760333,12.910287432286275,1.4800458803716203
ABBY,lm,2025-09-29T00:00:00Z,2,6.859287412748508,5.349148238267839,0.7585384383786526,2.5013431131265644,6.65532654980272,11.36750018861155,13.013728773823054,1.65120941643945
ABBY,lm,2025-09-30T00:00:00Z,3,6.144955135542673,6.129652998545437,-0.9811391415386026,1.2743021456300343,6.128342954445857,10.805264784676115,13.498004934499956,1.2244154535900047
BLAN,lm,2025-09-29T00:00:00Z,2,4.214998843619481,4.5619776061939685,-1.0144659979255943,0.5158447098794213,4.1715716582047015,7.709855235606507,9.692188612332371,1.2099602079084917
BLAN,lm,2025-09-30T00:00:00Z,3,4.461252382803232,4.16206132563641,-0.3727181115172136,1.248859127443542,4.172098179526371,8.004416762328919,9.25360595623454,1.2481649884308788
BLAN,lm,2025-09-27T00:00:00Z,0,4.306596910829895,4.595672683424118,-1.014199798428368,0.6215294653235116,4.338068349521782,7.716904883077202,9.870681654655346,2.025115535673525
BLAN,lm,2025-09-28T00:00:00Z,1,3.9880716711179853,4.634883155063536,-1.5653438938626307,0.44134845131003914,4.0674280583483515,7.545745062560915,9.451180677233252,1.543444334362891
BART,lm,2025-09-27T00:00:00Z,0,4.175389486612222,5.555113138371337,-2.5108438923129572,-0.017921764649341088,4.157102765764686,8.68466337105651,10.56394695320221,0.8048216278114666
BART,lm,2025-09-28T00:00:00Z,1,4.10993109230599,5.644514284514588,-2.693599416703249,-0.25508446545032615,4.345245777670303,8.509393887422728,10.643699678590496,0.8249250324082739
BART,lm,2025-09-29T00:00:00Z,2,3.9687161541640705,5.855701188326366,-3.075145676243013,-0.41595696046836406,4.004080461860216,8.359127939236467,10.971475006435046,1.2678872963641257
BART,lm,2025-09-30T00:00:00Z,3,3.955088688137189,5.933632358365602,-2.672578006985867,-1.0326159044574341,3.694270932185753,9.044993982842037,10.741372437101456,0.9661612831877338
CPER,lm,2025-09-29T00:00:00Z,2,0.4430896356486839,0.38780917681917065,0.015563890501667727,0.13671532195077069,0.3942650485206196,0.7443754033383885,0.9245285139319731,0.054633284550928515
CPER,lm,2025-09-30T00:00:00Z,3,0.38354315329282573,0.4424380497040995,-0.1565897074161065,0.05780475882988514,0.3914105480610715,0.7203238974125982,0.9047662695766805,0.060592909729127724
CPER,lm,2025-09-27T00:00:00Z,0,0.4628081628845139,0.4258818099777113,-0.03743046360749087,0.1303880060912064,0.45803442500618113,0.7975898719458485,0.9654589749868241,0.08214675132214011
CPER,lm,2025-09-28T00:00:00Z,1,0.41192960086604247,0.4247612454066798,-0.06858106144761458,0.05612467879030855,0.4145144846724727,0.7375789957118434,0.9200109066032023,0.07203314069061696
DCFS,lm,2025-09-27T00:00:00Z,0,4.428530309924408,4.916076771653843,-1.5514676644255823,0.5126254715124811,4.86957297430625,8.57079033279086,9.74113043543803,2.3572748909767576
DCFS,lm,2025-09-28T00:00:00Z,1,4.633354041090794,5.106701619929055,-1.0671136607145986,0.2658450605447498,4.578782128876146,8.826536780072338,10.562719896675334,2.15618569502623
DCFS,lm,2025-09-29T00:00:00Z,2,4.983196237026254,5.251492979528472,-1.1527914981280631,0.938442024393445,4.802751183179,9.025221893862312,11.302357581824577,2.031386395858725
DCFS,lm,2025-09-30T00:00:00Z,3,4.867043286296517,5.034364266198921,-1.0103188671007621,0.7179799710860512,5.120337054789288,8.804933049310309,10.702285223397698,2.4929313452421127
DEJU,lm,2025-09-27T00:00:00Z,0,0.24801905872116856,0.6212415510325523,-0.5219452997221804,-0.2092292104875253,0.2804575477984722,0.7291127720659534,0.9616994839511229,0.14286283391767468
DEJU,lm,2025-09-28T00:00:00Z,1,0.2567714520578967,0.6282083509807986,-0.4724766680828488,-0.2435579229172935,0.24874822226752752,0.7519626008261319,0.9991810281959663,0.12285749417034728
DEJU,lm,2025-09-29T00:00:00Z,2,0.2502411732069209,0.6157181807190668,-0.4693010862643703,-0.2291778326917686,0.23342931745667117,0.7366429890929193,0.9796124784411531,0.13551444207864352
DEJU,lm,2025-09-30T00:00:00Z,3,0.20765115837366688,0.6376589675678808,-0.5593540744993184,-0.29039621804672155,0.23093505512894358,0.7322268657637173,0.9248441635217134,0.13804048474350403
DELA,lm,2025-09-27T00:00:00Z,0,7.597038737237388,6.401516670680101,0.5756013270205846,2.0595032877916832,7.392684892802986,12.869701230623125,15.08770294794856,3.1411607165589484
DELA,lm,2025-09-28T00:00:00Z,1,7.402448550251519,7.232490944298341,-0.8598168038843421,1.6253762800805736,7.130987041834742,12.957390216297707,16.15830601692891,2.922434672814844
DELA,lm,2025-09-29T00:00:00Z,2,7.660736945916731,7.194230742174121,-0.6598247708661512,2.1300008070500285,7.403548525793555,12.763545228916305,16.666414938689915,3.423507883654163
DELA,lm,2025-09-30T00:00:00Z,3,7.706205781570833,7.448721265038964,-1.7567066725943752,2.428227044134286,8.224064798190675,13.569819192053771,16.065624546069806,3.397290053745544
GUAN,lm,2025-09-29T00:00:00Z,2,3.270258886935926,3.1855322513037843,-0.7634678527057444,1.060660131992071,3.47102430550345,5.536352875351637,7.046724974538217,0.5382685498588444
GUAN,lm,2025-09-30T00:00:00Z,3,3.55941546639789,3.154749957617425,-0.2252674927819231,1.0746211073424716,3.770041272591275,5.9133573146429175,7.26432513019471,0.5277310201924462
GUAN,lm,2025-09-27T00:00:00Z,0,3.495677713149251,3.17550581928694,-0.2150812722710012,0.9740969670633977,3.529475157880743,5.889561863937482,7.300335849135634,0.43289668693014216
GUAN,lm,2025-09-28T00:00:00Z,1,3.596077090458585,2.951951531126337,0.33170555545593006,1.0273946556482134,3.6160722136468113,5.9086393358373694,7.096573691704599,0.4569121981550374
DSNY,lm,2025-09-27T00:00:00Z,0,3.2813069682029363,3.9954387370200637,-1.514920391569182,0.22832761393003895,3.358438161342283,6.354597901964617,7.980091555346926,1.5242271865125456
DSNY,lm,2025-09-28T00:00:00Z,1,3.369497757753131,3.4624064952607325,-0.5295296600412576,0.6016220834449255,3.1660242932618603,5.954084503278698,7.655287568821429,1.3244736119468585
DSNY,lm,2025-09-29T00:00:00Z,2,3.1269188180214322,3.805241746496904,-1.2963453428526217,-0.025917698228939533,3.241881024802111,6.3253672416067825,7.38960886477983,1.124837220215597
DSNY,lm,2025-09-30T00:00:00Z,3,3.3209907471077122,3.9044052577182273,-0.9126019992395743,-0.08477325626679523,3.2044562127004204,6.3729580074755106,8.024914770869,1.0153490982557967
HEAL,lm,2025-09-29T00:00:00Z,2,-12.725927735564426,29.016511176513976,-46.51240031737751,-34.60579129776902,-15.263036284356009,11.511633965778092,21.239955255902313,5.564638305684265
HEAL,lm,2025-09-30T00:00:00Z,3,-12.573681086155764,25.558618013921134,-42.94914411983169,-32.635098711873624,-11.830380499870362,7.146504740023428,17.399713160773434,7.7621416406019055
HEAL,lm,2025-09-27T00:00:00Z,0,-14.924388910294443,26.676144987366197,-45.355479053251486,-35.45502113596797,-16.66499103606257,4.1085925740167575,18.74495409979305,5.149704444168411
HEAL,lm,2025-09-28T00:00:00Z,1,-18.27564114104942,25.726549627642534,-48.618059806747695,-38.387793112931135,-18.16567863325637,1.6545965409368428,12.138729306751257,3.7624614084039494
KONZ,lm,2025-09-29T00:00:00Z,2,9.442713607950164,9.183233498385349,-1.8335024449282744,2.718274354267948,9.75200262638972,16.242901955066635,20.33389154895479,2.619794537812027
KONZ,lm,2025-09-30T00:00:00Z,3,9.396535809753225,8.155267729739695,0.08228534767734325,2.857720873592774,9.039145255439006,15.919828984559903,19.083698587497093,1.3014295635844841
KONZ,lm,2025-09-27T00:00:00Z,0,9.14165078444107,8.050321152338512,-0.11098611568291479,2.6286158430546482,9.022097391773741,15.500709568229329,18.66781723483055,2.2171995405690574
KONZ,lm,2025-09-28T00:00:00Z,1,8.892466871696183,8.675172500956704,-1.77723907155589,2.1595401938728314,9.763737945834267,15.665252046236617,18.65104324409309,1.2415390636606185
LAJA,lm,2025-09-29T00:00:00Z,2,2.3238771387998853,5.006736580867119,-3.349430285230318,-1.6031002203379439,1.9762843275180089,6.060657624712086,8.534974247337594,0.6527314533461548
LAJA,lm,2025-09-30T00:00:00Z,3,2.120243175452291,5.332346986264448,-4.127529217359554,-1.9869857182364838,2.063648053044287,5.979223728685665,8.67285903112754,1.1322079803574616
LAJA,lm,2025-09-27T00:00:00Z,0,2.2466972581023574,5.579771984860184,-4.5958132942076,-1.8041478637302713,2.2835349918199492,6.585741640053304,8.764170816576405,1.2070408246295818
LAJA,lm,2025-09-28T00:00:00Z,1,1.6500104647897837,5.247211678729817,-4.399816812209228,-2.718362193496114,1.7799200242255666,5.925681151106621,7.662630154322073,0.8784909928319524
LENO,lm,2025-09-27T00:00:00Z,0,10.964055677211716,7.922160884045025,2.359874757466699,4.114021784388079,10.505073264824883,17.643538233258123,20.197770346120798,1.218265716590621
LENO,lm,2025-09-28T00:00:00Z,1,10.440060835624456,8.825261009461215,0.8321416434767519,2.796752850489272,10.225246060237104,17.144387250418696,21.20177637350045,1.45172046832296
LENO,lm,2025-09-29T00:00:00Z,2,11.353046370640667,8.59939043613045,1.1995506115748837,4.689354792786944,11.236676872829683,18.252408678547837,21.387240897463986,1.3252171936403847
LENO,lm,2025-09-30T00:00:00Z,3,10.527966372452891,9.036976800391116,-0.49026966793386906,3.652658196171446,10.918161575890139,17.75311784183035,20.80616391630639,1.2801732572068898
KONA,lm,2025-09-27T00:00:00Z,0,0.7730705537976486,2.158728300540507,-1.7538966042710213,-0.8337903833806897,0.6343073986735408,2.396485489525696,3.422246868440717,0.40251352656812295
KONA,lm,2025-09-28T00:00:00Z,1,0.5304732895666293,2.0030203691775936,-1.8822454239091146,-1.0414847727229155,0.6295736821919111,2.159075346033526,2.7874476162397395,0.37721756151674235
KONA,lm,2025-09-29T00:00:00Z,2,0.8664121719601555,1.9863396123377677,-1.4190175530845783,-0.6645623153404997,0.7629738794523906,2.3155368888163474,3.3371299599571174,0.4717884733339126
KONA,lm,2025-09-30T00:00:00Z,3,0.689630116924664,2.0386990273638115,-1.857945980893415,-0.7908418724772538,0.7956706240285653,2.3035623778075056,2.997705436157918,0.42904424336891084
MOAB,lm,2025-09-27T00:00:00Z,0,0.2728963700835951,0.271415714628912,-0.034679733098596996,0.04945331239474539,0.2714560629755425,0.47440561154121175,0.6038465966050728,0.04425999420301948
MOAB,lm,2025-09-28T00:00:00Z,1,0.2892104532297378,0.2635717048436637,-0.020797911897437127,0.08156185219241407,0.28773388622236484,0.5045898147475019,0.5929646248838454,0.050146730314798
MOAB,lm,2025-09-29T00:00:00Z,2,0.27720362177144037,0.2848352361952967,-0.06328759160149247,0.0622744984358025,0.2725540482788884,0.5046321039731536,0.6098450497708499,0.06797136345328737
MOAB,lm,2025-09-30T00:00:00Z,3,0.280723102447157,0.2674895517724839,-0.036539709819389365,0.06613240729331915,0.2946638646290257,0.48875486389738854,0.5906040862354409,0.06341262564181585
MLBS,lm,2025-09-29T00:00:00Z,2,3.7201459167039554,4.619394279038194,-1.4557512792670824,-0.186048968606282,3.6682268150516726,7.3957570900076925,9.178545926333776,0.8385819567724729
MLBS,lm,2025-09-30T00:00:00Z,3,3.9055158254505886,4.442438539535314,-1.295694783655195,0.4752071512055327,3.866973710727519,7.114721606588183,9.366371442386905,0.9203990311035585
MLBS,lm,2025-09-27T00:00:00Z,0,3.8989534753889994,4.05552971577419,-0.9283896632787954,0.7723476198387073,3.89659430467679,7.14945593298452,8.604759182723775,1.901134379527614
MLBS,lm,2025-09-28T00:00:00Z,1,4.106987603104484,4.688441474572692,-1.397940091819824,0.4384358179431477,3.9809903393945483,8.083144669383362,9.430307280621186,1.9750303038313002
NOGP,lm,2025-09-27T00:00:00Z,0,4.306646279614394,5.641083375576387,-2.1946821913211108,-0.3199826628326352,4.435600958935835,8.559420037768104,11.052875255521773,1.260304058723417
NOGP,lm,2025-09-28T00:00:00Z,1,4.749900263507649,6.523656724365697,-3.3586378778521064,0.051179610501702444,4.918031998248866,9.950538646206926,12.188388940432857,1.7643305029583387
NOGP,lm,2025-09-29T00:00:00Z,2,4.639480732901593,5.742315351097389,-2.322557684510782,0.2614016951960798,4.74923456204633,9.484400288254326,11.024924803522008,1.3190787552260037
NOGP,lm,2025-09-30T00:00:00Z,3,4.6027560623464225,5.311438926135316,-1.5971947999766498,0.34013507165405094,4.6783811262880874,8.72708154641235,10.865377367354274,0.973442293230751
OAES,lm,2025-09-29T00:00:00Z,2,1.1777847330602498,1.3022449630486073,-0.38411307620347207,0.14071491661922703,1.2539097003000168,2.238997853091081,2.6394142714943967,0.38548861648227956
OAES,lm,2025-09-30T00:00:00Z,3,1.0587395565866162,1.548788831782662,-0.9171006975536655,-0.0026588666187540573,1.141731266327998,2.224574699401234,2.8471513813762686,0.25226217182531874
OAES,lm,2025-09-27T00:00:00Z,0,1.177889098507225,1.5144935796356758,-0.5709224974331328,-0.10229641975161177,1.2915190857197416,2.3077375393974258,2.9634077846037026,0.4553438996812663
OAES,lm,2025-09-28T00:00:00Z,1,1.1294164090087877,1.4029665949620913,-0.5614919358597771,0.06052281285450113,1.1359291779960945,2.3045498699139064,2.707572120139214,0.3029565771306477
ONAQ,lm,2025-09-29T00:00:00Z,2,0.11047864370008345,0.1655603657881494,-0.083471432922959235,-0.023864685420353283,0.1147963423713743,0.24528741824057076,0.29964557623178467,0.02573887659335805
ONAQ,lm,2025-09-30T00:00:00Z,3,0.12576149259048677,0.16009612839476964,-0.05590787634130739,-0.004409983952963808,0.11815603493268584,0.2581543028169314,0.31281498549708775,0.02457320368972131
ONAQ,lm,2025-09-27T00:00:00Z,0,0.13602312496669125,0.18190575404495377,-0.07936090951143393,0.004767201587431323,0.12672615123599373,0.26247251500370117,0.365510666517764,0.02542324188281122
ONAQ,lm,2025-09-28T00:00:00Z,1,0.12775835384584633,0.17156985756693105,-0.07320914721563239,-4.351564684520361e-4,0.11516993860941072,0.26421978454554124,0.3330463497583641,0.024956515752507395
OSBS,lm,2025-09-27T00:00:00Z,0,1.4776107480264882,0.9651514720305798,0.35097078145932736,0.7382371743295982,1.4594033330586056,2.160296143898192,2.6791463073867177,0.16292244390949223
OSBS,lm,2025-09-28T00:00:00Z,1,1.4261466742269093,1.0128517836222268,0.1968197922297464,0.6632920800692276,1.4332812655486387,2.277201466702217,2.5601387665847173,0.22176925362874267
OSBS,lm,2025-09-29T00:00:00Z,2,1.4739954905373118,0.9956454586363216,0.3539479552306369,0.6199338334568674,1.5129038712953125,2.209974687248772,2.6732171054549703,0.19183166121316247
OSBS,lm,2025-09-30T00:00:00Z,3,1.4090450396986667,0.8961456565561019,0.36541941184842536,0.7438043245151551,1.3282019812552175,2.1134489333408495,2.494350547533686,0.3062331475242052
SCBI,lm,2025-09-29T00:00:00Z,2,6.440563573023977,5.955552072930528,-0.5239698209879852,1.5570280232924054,6.589424425689723,11.561174278702254,13.019160958423488,1.2144560706797602
SCBI,lm,2025-09-30T00:00:00Z,3,6.85297520120897,5.788521596170124,-0.11342511205473005,2.72294289875172,6.507408902102966,11.377951397393318,13.769997919851578,0.84204195190993
SCBI,lm,2025-09-27T00:00:00Z,0,6.662457024298019,5.917827490475856,0.09864276053526014,1.6813043682258908,6.550593960966851,11.035909235824485,13.945834795937607,3.2298866314157864
SCBI,lm,2025-09-28T00:00:00Z,1,6.566682928823038,6.127431667805431,-0.6595410405026714,1.7949629460599859,6.572655054113873,11.280030718645518,13.845306965798487,1.3048412902481348
SOAP,lm,2025-09-27T00:00:00Z,0,4.811736572122234,3.7062263226352736,0.5750376212361307,1.8119505275698913,4.791625255395295,7.527176464036461,9.352892992373391,0.5545513661645254
SOAP,lm,2025-09-28T00:00:00Z,1,4.612139306231172,3.670239124728826,0.4077214738948673,1.7642716584802898,4.294208637579757,7.651484834011386,8.94300992718956,0.6320090254696363
SOAP,lm,2025-09-29T00:00:00Z,2,4.749618883189184,3.598420861588035,0.48167482207389856,1.9498362520395285,4.735682788485102,7.713720977502565,8.867179575844826,0.5447278101242172
SOAP,lm,2025-09-30T00:00:00Z,3,4.661340365219676,3.6509333260966264,0.36365070737182836,1.772166987465262,4.692893393660013,7.5683348132230925,8.909655924378182,0.5593133400640166
SRER,lm,2025-09-27T00:00:00Z,0,0.49874872576998314,0.4463925811126855,-0.0428426917661029,0.1649059693098365,0.5140525184658205,0.8235838023575534,1.0340440304828082,0.325789776398847
SRER,lm,2025-09-28T00:00:00Z,1,0.4949737877005223,0.4339110271853466,0.016681391274542948,0.14875260389810033,0.43975886059778624,0.8497716497086987,1.0199044330234832,0.103098611771775
SRER,lm,2025-09-29T00:00:00Z,2,0.45191848968287085,0.4302021151222274,-0.054053481632899705,0.12306175955800606,0.4414364348486217,0.7777336801232344,0.9714140555173918,0.0749166029812316
SRER,lm,2025-09-30T00:00:00Z,3,0.4455555384264024,0.4178640587817718,-0.05588593200053912,0.1205160478355986,0.46335881858318695,0.7660775689880687,0.9337111887256968,0.0883746807913059
STEI,lm,2025-09-29T00:00:00Z,2,2.65394750136044,3.302551033932231,-1.3385244029532775,0.0025521463687399643,2.935388836211314,5.423940908694486,6.246380018480937,0.5593099460076763
STEI,lm,2025-09-30T00:00:00Z,3,3.16834952498049,3.4042315318219507,-0.5060279175281827,0.42116611297466,2.709251366399762,5.764701053933248,7.452657009122961,0.5539315140772573
STEI,lm,2025-09-27T00:00:00Z,0,2.5177817362176196,3.5451727378892945,-1.9237724932430542,0.013954951036780395,2.6383163655453266,5.232833530682618,6.627576327066428,0.6706443558715712
STEI,lm,2025-09-28T00:00:00Z,1,2.670858078048332,3.3777496754452554,-1.177223849505868,-0.0711494357584993,2.536367544031901,5.449043568846338,6.61725256262779,0.5313008203632471
STER,lm,2025-09-27T00:00:00Z,0,0.8614899403761038,0.8962167960988889,-0.19130303648640906,0.14569337690227102,0.8994003136785825,1.5111700422783905,1.9424890055076842,0.13968838456180077
STER,lm,2025-09-28T00:00:00Z,1,0.8567507449326056,0.8237710605299422,-0.10274460146046552,0.20395585775212155,0.8427469176883379,1.519880671509299,1.819914879173735,0.12712372094434043
STER,lm,2025-09-29T00:00:00Z,2,0.9021574759090719,0.8286209592960948,-0.08852298219438652,0.2681361605120264,0.9188311308855341,1.5192694852345214,1.8930735851076639,0.21112422164470826
STER,lm,2025-09-30T00:00:00Z,3,0.9106654844464505,0.811552011621475,-0.006860842231577327,0.2727861198176903,0.8532284069575734,1.5148591382998697,1.9193145993886964,0.15950424880248504
TALL,lm,2025-09-27T00:00:00Z,0,4.535001964888,6.039589838247404,-2.689130382760135,-0.19384426388246884,4.694409692873355,9.486552147721918,11.377022630487332,3.0111410994848726
TALL,lm,2025-09-28T00:00:00Z,1,4.332125302548154,6.61744190046314,-3.760299314461363,-0.7917812957142851,4.806965387262328,9.697355330097967,11.708386405556123,2.714074694071014
TALL,lm,2025-09-29T00:00:00Z,2,5.2044918719705375,6.0725398332809135,-1.8855381003430307,0.0840826760041299,5.592600188468653,10.415134880354422,11.816179715368515,3.6326355885718735
TALL,lm,2025-09-30T00:00:00Z,3,5.244942360352373,7.229926609271129,-3.5540090105604385,-0.12604064231328221,5.395681826222747,10.750093713069857,13.75898591534298,3.428264958734283
TREE,lm,2025-09-29T00:00:00Z,2,2.4629907773895985,2.8403828337015584,-1.0224419190562724,0.25310402250144354,2.761856975118983,4.618500556403556,5.703934251980281,0.8468359876346624
TREE,lm,2025-09-30T00:00:00Z,3,2.5721814467406885,2.532441290647406,-0.35059653481886377,0.5476661824760263,2.539582833809498,4.509398579347571,5.61485617288921,0.7364866227459879
TREE,lm,2025-09-27T00:00:00Z,0,2.5336555412120676,2.4867433215965455,-0.37756164255893343,0.5794137641627443,2.4875258583303217,4.555086233337221,5.423813492788984,0.5814684705869807
TREE,lm,2025-09-28T00:00:00Z,1,2.322721410810893,2.322929895385511,-0.43287127935157943,0.45910204975791313,2.434780256325957,4.159241180694172,4.993354846628001,0.3995385765923095
UKFS,lm,2025-09-27T00:00:00Z,0,2.7315689838166826,3.1694253487606483,-0.8801338721804597,0.20388086712962428,2.602093654004431,5.130707224879351,6.601297045250467,1.036286819815208
UKFS,lm,2025-09-28T00:00:00Z,1,2.7964025358515237,3.2415579562632155,-0.996370897504348,0.1867588130283141,2.8203007309044343,5.489628718155855,6.481695314673363,1.1891891616079968
UKFS,lm,2025-09-29T00:00:00Z,2,2.675472087935,2.8066038258462966,-0.5990237017270796,0.4507682328318297,2.669561973070178,4.843510689383967,6.0125432461161035,1.0649352025640761
UKFS,lm,2025-09-30T00:00:00Z,3,2.5276898045216276,3.171330817222311,-1.1533032665966094,0.08428012530451812,2.4306117286837745,4.817893877488357,6.458966557728099,0.8645769429856042
UNDE,lm,2025-09-27T00:00:00Z,0,1.6879572611503335,1.3034537182251769,0.16396086773202717,0.6798601960811826,1.6686653225157717,2.645856173391429,3.2814437460312567,0.19527589813338075
UNDE,lm,2025-09-28T00:00:00Z,1,1.7217423559699876,1.418656470322383,-0.01625879490246533,0.7039441275853426,1.707214189248754,2.8274288799907303,3.386383377927576,0.1950920242388078
UNDE,lm,2025-09-29T00:00:00Z,2,1.7237072656883239,1.322831672276554,0.15614846199714294,0.6843177517848484,1.754458770591695,2.744763817490977,3.278847526576956,0.28631081835687777
UNDE,lm,2025-09-30T00:00:00Z,3,1.9855257498894208,1.2912035776441098,0.6251278938441485,0.8869976608876575,1.8800470812524506,2.8726526425722922,3.6628034708905552,0.36731954493830066
WREF,lm,2025-09-29T00:00:00Z,2,3.0111642848888005,2.5076845696279806,0.0418427035736358,1.158950757425432,2.8625257760694995,4.980036168689416,6.012466018686019,1.2722418488938962
WREF,lm,2025-09-30T00:00:00Z,3,2.64809621601758,2.557684659246161,-0.3919282828369049,0.5897076501798513,2.842526696747597,4.540639110366485,5.659535905630872,1.0569171576163192
WREF,lm,2025-09-27T00:00:00Z,0,3.080263296214071,2.7680568568070316,-0.14472764143055902,0.930940168700907,3.066170501292842,5.029236646355198,6.519696806151967,1.281572715849179
WREF,lm,2025-09-28T00:00:00Z,1,3.214240194039066,2.783806888832814,0.19967694414950524,0.7916656174761851,3.100083829625102,5.43293184316223,6.546842735782308,1.326233604899944
WOOD,lm,2025-09-29T00:00:00Z,2,2.7294171237843012,1.9561520568977364,0.4749392771596746,1.277581043841069,2.5352092351374287,4.194459938479237,5.1648961243040965,0.3463112381020782
WOOD,lm,2025-09-30T00:00:00Z,3,2.71744499044473,1.7740259485153422,0.6436298688195029,1.24618650520868,2.8046688613165403,4.184271429436704,4.708468287442224,0.702456145994942
WOOD,lm,2025-09-27T00:00:00Z,0,2.2748061715574996,1.9664622825674007,0.038879928752761375,0.6318396780271736,2.2711508690265436,3.87542818774766,4.55673219423336,0.31028688255458925
WOOD,lm,2025-09-28T00:00:00Z,1,2.521017218874444,1.907827719947462,0.4180676887183443,0.8871530566074842,2.496932338355618,3.957305223023362,4.845627787667412,0.36987396353023244
ABBY,exp,2025-09-27T00:00:00Z,0,7.487713885560628,5.552594018819066,2.349871114847455,3.180596770292051,5.461924135147655,11.163520490905004,15.282656916610975,0.9195230719245643
ABBY,exp,2025-09-28T00:00:00Z,1,8.638058183422658,6.194836388311885,2.6944223769744515,3.764875132196897,6.69396879284177,12.870327184870195,17.166697430229974,1.8211001983653472
ABBY,exp,2025-09-29T00:00:00Z,2,8.45134382356992,6.145323354284528,2.574723536798052,3.6298967898130785,6.858296532919996,11.839598991396072,17.354203266922397,1.9719717049012417
ABBY,exp,2025-09-30T00:00:00Z,3,7.421224987008819,5.548905757498123,2.3453550399699328,3.1175321510062597,5.644175982270484,10.403158775477749,15.595902986319668,1.0377404303618516
BLAN,exp,2025-09-29T00:00:00Z,2,1.374697024886231,1.1695268259102258,0.33689167152262306,0.44364658355469644,0.9727057565151127,2.0332324125741974,3.0870087002645255,0.693210025914963
BLAN,exp,2025-09-30T00:00:00Z,3,1.504945118543641,1.3797297355264906,0.26376687731280424,0.38584101476019295,1.0364889621319535,2.370968116616322,3.4676606218969326,0.6206060512166707
BLAN,exp,2025-09-27T00:00:00Z,0,1.4012895826039315,1.1879376680460711,0.29310223685934345,0.45228847346698603,0.9770655912994931,2.2832260638026436,3.000765547591192,0.16070794702639365
BLAN,exp,2025-09-28T00:00:00Z,1,1.5014770821724286,1.5249489140341141,0.22412697888734254,0.32653542831296445,0.8862856495237736,2.2585016994373417,3.8119356547007204,0.4139312795358107
BART,exp,2025-09-27T00:00:00Z,0,8.120322344531226,13.135388136769174,0.04691801478663135,0.11944343589220438,0.8046699521644392,9.001029877742042,30.62955044207082,1.895182365155016
BART,exp,2025-09-28T00:00:00Z,1,4.884631850342352,6.975288754507095,0.03508396605065441,0.11092742810832483,0.9152731731236992,7.1989233275107365,16.162951356918345,2.0962282012752813
BART,exp,2025-09-29T00:00:00Z,2,5.677717418717543,8.329131906396025,0.05485220744211313,0.14013890481585126,0.7836769883828841,8.1196438477728,19.290275145174064,0.7822128951217893
BART,exp,2025-09-30T00:00:00Z,3,4.8630824246522835,7.718996702471919,0.029141889255858415,0.09375895662660114,0.7766187222359286,5.312060685743233,18.103831869399798,1.006566233319806
CPER,exp,2025-09-29T00:00:00Z,2,0.3199843280979049,0.3680902223912657,0.028687352239976018,0.0470045845813547,0.1433403347248707,0.49435168729690837,0.8865376816464146,0.13299746755124703
CPER,exp,2025-09-30T00:00:00Z,3,0.3444478309173214,0.4289111599371287,0.030620804535038664,0.04934150973963156,0.14933875939380714,0.4390813914278321,1.0538566894902974,0.11989786349126962
CPER,exp,2025-09-27T00:00:00Z,0,0.3400924715361811,0.4141080373957151,0.028031385346718264,0.04798253317014282,0.1359700093663188,0.48453133185200925,1.0039470979457163,0.10956022995649146
CPER,exp,2025-09-28T00:00:00Z,1,0.2922183145652008,0.34617347443701296,0.02088897378918042,0.03822803099265532,0.14348445412220598,0.4148647746612073,0.8436253392607551,0.12922866109348133
DCFS,exp,2025-09-27T00:00:00Z,0,4.272673779752048,4.456596663666878,0.517741777177232,0.8261186106010725,2.1550817053398923,7.264888716241877,10.599538089400166,1.031574108100816
DCFS,exp,2025-09-28T00:00:00Z,1,4.685532381875713,5.100972358809943,0.5385547454275347,0.9610192751306209,2.4128702553090617,6.894625865549421,12.620591767961926,1.00813714330345
DCFS,exp,2025-09-29T00:00:00Z,2,6.174635104159562,7.116065608564339,0.5852479453897392,0.9753700342273677,2.992276796363921,8.88474677655839,17.43553396825839,1.036477020201578
DCFS,exp,2025-09-30T00:00:00Z,3,7.166772021561068,8.234050126487281,0.6886531136642254,1.4784125122801077,3.7025987608335873,9.382288259643241,20.58190746138418,1.9471878911176952
DEJU,exp,2025-09-27T00:00:00Z,0,0.1684914629245371,0.13036094697471554,0.04262053904146233,0.06310071913887419,0.1314166023192161,0.2599489781936701,0.34537047592946274,0.06560388767246877
DEJU,exp,2025-09-28T00:00:00Z,1,0.1780943550240207,0.14744425581049417,0.042587348723236,0.06318192899342102,0.12532932568212962,0.27203390746799705,0.3873392642533198,0.04252615520731749
DEJU,exp,2025-09-29T00:00:00Z,2,0.1590841669596657,0.12454746077750971,0.041947063056194146,0.06043232055276047,0.12262910177573391,0.23299267750444072,0.3374196719091993,0.07243420554488006
DEJU,exp,2025-09-30T00:00:00Z,3,0.16709819486138486,0.13178513297354147,0.04288017894947103,0.0597472102562838,0.1251598873377432,0.26290682290255385,0.34479687486087246,0.08758685419964986
DELA,exp,2025-09-27T00:00:00Z,0,7.334876457865757,7.086252530504833,0.9869041081949016,1.7599556146475077,4.601656011713996,11.959964831722449,17.36590172304993,1.5885301675276051
DELA,exp,2025-09-28T00:00:00Z,1,8.455215337959968,8.91669908194214,1.0252750814382707,1.6785172020875783,4.569717918416891,13.134209800800562,21.868356687056544,1.7008575460296453
DELA,exp,2025-09-29T00:00:00Z,2,9.264799118410298,10.008589767671037,0.9286035941806545,1.7263699942231714,4.491695517985385,15.205710575271196,23.971615910391087,1.9852421648248113
DELA,exp,2025-09-30T00:00:00Z,3,8.406856739073733,8.072738125717816,1.086643311697756,2.002839756110824,5.613497922822738,13.359504437926361,19.97179826681099,1.9631707265232263
GUAN,exp,2025-09-29T00:00:00Z,2,4.987394380711822,3.9705099976841516,1.2359528005097313,1.9162377339923002,3.638776047085134,7.597990790017282,10.548014531954664,0.5511891145200514
GUAN,exp,2025-09-30T00:00:00Z,3,4.84555627508538,3.9037056831360513,1.3153951039954959,1.648692208929772,3.6341301279872287,7.1874166133522515,10.442147321162148,0.587283246899952
GUAN,exp,2025-09-27T00:00:00Z,0,4.565617895771008,3.4654518191849206,1.3148868004535048,1.8117651324877537,3.4749182093481084,6.785608085532945,9.44091125103273,0.4627205259129126
GUAN,exp,2025-09-28T00:00:00Z,1,4.833087802654351,3.7383884385190647,1.3494160052605153,1.816696452490464,3.686731920925366,7.221094769498659,10.09149986509675,0.4680890292433751
DSNY,exp,2025-09-27T00:00:00Z,0,2.8595205719684946,3.316083428486962,0.2273605591341407,0.4126129650092041,1.37943146677793,4.219713379416045,8.058484489505155,0.38760960564598823
DSNY,exp,2025-09-28T00:00:00Z,1,2.986970323396702,3.572407675430626,0.16817649022633382,0.41377463441553375,1.2883651192450385,4.4758235170798555,8.588711856016749,0.3660384160742176
DSNY,exp,2025-09-29T00:00:00Z,2,2.6445866957634148,3.2449953056441276,0.22963156643525598,0.38491212318266427,1.1862801295900178,3.447348907113944,7.974760752495191,0.2944396009590715
DSNY,exp,2025-09-30T00:00:00Z,3,2.4423622279852553,2.9195182001314013,0.19883293174135924,0.28391263742828166,1.0169279682296994,3.7143040607632374,6.9978335417637,0.30665456366125005
KONZ,exp,2025-09-29T00:00:00Z,2,13.242542016871305,16.832610148417814,0.4039257002251834,0.8938076530917867,5.032422355034104,20.17080711670156,39.71174725930389,1.6431910171854633
KONZ,exp,2025-09-30T00:00:00Z,3,15.671762261612237,20.445050066813195,0.5799241232352715,1.1206705391430758,5.282515792682189,22.97410929365529,48.401591559345356,2.312679305034861
KONZ,exp,2025-09-27T00:00:00Z,0,12.04287958314961,15.606905344606375,0.3989340811544998,0.7897854379717566,4.278440967119738,17.8410757333683,36.90616169613375,1.56538827113425
KONZ,exp,2025-09-28T00:00:00Z,1,14.950143750616109,20.435194517615386,0.4399423387649984,1.114842086577108,4.716678764617788,19.756275463054983,48.72298010006566,2.7436376244817215
LAJA,exp,2025-09-29T00:00:00Z,2,17.521987161731133,31.51851583587894,0.023736744671567042,0.10061526996984918,1.0286843461677802,13.476971415708093,72.97992803213837,1.0709528028653421
LAJA,exp,2025-09-30T00:00:00Z,3,12.86161137882271,18.459586834953146,0.04380169945457265,0.10918116706019468,1.288016340110429,21.13002641936174,41.737031268126614,1.68834966671582
LAJA,exp,2025-09-27T00:00:00Z,0,11.953820262623523,18.28864497336145,0.03881750174412257,0.0860492596860964,1.0731157980150097,16.325644844241857,42.24547390943053,0.9791777162479436
LAJA,exp,2025-09-28T00:00:00Z,1,11.500524030516779,20.176488329921543,0.02590025257327754,0.10323686555534364,0.9697630084732725,9.519898059792233,46.88382196618977,0.7388420485035577
LENO,exp,2025-09-27T00:00:00Z,0,17.3963469993687,26.545193579114148,0.34180490085723325,0.7155912406219631,3.545034102074674,19.679392508313,62.69991224497663,3.5983790270590568
LENO,exp,2025-09-28T00:00:00Z,1,11.443123587902475,15.032502762743306,0.3265671465409572,0.7214665250777453,3.7383395809149036,17.005530303722324,35.423714383256446,4.096275537765534
LENO,exp,2025-09-29T00:00:00Z,2,11.844208722617745,15.248315641714893,0.4121287365611095,0.8741681608964186,4.056137496631777,17.921755501934275,35.956853717065144,4.60170544222342
LENO,exp,2025-09-30T00:00:00Z,3,13.060343702268238,17.652709218278478,0.28024310579702255,0.7365110379270409,4.105269099444954,18.448039812359273,41.7316554558129,4.24759276927341
KONA,exp,2025-09-27T00:00:00Z,0,0.39443806172916157,0.5845756849665358,0.008275423903142056,0.02078550612673226,0.09781606557948641,0.45781112610316127,1.387502186933286,0.03958554613388308
KONA,exp,2025-09-28T00:00:00Z,1,0.374699188123348,0.5207608238492274,0.005181814063404334,0.01536895162914162,0.09166452348437598,0.543709662807593,1.2175709886322252,0.038985172780949824
KONA,exp,2025-09-29T00:00:00Z,2,0.35605310068419993,0.4773544912283069,0.010052974227118894,0.01849469968701433,0.09349836398932584,0.5451138388352272,1.1131056266823134,0.05021146699171831
KONA,exp,2025-09-30T00:00:00Z,3,0.3567044560421409,0.493590223228972,0.0078294739604515,0.0179404510783192,0.10627258645465248,0.48270501561341467,1.1687747531038666,0.04005437835265279
MOAB,exp,2025-09-27T00:00:00Z,0,0.38535419118719,0.38721772070294186,0.04860158858923547,0.0828436598765718,0.2276375054667193,0.6220226769062346,0.9456655250971888,0.047690908809236376
MOAB,exp,2025-09-28T00:00:00Z,1,0.4504864614830561,0.49378185728499013,0.04838471875409649,0.07168346634141437,0.2337123358072673,0.6988942750895336,1.1997575114229688,0.05746513901437247
MOAB,exp,2025-09-29T00:00:00Z,2,0.4541211618417543,0.5009626714034716,0.05197694144664247,0.0753395467129713,0.20707380535913678,0.7343749311871242,1.2018405845028965,0.0578314966148249
MOAB,exp,2025-09-30T00:00:00Z,3,0.4280333133865236,0.48174429875002384,0.034292580179275944,0.0725639155068203,0.23909122042598602,0.604572156449426,1.18964669437111,0.05536519709290244
MLBS,exp,2025-09-29T00:00:00Z,2,1.5896750041599206,1.6162495963970032,0.25007137938197244,0.4007426155878599,0.9106720150841212,2.289078802218184,4.0978102085274655,1.1702379670078131
MLBS,exp,2025-09-30T00:00:00Z,3,1.454688797661092,1.4412692201857087,0.21599519115632426,0.34306320087121756,0.9365347462619928,2.1285302926732355,3.6493205573426906,1.055842028860947
MLBS,exp,2025-09-27T00:00:00Z,0,1.709135464028075,1.7037413114663036,0.23861648377912448,0.38305834340490597,0.9951093991945464,2.751016799799425,4.177876293962373,0.19195183882266462
MLBS,exp,2025-09-28T00:00:00Z,1,1.6009185900712688,1.572766387541519,0.24584098268095028,0.3756885093957732,1.0285093514166357,2.3837129350494752,3.97084117181351,0.20092046501770736
NOGP,exp,2025-09-27T00:00:00Z,0,6.812809436434707,9.213345409174638,0.2749122484109763,0.47933468217233954,2.150524366010359,9.206472865161576,21.952803020418283,0.6788901839637642
NOGP,exp,2025-09-28T00:00:00Z,1,6.167327900947968,7.803926884975801,0.20689524757438343,0.5021780376181975,2.0663000355496024,9.817388955539588,18.243877228458068,0.6917320342992923
NOGP,exp,2025-09-29T00:00:00Z,2,6.209516170329745,7.976663372452597,0.23509714109930574,0.4986066171143213,2.301629607887766,9.038493175512498,18.973754310034835,0.6718816046599647
NOGP,exp,2025-09-30T00:00:00Z,3,5.621965081360734,7.215967853528948,0.30518178598697204,0.4858130772720739,1.9509002317556186,8.188850085167882,17.17908022662112,0.8646471218261109
OAES,exp,2025-09-29T00:00:00Z,2,0.7911092452988597,1.0830523393725076,0.022898542588835384,0.0533857458222827,0.23252070568607905,1.0768863224747345,2.569854909922367,0.20519581062810785
OAES,exp,2025-09-30T00:00:00Z,3,0.8046683886682203,1.041704638001671,0.020308037103273124,0.05239494161493337,0.27057911630611553,1.2357703185703437,2.444289529746436,0.3213017302942664
OAES,exp,2025-09-27T00:00:00Z,0,0.9129567556095468,1.330262547856994,0.014060719907432226,0.032210522769399445,0.26014878108323336,1.1020255036657005,3.1563382506219684,0.14169595957331468
OAES,exp,2025-09-28T00:00:00Z,1,0.8999146134708463,1.1632347622653123,0.022573064435039793,0.05914963651488772,0.290603134969587,1.4093496873139293,2.7178975441207878,0.22215531197845184
ONAQ,exp,2025-09-29T00:00:00Z,2,0.2941772091322996,0.3807648593889673,0.01369823582590365,0.02363043699675115,0.10362669588468323,0.42331856074448454,0.9066121162096754,0.036523832211158305
ONAQ,exp,2025-09-30T00:00:00Z,3,0.3593698383620395,0.48325152330247473,0.016096459181821066,0.027226398192188018,0.1152475100262734,0.4847740221452902,1.1535048022646248,0.037991349913041345
ONAQ,exp,2025-09-27T00:00:00Z,0,0.399763505831943,0.521808157434028,0.014589287024975832,0.02916536594323005,0.1268478907906646,0.5979979816545145,1.23021700374633,0.04300198536090752
ONAQ,exp,2025-09-28T00:00:00Z,1,0.35368582181741365,0.4257091357144427,0.018694334548890985,0.034917233279030874,0.14913997178067315,0.5582315415285496,1.0074460279499238,0.041731920237049164
OSBS,exp,2025-09-27T00:00:00Z,0,1.3640793516436152,0.4750925615789937,0.8603218957570858,0.9802863726575161,1.2957727986210714,1.7000816898787505,1.983934001303652,0.24781622697657965
OSBS,exp,2025-09-28T00:00:00Z,1,1.3317948026808704,0.42018755987114487,0.8790814005694166,0.9850301300860141,1.2899019967021332,1.639946486653171,1.8650139993936166,0.3406015678289501
OSBS,exp,2025-09-29T00:00:00Z,2,1.26872270180044,0.42217395814501335,0.7834793135888808,0.9561354848363488,1.2211189110981682,1.5911759730883837,1.7917038263904181,0.3839886994102124
OSBS,exp,2025-09-30T00:00:00Z,3,1.2439061178240542,0.4239491307096377,0.8040648995890004,0.8827598171842839,1.18266437264786,1.5760906969123094,1.7739508027868176,0.5472714728693513
SCBI,exp,2025-09-29T00:00:00Z,2,4.479479191315923,4.868468748991969,0.6043681154289748,0.9618666359292491,2.2973058865914595,6.367215440833171,12.166639877796758,1.4562124775680396
SCBI,exp,2025-09-30T00:00:00Z,3,3.5952972317107315,3.367419673560185,0.5605756389902523,0.9441954200782553,2.262379299769088,5.940161591511235,8.269174208204827,2.2333496289558767
SCBI,exp,2025-09-27T00:00:00Z,0,4.710407763345228,4.972116926807546,0.6647899850716434,1.0173228706078006,2.480633635789149,7.027744383332046,12.3615479419255,0.6521432639616126
SCBI,exp,2025-09-28T00:00:00Z,1,3.1350065534651845,2.916289896095494,0.46208467414283705,0.7721909579345636,2.087095810635307,5.258115968390225,7.095545356222989,1.3300446366691931
SOAP,exp,2025-09-27T00:00:00Z,0,4.135118785930151,2.736275797372959,1.512268859524428,1.874978571782088,3.3737568868966257,6.105174356959761,7.809415254487851,1.1646559705007338
SOAP,exp,2025-09-28T00:00:00Z,1,4.119320458559454,2.6379324459247484,1.5378268855117951,1.9143801935510942,3.516587233709453,5.970093714886893,7.657714265138033,0.9180285368056753
SOAP,exp,2025-09-29T00:00:00Z,2,4.006265457891969,2.7386590185770125,1.2328574195508244,1.7144600056644141,3.4858551156623747,6.02887455130358,7.569280197278649,0.6224566135401765
SOAP,exp,2025-09-30T00:00:00Z,3,4.284461037850839,3.208069788954595,1.3187831560168894,1.834265514191185,3.2720894691994733,5.968537649233948,9.0286294006127,0.543605531927812
SRER,exp,2025-09-27T00:00:00Z,0,0.49902165175415025,0.4820630213177431,0.1061287839621062,0.14072141586417494,0.28850520855126716,0.7152678819258673,1.2444849684673356,0.19671183586969002
SRER,exp,2025-09-28T00:00:00Z,1,0.38996095942471204,0.3389176008913307,0.08673379857308083,0.12157729764196462,0.27584820087737244,0.5789495502242162,0.8866959498069261,0.03890301356501303
SRER,exp,2025-09-29T00:00:00Z,2,0.4322685386876709,0.42409516831409794,0.07110400532158859,0.11787721039988466,0.2711584165703212,0.6116625592471734,1.0895405018993867,0.15214161601481216
SRER,exp,2025-09-30T00:00:00Z,3,0.45565359303470293,0.4276878795516482,0.077286638205278,0.11644298480195503,0.29027611358744065,0.7293696977445713,1.0648925308342698,0.15988314744264115
STEI,exp,2025-09-29T00:00:00Z,2,2.258542740943829,2.039272922539425,0.38132730689180266,0.6319810401517922,1.456080048767876,3.887688245802822,4.935637063104851,0.6752133805839794
STEI,exp,2025-09-30T00:00:00Z,3,2.8671075533573576,2.7260202574195675,0.548096254868043,0.7224904454792105,1.8521953414452579,4.244339063019522,6.968416661974754,0.9042318400262169
STEI,exp,2025-09-27T00:00:00Z,0,2.8089720396036495,2.735009463546734,0.46554855437270903,0.6457662532772598,1.6264341549575447,4.6123287347932775,6.694782500617457,0.28390981368937107
STEI,exp,2025-09-28T00:00:00Z,1,2.9100292370860488,2.8932938747011776,0.44127143716519257,0.7424135869829147,1.6184303671856695,4.5601243158187765,7.187906478277691,0.6107975890130515
STER,exp,2025-09-27T00:00:00Z,0,2.38409311632464,3.935123440576245,0.011658694891107713,0.03311430558287649,0.23629937988677774,2.460717664950738,9.178675536311701,0.30928356299189363
STER,exp,2025-09-28T00:00:00Z,1,1.6458428711990447,2.652640882335253,0.012145422847398194,0.03401432313938907,0.23685128033994715,1.7301647850672002,6.216038544601289,0.2747044847020755
STER,exp,2025-09-29T00:00:00Z,2,2.5010030296764185,4.0658825494854245,0.01627831650431852,0.048272224015946066,0.3728971618804161,2.5376469349845348,9.529920510996877,0.22131949075780682
STER,exp,2025-09-30T00:00:00Z,3,1.9692587587125614,3.194842638664903,0.013852831102319363,0.0315997585934667,0.2766714525029218,2.0431387588516934,7.481030992512405,0.2360314742038005
TALL,exp,2025-09-27T00:00:00Z,0,8.662318693373066,11.872251371531993,0.07531631761241463,0.23240184844058337,1.9937083837576228,13.648379269395807,27.361787647658907,1.7182752507469854
TALL,exp,2025-09-28T00:00:00Z,1,9.18385043292872,13.712895970662249,0.10497582227678243,0.287637635561108,1.4473199626612656,12.034462057677786,32.04485668646666,1.2057618657290414
TALL,exp,2025-09-29T00:00:00Z,2,9.975904576968938,14.614461485749514,0.13536837095086912,0.31558933903832165,1.6453112927365194,13.706376515579553,34.07687736653943,1.832784792888459
TALL,exp,2025-09-30T00:00:00Z,3,9.287455121569623,13.14530659947795,0.11902422511880378,0.2241965306256941,2.164795320828209,13.222783151840988,30.70647637943442,1.7687114866249904
TREE,exp,2025-09-29T00:00:00Z,2,1.5256944688852405,1.3058827826124328,0.30031980788854035,0.4951012832754365,1.1551397530436853,2.259717970480107,3.418193529738433,0.17507218371729752
TREE,exp,2025-09-30T00:00:00Z,3,1.6885874035390107,1.4037149785206755,0.37070992491170507,0.6247067740283645,1.1783138811208669,2.600413469091984,3.668792968542133,0.16593659231576582
TREE,exp,2025-09-27T00:00:00Z,0,1.5973176445369839,1.4222635035771454,0.3126661287810991,0.46543851486288446,1.0839427956696144,2.512667273473095,3.611873509898227,0.28883953402892165
TREE,exp,2025-09-28T00:00:00Z,1,1.4133470512536601,1.163278912696519,0.3272989572102576,0.45624945297722763,1.0426266668746402,2.255227546684352,2.985332632521823,0.49073805742072896
UKFS,exp,2025-09-27T00:00:00Z,0,1.8028927672637673,2.1210106828908324,0.10787312883974261,0.20355379803637585,0.7868009958402264,2.899502155051776,5.016733758550716,0.2198372171282472
UKFS,exp,2025-09-28T00:00:00Z,1,2.003901938253067,2.3562148101599547,0.13727807957145,0.2638870789222967,0.9091654403430083,3.042121617905978,5.667057474522602,0.23060934944375655
UKFS,exp,2025-09-29T00:00:00Z,2,2.388754480045938,2.8621219352130884,0.1469810370960265,0.3298605060109995,0.9876102910903832,3.614261487456033,6.865059078576249,0.2505613586447936
UKFS,exp,2025-09-30T00:00:00Z,3,2.53029071528021,3.2238078492290447,0.13005667935322693,0.29417096724654257,0.9746683714638992,3.4791704702827295,7.773387088054653,0.2810859896731255
UNDE,exp,2025-09-27T00:00:00Z,0,1.4863594448121493,1.3230428255773659,0.2786667758643158,0.42907391860738087,1.0210665734025115,2.360726447084789,3.34226350910175,0.482158666543936
UNDE,exp,2025-09-28T00:00:00Z,1,1.6409207095642044,1.6243316508355587,0.2440971622337055,0.45210016730196423,0.9613676706979986,2.4377996835415177,4.109238864045836,0.3507930500576868
UNDE,exp,2025-09-29T00:00:00Z,2,1.708638058579318,1.4932175997878059,0.34292827284866045,0.5053307253487672,1.1899075331422042,2.7188877956523627,3.7861359659045952,0.19746843217797763
UNDE,exp,2025-09-30T00:00:00Z,3,2.1477801736893967,1.9703981149404561,0.3902911055563541,0.6228796179973615,1.3402439725384692,3.4511488396333463,4.934337332721452,0.24466403611890336
WREF,exp,2025-09-29T00:00:00Z,2,1.9354256292373317,2.077920744464276,0.1820916254961374,0.3360094221579352,0.9851804659294268,3.2273141947582933,4.946532437844866,0.2261445993963917
WREF,exp,2025-09-30T00:00:00Z,3,1.6341669110565258,1.7662097391347602,0.1679452571413772,0.3089578317982528,0.7976982278629263,2.644532341551019,4.251700896929053,0.20089215253571016
WREF,exp,2025-09-27T00:00:00Z,0,1.671620699450397,1.7958492992914077,0.1580696340803422,0.3350063318919064,0.9157621816438992,2.5392457061153584,4.410019643520479,0.19376125656645304
WREF,exp,2025-09-28T00:00:00Z,1,1.9870785505455058,2.1255334127634904,0.18087385143209517,0.3392328714201357,1.0205413688815708,3.3640635501332055,5.030681110860522,0.22595002218140273
WOOD,exp,2025-09-29T00:00:00Z,2,4.604574580010909,5.281689667109661,0.5794490574014992,0.794250142987394,2.0855741147248046,6.548218958061992,13.015380626878855,0.47623405421891735
WOOD,exp,2025-09-30T00:00:00Z,3,4.441553285395569,4.921824704532519,0.4514012346069754,0.7249629143737102,2.361705906792947,6.600927810468002,12.068768560736213,0.5926235884522651
WOOD,exp,2025-09-27T00:00:00Z,0,4.436178158288136,5.499562989465647,0.39517628849833697,0.6602707863673103,2.2148194463393835,5.2674873163397296,13.64313695389592,0.42705575764073395
WOOD,exp,2025-09-28T00:00:00Z,1,3.50349676405301,3.7081867862548727,0.4347579815177693,0.714428883082741,1.9774900921958456,5.1683990461159155,9.222407817352778,0.3991319228129908
BLAN,exp_month,2025-09-29T00:00:00Z,2,1.7206232430630501,1.5708838083759415,0.30715026385057753,0.48809123296495016,1.1030899641063008,2.7836330370761067,3.921151717317316,0.5572316157842289
BLAN,exp_month,2025-09-30T00:00:00Z,3,1.9670904322834946,2.0042328466349764,0.29122282611752237,0.4820447476809383,1.1346196882113206,2.8712306818748243,5.056334217532867,0.5426502978302806
BLAN,exp_month,2025-09-27T00:00:00Z,0,1.7987114534357214,1.7617314858270263,0.328870494575341,0.4451732977282219,1.1347736609282548,2.5674877777364604,4.517252036210329,0.19410046320297153
BLAN,exp_month,2025-09-28T00:00:00Z,1,1.658952065957624,1.522105272568499,0.26589833440444854,0.4555028740226593,1.1116218066287267,2.6665481663805854,3.7951891483517004,0.324199954890446
BART,exp_month,2025-09-27T00:00:00Z,0,3.3006875751875193,1.6174878397841665,1.6144262835748586,2.0162260353156025,2.9975360999234058,4.427369032244888,5.447880424878841,0.6677274046818068
BART,exp_month,2025-09-28T00:00:00Z,1,3.497314782052041,1.6756562319086337,1.8213489869001167,2.1497665669139936,3.050377650440672,4.793917891356684,5.671162814648739,0.9100887883394052
BART,exp_month,2025-09-29T00:00:00Z,2,3.4636206563385596,1.8106725381824897,1.63574847293705,2.0645343897243063,3.014198405696445,4.647703532939294,5.955918480395703,0.6852275821369253
BART,exp_month,2025-09-30T00:00:00Z,3,3.21556091893567,1.6150604023818076,1.5937352109455079,1.883896433715249,2.9036927548917664,4.299839180039245,5.396641015086583,0.2703137529517075
CPER,exp_month,2025-09-29T00:00:00Z,2,0.2998751015951297,0.26374845603915614,0.06286885689094124,0.09726713966067586,0.20299499470069193,0.45036781758426847,0.6858766991390709,0.10466918321152595
CPER,exp_month,2025-09-30T00:00:00Z,3,0.29246829638859634,0.24427496524420497,0.07129804341455473,0.09696663805154503,0.19937877200390294,0.4668821416875693,0.6278158867854098,0.09234064827058824
CPER,exp_month,2025-09-27T00:00:00Z,0,0.26254333634345095,0.21480805900029903,0.06957938460816414,0.09158432709247867,0.18985661054758593,0.38727850000433517,0.5744178594646909,0.07919944038587673
CPER,exp_month,2025-09-28T00:00:00Z,1,0.28354367027053345,0.2213368858255384,0.07568982975396904,0.10570775289404301,0.2140744737468419,0.43137219318165043,0.590874101776163,0.08233546867840098
DEJU,exp_month,2025-09-27T00:00:00Z,0,0.16628941178376228,0.12245968399594578,0.04788522811628693,0.06688435347651854,0.12928904113926004,0.2601413961471453,0.3272470400396005,0.06684324262654104
DEJU,exp_month,2025-09-28T00:00:00Z,1,0.16259350491527005,0.1334697543478879,0.044973453742845504,0.060033599335699094,0.11625365010571062,0.2278831837166065,0.3638236376754886,0.03618643286513325
DEJU,exp_month,2025-09-29T00:00:00Z,2,0.16365088030649672,0.12130390694915205,0.047608890510319225,0.061417882131016024,0.12911931499809304,0.2601107406468698,0.3199975732461855,0.07535863903041823
DEJU,exp_month,2025-09-30T00:00:00Z,3,0.15998235306387792,0.12296560903126731,0.0391247332363223,0.060674240296768184,0.1293127865165583,0.24289292954138395,0.32790707572835687,0.0863892483316148
DELA,exp_month,2025-09-27T00:00:00Z,0,7.027032357406118,5.369821840057987,2.0996683444032875,2.6036965624773125,5.509397445125142,10.210470371027428,14.711929063997422,2.1256855533517105
DELA,exp_month,2025-09-28T00:00:00Z,1,6.759637826906952,5.056922545516947,1.8513703214145707,2.7577201205832296,5.208171373903092,10.40091948582582,13.58000783280805,2.2298784380874466
DELA,exp_month,2025-09-29T00:00:00Z,2,7.471366093593943,5.554964443206821,2.259286556098945,2.9506111041682472,5.715997760717327,11.377425001734295,15.053510045250903,2.8117132920349235
DELA,exp_month,2025-09-30T00:00:00Z,3,7.4225833488920365,6.14164992719757,1.7477372426886828,2.760132892147609,5.547416009199717,10.458901385799873,16.598729214624303,1.9961206616632934
GUAN,exp_month,2025-09-29T00:00:00Z,2,270.0405768105924,514.0951965807197,0.0032349991578675017,0.045283416908204116,2.1739256959611675,167.406224484625,1180.57421545631,13.06689275108586
GUAN,exp_month,2025-09-30T00:00:00Z,3,309.5126069562683,602.7002207742796,0.0038307337720409574,0.06435691427587255,3.11296730989129,164.1559476109307,1380.2259322124717,12.029318537128523
GUAN,exp_month,2025-09-27T00:00:00Z,0,138.64049788526972,258.9844901983069,0.015781061603472583,0.10283837528729381,3.66231791862724,92.98340237961067,596.4381496912199,10.153843003452478
GUAN,exp_month,2025-09-28T00:00:00Z,1,544.4268076094206,1067.9736525531227,0.00623359753680644,0.04205353756503967,2.667911764792479,276.50768644261836,2442.9101527045905,15.722014655397551
DSNY,exp_month,2025-09-27T00:00:00Z,0,18.16533913784588,35.40210107377677,0.015564362502484866,0.05262168816270757,0.6185985006609127,9.013435310159446,81.12647582774385,0.6397074770036251
DSNY,exp_month,2025-09-28T00:00:00Z,1,8.297054699605255,14.135510368810978,0.012030841805941427,0.04771358959348578,0.4460049685785384,8.169166333369517,32.81035776467879,0.5863157208163462
DSNY,exp_month,2025-09-29T00:00:00Z,2,5.5103048882911505,8.479989787884048,0.010021090825724683,0.04164260525168828,0.5324795843841545,7.3374309601138865,19.629950200880298,0.5772723646683516
DSNY,exp_month,2025-09-30T00:00:00Z,3,7.999321494954676,13.569521607102873,0.017642836369964447,0.05137959144144384,0.5716230770157812,7.810002784863515,31.545959185082673,0.7066316532278171
KONZ,exp_month,2025-09-29T00:00:00Z,2,25.27732326254286,36.35153795511415,0.30667520242458984,0.9762149726116605,5.949881329982145,33.64253303391844,85.51131177377748,2.5641699355944136
KONZ,exp_month,2025-09-30T00:00:00Z,3,23.150339858834336,31.634308415562653,0.5198495980627935,1.0879346860230528,6.515633647096358,33.23771908130906,74.39056228168042,2.479906323499181
KONZ,exp_month,2025-09-27T00:00:00Z,0,27.522273203653388,39.86459290945318,0.2882559506850321,1.0393592298774623,6.373153943604274,36.11124672189386,93.7993501722063,3.014476806315076
KONZ,exp_month,2025-09-28T00:00:00Z,1,22.01142761525992,31.190078467218807,0.2869701951303926,1.0736391388668964,5.207864765568881,30.174793127745176,73.31387084898824,2.7646457083081932
LAJA,exp_month,2025-09-29T00:00:00Z,2,1959673.5064022066,4255091.302494305,1.4742069177713452e-7,4.200854833074772e-5,4.108470951214649,229018.63433740282,9569344.789160524,152756.51460156447
LAJA,exp_month,2025-09-30T00:00:00Z,3,366004.41676087084,786327.341866693,1.0569743381481425e-6,8.020070056821452e-5,1.7726621593389598,58111.16782539623,1771909.143235541,13158.923560201572
LAJA,exp_month,2025-09-27T00:00:00Z,0,1227220.6995279486,2737529.464987419,1.3457207324778328e-6,8.561635306211545e-5,1.1138166666068765,11848.70498999506,6124253.678746119,8710109.828851834
LAJA,exp_month,2025-09-28T00:00:00Z,1,1096575.2552805776,2411811.222611899,8.103787220026425e-8,1.3219716219287962e-4,4.296102740161949,72280.93922404616,5410591.040943824,332477.93508488114
LENO,exp_month,2025-09-27T00:00:00Z,0,22.142811843567827,22.57486387484154,2.490342709107487,4.1879111799147415,12.561616512663662,37.84025100355009,53.633937812603165,3.01710145708322
LENO,exp_month,2025-09-28T00:00:00Z,1,19.332108239007262,19.30411655897172,3.1647673946686092,4.878190489794365,10.963516765770212,29.076148983010967,48.57791756179216,1.994370279420234
LENO,exp_month,2025-09-29T00:00:00Z,2,18.626945793942316,18.094662452468015,3.1631857824277705,4.454636612023511,11.964098445099498,27.652649082403045,45.900159047757754,1.948409614612087
LENO,exp_month,2025-09-30T00:00:00Z,3,23.834222339744162,26.449044639969568,2.943699911266416,4.853556066211989,12.046348762586078,33.41190883488954,65.9155981237668,2.3098264260586983
KONA,exp_month,2025-09-27T00:00:00Z,0,0.23505154473192666,0.26504779812922113,0.023241359730216158,0.03933907908237086,0.11358963456466462,0.35262703052968225,0.6464606197526994,0.03178767493669202
KONA,exp_month,2025-09-28T00:00:00Z,1,0.2203462802833713,0.23922224654852614,0.023924322441921175,0.03964934434762785,0.11048358016384222,0.34758129130816895,0.5800928631552963,0.023917803044366515
KONA,exp_month,2025-09-29T00:00:00Z,2,0.22841410606791368,0.24520861497437582,0.030732476999609116,0.04502306512911243,0.1282960115501827,0.3240908037499248,0.6139281729107393,0.06355613679872234
KONA,exp_month,2025-09-30T00:00:00Z,3,0.19101209075766132,0.19610874276659723,0.02812475302934461,0.036451536955879466,0.10546189329414234,0.30622457714155066,0.4787976933673896,0.024574991336504436
MOAB,exp_month,2025-09-27T00:00:00Z,0,0.06591890350793972,0.034130848420029725,0.03288674970360136,0.038451663732875424,0.056001430969024296,0.09025390492968244,0.1120007682045151,0.14435246776160157
MOAB,exp_month,2025-09-28T00:00:00Z,1,0.06808318506905678,0.037179681642702744,0.032577766747030716,0.038154581144944535,0.05792259473751708,0.09151998085387003,0.12024100186192149,0.13816845366123717
MOAB,exp_month,2025-09-29T00:00:00Z,2,0.06755362183353289,0.038805407043190104,0.029532805591909395,0.035951411250619965,0.05823178288384362,0.09331267285683476,0.1207394365844567,0.09034136810015404
MOAB,exp_month,2025-09-30T00:00:00Z,3,0.0669952510051432,0.037754646573947837,0.030047725112712607,0.036393615101711116,0.05759571452771199,0.09221872860084948,0.11872047168273078,0.11494940683607664
MLBS,exp_month,2025-09-29T00:00:00Z,2,3.6377807643806452,2.7361326217920987,0.9707441888817768,1.4309226945366542,2.9343226835718346,5.448169012113053,7.404745242799907,0.4047933585809624
MLBS,exp_month,2025-09-30T00:00:00Z,3,3.859655187685109,2.941359636811426,1.1073390204403994,1.395359598784625,3.1382867074492125,5.643695541075742,8.013595070675565,0.4502530693358743
MLBS,exp_month,2025-09-27T00:00:00Z,0,3.9172235149241668,2.8312401311291278,1.2348672733307249,1.6954041476346884,3.026511321001432,5.731054045047627,7.898280787606362,1.6081746457342743
MLBS,exp_month,2025-09-28T00:00:00Z,1,3.603922271813952,2.480797296232794,1.1042704773741128,1.5067649137885675,3.113565050646277,5.518612875848766,6.776398041412038,1.6022443727080842
NOGP,exp_month,2025-09-27T00:00:00Z,0,3.377342740948364,1.8576225514873992,1.5297338333096775,1.8581896839967937,2.934448106550324,4.721517791606395,5.84282428927863,0.34095219939779275
NOGP,exp_month,2025-09-28T00:00:00Z,1,3.5345102467366987,2.021688506984912,1.5311745519298416,1.8880249723533304,3.149755570488896,4.733967545454682,6.369628593456742,0.7507824799033209
NOGP,exp_month,2025-09-29T00:00:00Z,2,4.010418213446304,2.265380728651212,1.8340312024725591,2.16512467440423,3.43035059443351,5.456450450597815,7.166134145323404,0.4735049511917342
NOGP,exp_month,2025-09-30T00:00:00Z,3,4.425292153153432,2.8504490010732977,1.7170301713355598,2.13915621071842,3.6404854002869507,6.169553378318999,8.460235605107231,0.3795380669442592
OAES,exp_month,2025-09-29T00:00:00Z,2,1.3430533581844037,1.8186200417021692,0.06359572578080894,0.11549031144769636,0.4306407646966689,1.7476198376656882,4.3579201513311565,0.1446917456809411
OAES,exp_month,2025-09-30T00:00:00Z,3,1.4929115514049704,1.9534306539662454,0.04262212267067505,0.1314733056378438,0.45325752437222994,2.2334313693876338,4.603773434956469,0.23601773591538344
OAES,exp_month,2025-09-27T00:00:00Z,0,1.3561253238401298,1.7622513049615696,0.0482425022587308,0.1189920028349265,0.5428937032403947,1.8350820024549712,4.235416408411626,0.13394881774351802
OAES,exp_month,2025-09-28T00:00:00Z,1,1.3263961390322032,1.7062956209476585,0.054592959269553966,0.11571458027165327,0.45964283426699104,1.9515898910986391,4.050440430254179,0.17523842109721333
ONAQ,exp_month,2025-09-29T00:00:00Z,2,0.14859703856123635,0.17223829159960408,0.01341494665321405,0.02314303461425298,0.06668655276831173,0.221705154013616,0.41803550475678697,0.023625500583499395
ONAQ,exp_month,2025-09-30T00:00:00Z,3,0.13393842495947958,0.14240836882736127,0.013571749129506913,0.027423560499326684,0.06946762453723776,0.2137076771636805,0.3455215134676461,0.02345989701028184
ONAQ,exp_month,2025-09-27T00:00:00Z,0,0.2107191694873706,0.2638129588327868,0.017211094687844694,0.031985465395241025,0.0860533847116561,0.2720929207289833,0.6462529819131279,0.02388483762817754
ONAQ,exp_month,2025-09-28T00:00:00Z,1,0.1758597307434019,0.20473054843810815,0.014536544545442594,0.02636155246656796,0.08483747261251198,0.2537788710340963,0.49978421305839066,0.03321680485339793
OSBS,exp_month,2025-09-27T00:00:00Z,0,1.950527079198859,1.1550054773720781,0.776141632413414,1.0515400440546079,1.6458570364499407,2.8015951017840823,3.47750158129225,0.144750048812588
OSBS,exp_month,2025-09-28T00:00:00Z,1,2.1086947223743757,1.3133996680407756,0.7918207050506472,1.0751660456544836,1.8122703514373524,2.9286095531328407,3.9356069565965557,0.16410201705964342
OSBS,exp_month,2025-09-29T00:00:00Z,2,2.0157542680461424,1.164947150530199,0.8354330160657373,1.0738439433481926,1.775195453911564,2.8106288443727694,3.58367008253245,0.16915070175033242
OSBS,exp_month,2025-09-30T00:00:00Z,3,2.1367949588951167,1.4058532957354837,0.8490590689302133,1.0203920960281168,1.6521195534970743,3.036435568315368,4.125968507704811,0.20170056097326458
SCBI,exp_month,2025-09-29T00:00:00Z,2,7.914881489870784,7.376853897497072,1.2366798187507495,2.0016079233955284,5.111610919108026,13.188488035356986,18.03602075274263,0.8717746849200045
SCBI,exp_month,2025-09-30T00:00:00Z,3,7.1592627967307205,6.679552980947985,1.4050256607991662,1.9945230835225187,4.401049904774243,11.036486969855787,16.95922836470189,0.9906137565500182
SCBI,exp_month,2025-09-27T00:00:00Z,0,7.974017248642089,7.948642651875159,1.4018880013846553,2.086339161343196,4.525479831085994,11.659939559964286,20.196439689432314,2.1264620245013144
SCBI,exp_month,2025-09-28T00:00:00Z,1,7.463014438037633,7.1454862066677265,1.3983609163759476,2.1538613137118405,4.754311270809739,10.456482967156438,18.5520557221342,0.7207532015502937
SOAP,exp_month,2025-09-27T00:00:00Z,0,2.8516217080673663,1.0106624891594458,1.7259969397777055,2.084393758657231,2.7166496413097363,3.5864009012692493,4.14466729932291,2.1622246632194453
SOAP,exp_month,2025-09-28T00:00:00Z,1,2.9630301393958853,1.0333172446832046,1.869598722997256,2.1194096151461803,2.7985526026420318,3.760393685278035,4.267196070915924,1.853463064344125
SOAP,exp_month,2025-09-29T00:00:00Z,2,2.9791145296892356,1.0797939902946045,1.8534561733004113,2.107584724227171,2.8178468950693736,3.6830583047901087,4.433626551059114,1.2811727333451952
SOAP,exp_month,2025-09-30T00:00:00Z,3,2.994397812192009,1.007287972628503,1.951589525886341,2.1847292236732514,2.792598943926968,3.734519398109519,4.308551969363966,0.9880478736593109
SRER,exp_month,2025-09-27T00:00:00Z,0,1.0690156921049063,1.6746307296171974,0.0022305874919182106,0.00744225926607139,0.0820424101764658,1.376517357002105,3.8768458465879707,0.08437402346895408
SRER,exp_month,2025-09-28T00:00:00Z,1,1.1344700431026826,1.878841570493314,0.001251847918871583,0.007678572714799239,0.08133444603171638,1.2148479306000128,4.367237418248013,0.13080374542244005
SRER,exp_month,2025-09-29T00:00:00Z,2,0.9226480193759947,1.5243765269464542,0.0013451029580335864,0.004108898919457277,0.0693853170808163,0.9948538511590332,3.543546926762633,0.29463144501746147
SRER,exp_month,2025-09-30T00:00:00Z,3,1.1073705057254402,1.8905580612039976,0.0016117026674834748,0.005792379335436487,0.08031417864353194,1.0549612427527633,4.394173025227985,0.2924370727016359
STEI,exp_month,2025-09-29T00:00:00Z,2,2.2766409134202013,1.109633803755843,1.128352060626131,1.4047404003602062,2.075199835113252,2.9763773739572317,3.7985348970441857,0.373266535942777
STEI,exp_month,2025-09-30T00:00:00Z,3,2.6512382602987956,1.3613530055856082,1.3424671127653967,1.5488607571714608,2.3003672713280334,3.5090257318273377,4.55547042840175,0.6540237960282194
STEI,exp_month,2025-09-27T00:00:00Z,0,2.2588865254732586,1.1213182616520903,1.0607605146133483,1.3973820117841365,2.065345958738132,3.014072908232212,3.756871233998463,0.25151387737995673
STEI,exp_month,2025-09-28T00:00:00Z,1,2.2544681799069393,1.0434035579739276,1.1913173734692246,1.4024830491081257,2.0704623386832495,2.942418144551531,3.665659993722566,0.40289134175067204
STER,exp_month,2025-09-27T00:00:00Z,0,1.1778212361382006,0.9453722309845385,0.313495250731027,0.45892922458960417,0.8746830607170789,1.6519647131460329,2.5900339315072594,0.1189677639384203
STER,exp_month,2025-09-28T00:00:00Z,1,1.0935750613408561,0.8587230962044039,0.2929160676817868,0.4177034888653248,0.8141665182742488,1.630931928522127,2.3121573033607934,0.1284218179107119
STER,exp_month,2025-09-29T00:00:00Z,2,1.244680161408177,1.028772267610085,0.31733036213801785,0.43835483476928727,0.8469775755741041,1.9270946312376445,2.6936434033218313,0.20582420889077063
STER,exp_month,2025-09-30T00:00:00Z,3,1.2756026500634294,1.043266233480385,0.29841394875922944,0.4668959912306808,0.9665364319530831,1.8462398676978782,2.7999270106762757,0.19909664670168417
TREE,exp_month,2025-09-29T00:00:00Z,2,1.4873043771577696,1.5726885837266602,0.17305485286812794,0.2754035778531871,0.8218030946183048,2.3211491366426613,3.8451112238065672,0.3011593157423917
TREE,exp_month,2025-09-30T00:00:00Z,3,1.8269486589909432,2.1581041494777287,0.15701149605914191,0.2647386397427535,0.8253951417329872,2.6332183066069597,5.254379710812874,0.2996188450066398
TREE,exp_month,2025-09-27T00:00:00Z,0,1.5123357639347632,1.607369331334886,0.13393643398759927,0.29511500924451695,0.8837436085326613,2.2998106910649385,3.9490730768441002,0.40039107817060204
TREE,exp_month,2025-09-28T00:00:00Z,1,1.4436824170606442,1.4309452698456842,0.18156993237790486,0.32965847454648,0.8321593047358473,2.427892272702552,3.4471321009404368,0.6507410158468416
UKFS,exp_month,2025-09-27T00:00:00Z,0,1.8668611121258212,2.2523048124990908,0.12850452058661183,0.21311283451817942,0.8348862105492445,2.7217849814000967,5.436017013574974,0.2267655052042316
UKFS,exp_month,2025-09-28T00:00:00Z,1,2.2097718809608247,2.907755490293462,0.06473544259705806,0.20497348099441984,0.7841038324974118,3.0450730158760346,6.949973632839199,0.23854321608856346
UKFS,exp_month,2025-09-29T00:00:00Z,2,2.8346087112580975,3.6873251399540794,0.13977127915818735,0.22430677454619583,0.9887592209009505,4.029540120077352,8.790666161607803,0.31678809741131814
UKFS,exp_month,2025-09-30T00:00:00Z,3,2.173863104463719,2.469119028903014,0.10923137264961988,0.22512951689487493,0.9703817675543585,3.985475135530068,5.579097729689672,0.2771682296015183
UNDE,exp_month,2025-09-27T00:00:00Z,0,1.7130679443505987,1.0143051978406727,0.702709642610379,0.9226222972250149,1.4094205024616777,2.4797482654694845,3.050839013986438,0.2512327830445463
UNDE,exp_month,2025-09-28T00:00:00Z,1,1.7773635081633656,1.1107478241954725,0.6957539582191409,0.920792527363859,1.5114168460346527,2.3638527239985727,3.3950014852006034,0.1441471425141168
UNDE,exp_month,2025-09-29T00:00:00Z,2,1.7427294549898473,1.0913295567422845,0.6692121058480609,0.9044742649763866,1.4213380671128193,2.464288282168564,3.254334554843406,0.14923633673094705
UNDE,exp_month,2025-09-30T00:00:00Z,3,1.732978745786548,1.054391093096488,0.6644574445511248,0.9212118955311135,1.4502694472343225,2.4775386139638362,3.151416327652343,0.16926782482160713
WOOD,exp_month,2025-09-29T00:00:00Z,2,4.085162880993169,2.15283055511155,1.840471757430442,2.372240705701575,3.588620837688398,5.865209753095075,6.759271351050353,1.0581285021453586
WOOD,exp_month,2025-09-30T00:00:00Z,3,4.179054197623948,2.304212575951333,1.8142807601800657,2.3299509333483703,3.7180177958930014,5.779528638926113,7.253492859772188,1.5623046783235748
WOOD,exp_month,2025-09-27T00:00:00Z,0,3.6005961697194864,1.7664245898355853,1.8049434817878942,2.163734096751229,3.2185872492667427,4.901024409961747,5.914691610829818,0.7343710785967023
WOOD,exp_month,2025-09-28T00:00:00Z,1,3.7657123678934816,1.9423970444995662,1.712337380830629,2.263079281510326,3.3698696279217306,5.170622808252871,6.312652740951851,0.9412575510697112
BART,xgboost,2025-09-27T00:00:00Z,0,6.864894356174312,0,6.864894356174312,6.864894356174312,6.864894356174312,6.864894356174312,6.864894356174312,2.7381905865459863
BART,xgboost,2025-09-28T00:00:00Z,1,6.864894356174312,0,6.864894356174312,6.864894356174312,6.864894356174312,6.864894356174312,6.864894356174312,2.2504490533481025
BART,xgboost,2025-09-29T00:00:00Z,2,6.864894356174312,0,6.864894356174312,6.864894356174312,6.864894356174312,6.864894356174312,6.864894356174312,4.900019774205927
BART,xgboost,2025-09-30T00:00:00Z,3,6.864894356174312,0,6.864894356174312,6.864894356174312,6.864894356174312,6.864894356174312,6.864894356174312,4.283617214008123
BLAN,xgboost,2025-09-29T00:00:00Z,2,1.0121299449069963,0.34877610139900395,0.6871534648998245,0.6871534648998245,0.9516092005832657,1.269105798350142,1.4656277958019241,0.992788151568736
BLAN,xgboost,2025-09-30T00:00:00Z,3,1.1078872028453812,0.4096545572981966,0.6871534648998245,0.6871534648998245,1.1584457222087845,1.4724465671642288,1.5342367950542435,0.8258232336476444
BLAN,xgboost,2025-09-27T00:00:00Z,0,1.2137831649644837,0.2434956040168597,0.9465174231393799,1.0707154337032303,1.1067898336513504,1.4724465671642288,1.4724465671642288,0.0972313143526544
BLAN,xgboost,2025-09-28T00:00:00Z,1,1.1045174125297532,0.3437427083250833,0.6871534648998245,0.9461680117710098,0.9669300678832993,1.4567077222927078,1.4656277958019241,0.4490263106223203
CPER,xgboost,2025-09-29T00:00:00Z,2,0.35637464265930846,0.002566477104368714,0.3531029913913031,0.3540739510546942,0.358232090283515,0.358232090283515,0.358232090283515,0.02056395581074141
CPER,xgboost,2025-09-30T00:00:00Z,3,0.34882822375405026,0.027694230205044735,0.30430714230644895,0.34468046765434934,0.358232090283515,0.358232090283515,0.3786893282424231,0.0021461450981093617
CPER,xgboost,2025-09-27T00:00:00Z,0,0.33583235483277035,0.043281224184924874,0.30430714230644895,0.30430714230644895,0.30430714230644895,0.3786893282424231,0.3875510190020819,0.014191930813500127
CPER,xgboost,2025-09-28T00:00:00Z,1,0.35515463094818783,0.0028093231629392236,0.3531029913913031,0.3531029913913031,0.3531029913913031,0.358232090283515,0.358232090283515,0.005195126289059896
DEJU,xgboost,2025-09-27T00:00:00Z,0,0.10329537618536967,0.024750664743675332,0.06676078069586772,0.09193671721596736,0.10709432739396113,0.12534252781052607,0.12534252781052607,0.059475927787705676
DEJU,xgboost,2025-09-28T00:00:00Z,1,0.09522866684575099,0.029348625438264025,0.06676078069586772,0.06676078069586772,0.09193671721596736,0.12534252781052607,0.12534252781052607,0.019665254845537418
DEJU,xgboost,2025-09-29T00:00:00Z,2,0.09522866684575099,0.029348625438264025,0.06676078069586772,0.06676078069586772,0.09193671721596736,0.12534252781052607,0.12534252781052607,0.053092654941476046
DEJU,xgboost,2025-09-30T00:00:00Z,3,0.09826018888134974,0.02970426568306641,0.06676078069586772,0.06676078069586772,0.10709432739396113,0.12534252781052607,0.12534252781052607,0.07784555009358085
DELA,xgboost,2025-09-27T00:00:00Z,0,6.114543535648215,0,6.114543535648215,6.114543535648215,6.114543535648215,6.114543535648215,6.114543535648215,3.711379233941291
DELA,xgboost,2025-09-28T00:00:00Z,1,5.938537218509543,0.24100657540064677,5.674527742801535,5.674527742801535,6.114543535648215,6.114543535648215,6.114543535648215,3.6716951780040112
DELA,xgboost,2025-09-29T00:00:00Z,2,5.818276121555197,0.20492935082482439,5.674527742801535,5.674527742801535,5.674527742801535,5.953253843723166,6.114543535648215,3.7741988979949297
DELA,xgboost,2025-09-30T00:00:00Z,3,5.871133139072287,0.18196132501840473,5.674527742801535,5.674527742801535,5.953253843723166,6.0266781830176,6.0266781830176,3.3785666904143885
DSNY,xgboost,2025-09-27T00:00:00Z,0,1.4259754563980205,0.06887873018803428,1.3704406930618387,1.3704406930618387,1.4038511230163675,1.4510446263961905,1.5341001464538675,0.4926448436511345
DSNY,xgboost,2025-09-28T00:00:00Z,1,1.4912888242416482,0.15657347970091232,1.3704406930618387,1.3704406930618387,1.4038511230163675,1.5965155078582864,1.71519610420991,0.3978162055075923
DSNY,xgboost,2025-09-29T00:00:00Z,2,1.4830748970918757,0.1737657502109778,1.2985828741006953,1.3704406930618387,1.4205476953201395,1.6106071187667947,1.71519610420991,0.20295427632771612
DSNY,xgboost,2025-09-30T00:00:00Z,3,1.4351971371584036,0.17752772424714847,1.2833403064422708,1.2833403064422708,1.3807779266052347,1.5341001464538675,1.6944269998483745,0.021701185778211684
GUAN,xgboost,2025-09-29T00:00:00Z,2,1.4544606230789396,0.8422736122266373,0.27183502655565484,1.129000744634268,1.3532202814155792,2.140891728215811,2.3773553345733847,2.4875878078287355
GUAN,xgboost,2025-09-30T00:00:00Z,3,1.7316776607567046,1.061820113249782,0.27183502655565484,1.0902156208091949,1.928512511067984,2.4441344116264556,2.923690733724234,2.1893400267363776
GUAN,xgboost,2025-09-27T00:00:00Z,0,0.8285960529381011,0.9160828480502882,0.27183502655565484,0.27183502655565484,0.5564800475174163,0.598695752435324,2.4441344116264556,2.556296841898749
GUAN,xgboost,2025-09-28T00:00:00Z,1,1.206126925759909,1.1379916966181125,0.27183502655565484,0.27183502655565484,0.598695752435324,2.4441344116264556,2.4441344116264556,2.177707053683843
KONA,xgboost,2025-09-27T00:00:00Z,0,0.09135961729244933,0.07294303473255638,0.024919093131587362,0.024919093131587362,0.06948045688824402,0.16873972165541395,0.16873972165541395,0.005569413976696791
KONA,xgboost,2025-09-28T00:00:00Z,1,0.05787392604307876,0.04512526341109371,0.024919093131587362,0.024919093131587362,0.024919093131587362,0.10730617541031585,0.10730617541031585,0.041315265954917
KONA,xgboost,2025-09-29T00:00:00Z,2,0.09721614915089355,0.01027772667037626,0.08136453527168976,0.0928981383438562,0.10225594836430298,0.10225594836430298,0.10730617541031585,0.05810056430568942
KONA,xgboost,2025-09-30T00:00:00Z,3,0.0928981383438562,0,0.0928981383438562,0.0928981383438562,0.0928981383438562,0.0928981383438562,0.0928981383438562,0.033059701384681214
KONZ,xgboost,2025-09-29T00:00:00Z,2,10.437547522513158,3.08309607448509,7.7132425603549555,8.491369276968724,10.18968966576267,10.18968966576267,15.603746443716771,4.228444149331118
KONZ,xgboost,2025-09-30T00:00:00Z,3,9.518152266470677,0.6746972261687497,8.7790584859531,8.7790584859531,10.010881453482396,10.010881453482396,10.010881453482396,1.4219016020611601
KONZ,xgboost,2025-09-27T00:00:00Z,0,15.6848783788364,0.37405929627897694,15.275116950003392,15.275116950003392,15.958052664725072,15.958052664725072,15.958052664725072,10.057046660850204
KONZ,xgboost,2025-09-28T00:00:00Z,1,15.406568747488743,0.1799977867683198,15.275116950003392,15.275116950003392,15.275116950003392,15.603746443716771,15.603746443716771,6.166037065167481
LAJA,xgboost,2025-09-29T00:00:00Z,2,3.668650751827254,1.722582839135996,1.3536350829582358,2.3132002456169274,4.544434796093001,5.050162564037337,5.081821070430769,1.3342519706861689
LAJA,xgboost,2025-09-30T00:00:00Z,3,2.396627424476638,2.748593224179516,-0.43408124613951204,-0.402910341503129,2.681429634807601,5.050162564037337,5.088536511180892,0.8376406506996938
LAJA,xgboost,2025-09-27T00:00:00Z,0,3.6744900329094077,0.9864940963699377,2.5938398940544274,2.5938398940544274,4.394923458812728,4.394923458812728,4.394923458812728,3.3620648523650765
LAJA,xgboost,2025-09-28T00:00:00Z,1,3.8051236255149985,1.2091242225923784,2.5938398940544274,2.5938398940544274,3.819037447689071,4.930364380596175,5.088536511180892,2.0700657916989447
LENO,xgboost,2025-09-27T00:00:00Z,0,19.02810755319112,0.8366282773875978,18.065410333342488,18.166602807707722,19.516248422331746,19.696138101286824,19.696138101286824,9.32263506054565
LENO,xgboost,2025-09-28T00:00:00Z,1,19.135353570647176,1.234420280808093,18.065410333342488,18.065410333342488,18.61597033090108,20.46498842782491,20.46498842782491,7.244753281620889
LENO,xgboost,2025-09-29T00:00:00Z,2,19.769117074675496,1.7562262116447804,16.63147898263448,20.46498842782491,20.46498842782491,20.64206476754659,20.64206476754659,7.995161054192232
LENO,xgboost,2025-09-30T00:00:00Z,3,18.235713296599325,2.1966883032059243,16.63147898263448,16.63147898263448,16.63147898263448,20.64206476754659,20.64206476754659,5.4675074673499235
MLBS,xgboost,2025-09-29T00:00:00Z,2,3.590559249996731,0.9278628157388001,2.5363291989560817,2.9165682088132594,3.400129963039944,4.525597168087552,4.574171711086819,0.601956209076054
MLBS,xgboost,2025-09-30T00:00:00Z,3,3.2018027793164947,1.3569745405868943,1.3839316855664945,2.5363291989560817,3.0098017941709254,4.5047795068021514,4.574171711086819,0.514513036398399
MLBS,xgboost,2025-09-27T00:00:00Z,0,3.372489310383389,1.313445732010446,1.3839316855664945,2.9165682088132594,3.4829954396482203,4.5047795068021514,4.574171711086819,2.218199769915913
MLBS,xgboost,2025-09-28T00:00:00Z,1,3.2916031371350982,1.371832467629982,1.3839316855664945,2.5256106148954127,3.400129963039944,4.574171711086819,4.574171711086819,2.0360285583906577
MOAB,xgboost,2025-09-27T00:00:00Z,0,0.12647256683970878,0,0.12647256683970878,0.12647256683970878,0.12647256683970878,0.12647256683970878,0.12647256683970878,0.08978208667174292
MOAB,xgboost,2025-09-28T00:00:00Z,1,0.11726468485261389,0.011067051565832705,0.10524815004731604,0.10524815004731604,0.12288199048901984,0.12647256683970878,0.12647256683970878,0.08845479777732215
MOAB,xgboost,2025-09-29T00:00:00Z,2,0.11665243190194556,0.010758990141368847,0.10524815004731604,0.10524815004731604,0.11982072573567816,0.12647256683970878,0.12647256683970878,0.04489147869828309
MOAB,xgboost,2025-09-30T00:00:00Z,3,0.11645285766984412,0.01069458945964356,0.10524815004731604,0.10524815004731604,0.11882285457517096,0.12647256683970878,0.12647256683970878,0.06894582280090143
NOGP,xgboost,2025-09-27T00:00:00Z,0,4.093038446552568,0.19023190828923933,3.884649831898028,3.884649831898028,4.231964189655596,4.231964189655596,4.231964189655596,1.6111514634336324
NOGP,xgboost,2025-09-28T00:00:00Z,1,3.8115491696665824,0.10009720418182132,3.7018981763194145,3.7018981763194145,3.884649831898028,3.884649831898028,3.884649831898028,1.8606966466587462
NOGP,xgboost,2025-09-29T00:00:00Z,2,3.9132826920817436,0.12792543809582832,3.7018981763194145,3.884649831898028,3.9768963643382134,3.988244754917437,4.014724332935625,1.2262340563900918
NOGP,xgboost,2025-09-30T00:00:00Z,3,4.008665735370928,0.19758907289878216,3.7018981763194145,3.9768963643382134,4.014724332935625,4.121320802814775,4.228489000446611,0.675017433408583
OAES,xgboost,2025-09-29T00:00:00Z,2,0.7810352004828185,0.029376113001736426,0.728660003072235,0.7899872220816344,0.7955095924200744,0.7955095924200744,0.7955095924200744,0.18484264771260153
OAES,xgboost,2025-09-30T00:00:00Z,3,0.7701003230871886,0.05674449515605729,0.728660003072235,0.728660003072235,0.728660003072235,0.832260803109619,0.832260803109619,0.08978526148637252
OAES,xgboost,2025-09-27T00:00:00Z,0,0.7678652561964721,0,0.7678652561964721,0.7678652561964721,0.7678652561964721,0.7678652561964721,0.7678652561964721,0.28323869832160203
OAES,xgboost,2025-09-28T00:00:00Z,1,0.778922990685913,0.015141426536924154,0.7678652561964721,0.7678652561964721,0.7678652561964721,0.7955095924200744,0.7955095924200744,0.10203941674389984
ONAQ,xgboost,2025-09-29T00:00:00Z,2,0.09489509610720352,0.013292285812522607,0.08099098352976516,0.08099098352976516,0.09887920169420913,0.10361158697195724,0.11000272481032089,0.0028796508834737803
ONAQ,xgboost,2025-09-30T00:00:00Z,3,0.09489509610720352,0.013292285812522607,0.08099098352976516,0.08099098352976516,0.09887920169420913,0.10361158697195724,0.11000272481032089,0.00764874198709649
ONAQ,xgboost,2025-09-27T00:00:00Z,0,0.09887920169420913,0,0.09887920169420913,0.09887920169420913,0.09887920169420913,0.09887920169420913,0.09887920169420913,0.010133728366245348
ONAQ,xgboost,2025-09-28T00:00:00Z,1,0.09707816688605025,0.009265435182303246,0.08099098352976516,0.09887920169420913,0.09887920169420913,0.10302986054011062,0.10361158697195724,0.03790247128418072
OSBS,xgboost,2025-09-27T00:00:00Z,0,1.5248132316824143,0.05806529371402437,1.4825595901962465,1.4825595901962465,1.4825595901962465,1.581264166688556,1.5951232211347761,0.17708063981748606
OSBS,xgboost,2025-09-28T00:00:00Z,1,1.525409607743854,0.07665908156846583,1.4485028074737734,1.4825595901962465,1.4825595901962465,1.5880172537323183,1.625408797120685,0.2175108917870578
OSBS,xgboost,2025-09-29T00:00:00Z,2,1.5410922096725648,0.08143107402462517,1.4485028074737734,1.4825595901962465,1.5235810564514345,1.625408797120685,1.625408797120685,0.20209627219453025
OSBS,xgboost,2025-09-30T00:00:00Z,3,1.5415946529861635,0.08905912065481801,1.4485028074737734,1.4485028074737734,1.5601500557419008,1.625408797120685,1.625408797120685,0.328773214497726
SCBI,xgboost,2025-09-29T00:00:00Z,2,6.386761513696904,1.0483709304911561,5.312728539453739,5.312728539453739,6.541644230829472,7.184790268884892,7.581915989862675,0.9751612991803217
SCBI,xgboost,2025-09-30T00:00:00Z,3,6.2409628305304,1.2636650550163473,4.58373512362122,5.312728539453739,6.541644230829472,7.184790268884892,7.581915989862675,0.27591398129653677
SCBI,xgboost,2025-09-27T00:00:00Z,0,6.459386511789555,0.9933428373366248,5.358235016809696,5.384326735483402,7.184790268884892,7.184790268884892,7.184790268884892,4.837234841365689
SCBI,xgboost,2025-09-28T00:00:00Z,1,6.075588360773319,1.0492422815192715,5.312728539453739,5.312728539453739,5.388679638849491,6.781889096246952,7.581915989862675,1.0335486640894496
SERC,xgboost,2025-09-29T00:00:00Z,2,NA,NA,NA,NA,NA,NA,NA,NA
SERC,xgboost,2025-09-30T00:00:00Z,3,NA,NA,NA,NA,NA,NA,NA,NA
SERC,xgboost,2025-09-27T00:00:00Z,0,NA,NA,NA,NA,NA,NA,NA,NA
SERC,xgboost,2025-09-28T00:00:00Z,1,NA,NA,NA,NA,NA,NA,NA,NA
SOAP,xgboost,2025-09-27T00:00:00Z,0,2.5951773662737363,0,2.5951773662737363,2.5951773662737363,2.5951773662737363,2.5951773662737363,2.5951773662737363,2.7259653774851786
SOAP,xgboost,2025-09-28T00:00:00Z,1,2.5951773662737363,0,2.5951773662737363,2.5951773662737363,2.5951773662737363,2.5951773662737363,2.5951773662737363,2.497657675395449
SOAP,xgboost,2025-09-29T00:00:00Z,2,2.5951773662737363,0,2.5951773662737363,2.5951773662737363,2.5951773662737363,2.5951773662737363,2.5951773662737363,1.9046369162750185
SOAP,xgboost,2025-09-30T00:00:00Z,3,2.5951773662737363,0,2.5951773662737363,2.5951773662737363,2.5951773662737363,2.5951773662737363,2.5951773662737363,1.5949619046343484
SRER,xgboost,2025-09-27T00:00:00Z,0,0.3551524481682539,0.002350733444282978,0.3525773487000227,0.3525773487000227,0.3568691811470747,0.3568691811470747,0.3568691811470747,0.31541977244755837
SRER,xgboost,2025-09-28T00:00:00Z,1,0.31817168807075025,0.05298872469200723,0.26012544845626356,0.26012544845626356,0.3568691811470747,0.3568691811470747,0.3568691811470747,0.026636941293666987
SRER,xgboost,2025-09-29T00:00:00Z,2,0.3352913281826735,0.10292511970218739,0.26012544845626356,0.26012544845626356,0.26012544845626356,0.44804014777228834,0.44804014777228834,0.17249688441552277
SRER,xgboost,2025-09-30T00:00:00Z,3,0.3728742680458784,0.10292511970218739,0.26012544845626356,0.26012544845626356,0.44804014777228834,0.44804014777228834,0.44804014777228834,0.15230446648942178
STEI,xgboost,2025-09-29T00:00:00Z,2,2.428527489138206,0,2.428527489138206,2.428527489138206,2.428527489138206,2.428527489138206,2.428527489138206,0.27926376707999667
STEI,xgboost,2025-09-30T00:00:00Z,3,2.428527489138206,0,2.428527489138206,2.428527489138206,2.428527489138206,2.428527489138206,2.428527489138206,0.9421778596690658
STEI,xgboost,2025-09-27T00:00:00Z,0,2.428527489138206,0,2.428527489138206,2.428527489138206,2.428527489138206,2.428527489138206,2.428527489138206,0.7533525496504185
STEI,xgboost,2025-09-28T00:00:00Z,1,2.428527489138206,0,2.428527489138206,2.428527489138206,2.428527489138206,2.428527489138206,2.428527489138206,0.3094627994789949
STER,xgboost,2025-09-27T00:00:00Z,0,1.389586026021167,0.109887450971764,1.2734177654468262,1.2734177654468262,1.4200034683429443,1.4905455654346191,1.4905455654346191,0.644971630287488
STER,xgboost,2025-09-28T00:00:00Z,1,1.1248937671863282,0.1366151318245546,1.012193733998462,1.012193733998462,1.0532458370410644,1.2734177654468262,1.2734177654468262,0.37290602687530977
STER,xgboost,2025-09-29T00:00:00Z,2,1.0783406799518311,0.09057543602183836,1.012193733998462,1.012193733998462,1.012193733998462,1.1775610988818848,1.1775610988818848,0.4394163898133899
STER,xgboost,2025-09-30T00:00:00Z,3,1.1217501705371582,0.112092041129491,1.012193733998462,1.012193733998462,1.1333845203601562,1.1775610988818848,1.2734177654468262,0.4605331874318932
TALL,xgboost,2025-09-27T00:00:00Z,0,0.047588623746100164,0.007677651970474846,0.04198165951556275,0.04198165951556275,0.04198165951556275,0.055999070091906286,0.055999070091906286,0.032814076078951475
TALL,xgboost,2025-09-28T00:00:00Z,1,0.09384667692965577,0.09978087919299061,0.04701001165694306,0.04701001165694306,0.04701001165694306,0.055999070091906286,0.2722042795855434,0.24186156548417592
TALL,xgboost,2025-09-29T00:00:00Z,2,0.1437333327371509,0.17371282664410223,-0.04654716359191825,-0.04654716359191825,0.2673524316985042,0.2722042795855434,0.2722042795855434,0.2760285574665514
TALL,xgboost,2025-09-30T00:00:00Z,3,-0.05370299400502135,0.28318783985533674,-0.5036239925187199,-0.04654716359191825,-0.04654716359191825,0.055999070091906286,0.2722042795855434,0.055217808431365305
TREE,xgboost,2025-09-29T00:00:00Z,2,0.71407336821733,0,0.71407336821733,0.71407336821733,0.71407336821733,0.71407336821733,0.71407336821733,0.6059169461691049
TREE,xgboost,2025-09-30T00:00:00Z,3,0.71407336821733,0,0.71407336821733,0.71407336821733,0.71407336821733,0.71407336821733,0.71407336821733,0.6098186878097828
TREE,xgboost,2025-09-27T00:00:00Z,0,0.71407336821733,0,0.71407336821733,0.71407336821733,0.71407336821733,0.71407336821733,0.71407336821733,0.8671460513921283
TREE,xgboost,2025-09-28T00:00:00Z,1,0.71407336821733,0,0.71407336821733,0.71407336821733,0.71407336821733,0.71407336821733,0.71407336821733,1.1958915694301169
UKFS,xgboost,2025-09-27T00:00:00Z,0,1.0343842731083928,0.08246433645608445,0.974160836752802,0.974160836752802,0.974160836752802,1.124719427641779,1.124719427641779,0.04080091730282552
UKFS,xgboost,2025-09-28T00:00:00Z,1,1.0890489564503727,0.12751839088599487,0.9560876355732976,0.9560876355732976,1.1138425336445865,1.209613488730341,1.209613488730341,0.19180957535172913
UKFS,xgboost,2025-09-29T00:00:00Z,2,0.9675228820408879,0.010664754052007957,0.9560876355732976,0.9560876355732976,0.9715812669362126,0.9769289360608159,0.9769289360608159,0.05855026115277578
UKFS,xgboost,2025-09-30T00:00:00Z,3,0.9344665632809697,0.09494875202167279,0.7646170721615849,0.9769289360608159,0.9769289360608159,0.9769289360608159,0.9769289360608159,0.033593426734574536
UNDE,xgboost,2025-09-27T00:00:00Z,0,1.0828030915557603,0,1.0828030915557603,1.0828030915557603,1.0828030915557603,1.0828030915557603,1.0828030915557603,0.7763594318730203
UNDE,xgboost,2025-09-28T00:00:00Z,1,1.0828030915557603,0,1.0828030915557603,1.0828030915557603,1.0828030915557603,1.0828030915557603,1.0828030915557603,0.5592169147597079
UNDE,xgboost,2025-09-29T00:00:00Z,2,1.0828030915557603,0,1.0828030915557603,1.0828030915557603,1.0828030915557603,1.0828030915557603,1.0828030915557603,0.19845750386684524
UNDE,xgboost,2025-09-30T00:00:00Z,3,1.0828030915557603,0,1.0828030915557603,1.0828030915557603,1.0828030915557603,1.0828030915557603,1.0828030915557603,0.17154120747271784
WOOD,xgboost,2025-09-29T00:00:00Z,2,3.9522709397013873,0.07409042089070683,3.8412167385752887,3.9099919990237444,4.003381986969301,4.003381986969301,4.003381986969301,1.8614633742856148
WOOD,xgboost,2025-09-30T00:00:00Z,3,3.7642453387912003,0.3208546868336041,3.2316692069705217,3.7129540637667864,3.869839449280092,4.003381986969301,4.003381986969301,2.131865388186051
WOOD,xgboost,2025-09-27T00:00:00Z,0,4.085296173446962,0.33990028763482494,3.7129540637667864,3.7129540637667864,4.333524246567079,4.333524246567079,4.333524246567079,1.9511690453526807
WOOD,xgboost,2025-09-28T00:00:00Z,1,3.986739273422548,0.015192649379422316,3.975644131058046,3.975644131058046,3.975644131058046,4.003381986969301,4.003381986969301,2.0042832700256366
