site_id,startDateTime,flux,flux_err
ABBY,2026-07-01T00:00:00Z,5.7280794252661655,0.01803708729288158
ABBY,2026-07-02T00:00:00Z,5.718705741764206,0.017984069873653
ABBY,2026-07-03T00:00:00Z,5.554933404470009,0.01747033391865947
ABBY,2026-07-04T00:00:00Z,5.8850991236416075,0.01858339802821745
ABBY,2026-07-05T00:00:00Z,6.820021096982222,0.02136474902350796
ABBY,2026-07-06T00:00:00Z,6.751763544640268,0.02117810503583739
ABBY,2026-07-07T00:00:00Z,6.76966551760975,0.0212591161100537
ABBY,2026-07-08T00:00:00Z,6.9778070174175415,0.02180682972314682
ABBY,2026-07-09T00:00:00Z,6.068981830521203,0.01906788019153868
ABBY,2026-07-10T00:00:00Z,5.83972689542339,0.01830962581276622
ABBY,2026-07-11T00:00:00Z,6.488955781037595,0.02032497488899401
ABBY,2026-07-12T00:00:00Z,6.762233521223646,0.02113853898746164
ABBY,2026-07-13T00:00:00Z,6.465509025259848,0.02019461873352819
ABBY,2026-07-14T00:00:00Z,6.232832010329326,0.0195036211064627
ABBY,2026-07-15T00:00:00Z,6.644145991187352,0.02076900949890197
ABBY,2026-07-16T00:00:00Z,6.0959945550904955,0.0190900552348573
ABBY,2026-07-17T00:00:00Z,6.259233809849939,0.01956917152807058
ABBY,2026-07-18T00:00:00Z,6.582498215453581,0.02055533939285512
ABBY,2026-07-19T00:00:00Z,6.5326400926695225,0.0203997687974969
ABBY,2026-07-20T00:00:00Z,6.329377336210145,0.01976349319451503
ABBY,2026-07-21T00:00:00Z,6.4016127802533624,0.02002565235324343
ABBY,2026-07-22T00:00:00Z,6.623178918992938,0.02073479792629412
ABBY,2026-07-23T00:00:00Z,6.547303031342262,0.02047072091072963
ABBY,2026-07-24T00:00:00Z,6.274864627089328,0.01962918801155858
ABBY,2026-07-25T00:00:00Z,6.256921711056945,0.01957723167887621
ABBY,2026-07-26T00:00:00Z,6.174204683203651,0.01930489235183987
ABBY,2026-07-27T00:00:00Z,6.0017464610251725,0.018770693502149
ABBY,2026-07-28T00:00:00Z,5.8297052995108425,0.01823294167382151
ABBY,2026-07-29T00:00:00Z,5.700506373783611,0.01782438283656791
ABBY,2026-07-30T00:00:00Z,5.647860890978966,0.01764342120196197
ABBY,2026-07-31T00:00:00Z,5.434771691242103,0.01698041674691229
BART,2026-07-01T00:00:00Z,-0.12942679653031397,9.630944373174868e-4
BART,2026-07-02T00:00:00Z,0.11698967513470294,0.00111700946795675
BART,2026-07-03T00:00:00Z,0.9819384386162944,0.00364389791635805
BART,2026-07-04T00:00:00Z,0.9999862670053492,0.00370517958570134
BART,2026-07-05T00:00:00Z,0.3738866508480099,0.00186305275842922
BART,2026-07-06T00:00:00Z,-0.21335909545972723,0.00113808595765446
BART,2026-07-07T00:00:00Z,-0.31873656877430073,0.00125416638292738
BART,2026-07-08T00:00:00Z,-0.07067000356635228,0.00259667802614829
BART,2026-07-09T00:00:00Z,-0.18832624726273348,7.61358744379574e-4
BART,2026-07-10T00:00:00Z,-0.28259483770005467,0.00100663050801884
BART,2026-07-11T00:00:00Z,-0.3242021154958831,0.00112934112351795
BART,2026-07-12T00:00:00Z,-0.22781734087526817,9.036318058979218e-4
BART,2026-07-13T00:00:00Z,-0.2314443319336403,8.393453045368683e-4
BART,2026-07-14T00:00:00Z,-0.27225216515281137,0.00116512044632886
BART,2026-07-15T00:00:00Z,0.6037667397590881,0.00326601157040345
BART,2026-07-16T00:00:00Z,0.5431156467115791,0.00340495097902656
BART,2026-07-17T00:00:00Z,-0.15524373067888264,0.00106205729532045
BART,2026-07-18T00:00:00Z,-0.1649791851893287,6.637162618357803e-4
BART,2026-07-19T00:00:00Z,1.1360724442312096,0.00460278584927533
BART,2026-07-20T00:00:00Z,0.3189110806579004,0.00261961430918241
BART,2026-07-21T00:00:00Z,0.26372817979346735,0.0013612446765562
BART,2026-07-22T00:00:00Z,0.6865040559535209,0.00294774738341161
BART,2026-07-23T00:00:00Z,1.4788575744017105,0.0052633147108055
BART,2026-07-24T00:00:00Z,0.4718781154230464,0.00180695499685248
BART,2026-07-25T00:00:00Z,0.25943947122850686,0.00163589791856927
BART,2026-07-26T00:00:00Z,0.3139989013254223,0.0026626874108765
BART,2026-07-27T00:00:00Z,0.35650316714806307,0.00239833047105129
BART,2026-07-28T00:00:00Z,0.7401552517191965,0.00430961418682653
BART,2026-07-29T00:00:00Z,0.5548776406632794,0.00221303087790751
BART,2026-07-30T00:00:00Z,0.16664296646879537,7.369604682424366e-4
BART,2026-07-31T00:00:00Z,0.13921816497269698,6.436381405187562e-4
BLAN,2026-07-01T00:00:00Z,3.460134576353487,0.01104152698547168
BLAN,2026-07-02T00:00:00Z,3.096598681617447,0.00995813217024176
BLAN,2026-07-03T00:00:00Z,1.438415360738322,0.00496843884080508
BLAN,2026-07-04T00:00:00Z,0.8430702736686585,0.00273390868511165
BLAN,2026-07-05T00:00:00Z,1.0948079883255646,0.00370050076164267
BLAN,2026-07-06T00:00:00Z,0.9640042359661408,0.00343480489105681
BLAN,2026-07-07T00:00:00Z,1.8931983077420809,0.00708669345813583
BLAN,2026-07-08T00:00:00Z,1.734926620513153,0.00575966236212627
BLAN,2026-07-09T00:00:00Z,1.95883228371265,0.00660825374497356
BLAN,2026-07-10T00:00:00Z,2.368390642232423,0.00823729280922472
BLAN,2026-07-11T00:00:00Z,2.2306688768036493,0.00796299704391941
BLAN,2026-07-12T00:00:00Z,1.9882254629240397,0.00651726599412048
BLAN,2026-07-13T00:00:00Z,1.6914755935873302,0.00655122573755939
BLAN,2026-07-14T00:00:00Z,2.1680365286543717,0.00726277615362107
BLAN,2026-07-15T00:00:00Z,1.8950764446170507,0.00712982404586131
BLAN,2026-07-16T00:00:00Z,2.181710096084448,0.00769893794905596
BLAN,2026-07-17T00:00:00Z,1.4649324453476176,0.005156740444193
BLAN,2026-07-18T00:00:00Z,1.407776170623973,0.00496039642248143
BLAN,2026-07-19T00:00:00Z,2.5479456702558467,0.00847839023811575
BLAN,2026-07-20T00:00:00Z,1.6237847353755106,0.00534382161625751
BLAN,2026-07-21T00:00:00Z,1.448877282198737,0.00470344200963412
BLAN,2026-07-22T00:00:00Z,2.5390518482859012,0.00855764414869568
BLAN,2026-07-23T00:00:00Z,1.705727412402687,0.00629941597184741
BLAN,2026-07-24T00:00:00Z,1.1567903718316626,0.00469568216028976
BLAN,2026-07-25T00:00:00Z,1.5728629287085871,0.00499359250579191
BLAN,2026-07-26T00:00:00Z,1.1643529577826512,0.00445905559043049
BLAN,2026-07-27T00:00:00Z,0.8763858833504906,0.00293006856093579
BLAN,2026-07-28T00:00:00Z,0.8750623956679473,0.00285691808471152
BLAN,2026-07-29T00:00:00Z,1.1583985999927455,0.0045489982086144
BLAN,2026-07-30T00:00:00Z,1.0400129008938104,0.0035568070647809
BLAN,2026-07-31T00:00:00Z,1.0595789901048458,0.0039096645603774
CPER,2026-07-01T00:00:00Z,0.4154376393228087,0.00135434428223878
CPER,2026-07-02T00:00:00Z,0.35792604860997745,0.00113475295852648
CPER,2026-07-03T00:00:00Z,0.34567827223101877,0.00110539890488054
CPER,2026-07-04T00:00:00Z,0.3044314086614322,9.701875482448676e-4
CPER,2026-07-05T00:00:00Z,0.31525171748775266,0.00101711983912171
CPER,2026-07-06T00:00:00Z,0.38612390041271993,0.00123200069284219
CPER,2026-07-07T00:00:00Z,0.3796517716695144,0.0012123879675795
CPER,2026-07-08T00:00:00Z,0.22515021012627576,7.85293428444313e-4
CPER,2026-07-09T00:00:00Z,0.20460424320780385,6.65196955808921e-4
CPER,2026-07-10T00:00:00Z,0.32627188059084217,0.00104558288018423
CPER,2026-07-11T00:00:00Z,0.3864404871019472,0.00122619267646619
CPER,2026-07-12T00:00:00Z,0.4587320876041607,0.00144819067040833
CPER,2026-07-13T00:00:00Z,0.4669719699845607,0.00146885844286445
CPER,2026-07-14T00:00:00Z,0.4119412417205824,0.00130650781720612
CPER,2026-07-15T00:00:00Z,0.3759566458644563,0.00119433538460252
CPER,2026-07-16T00:00:00Z,0.3555454558375495,0.0011345977098475
CPER,2026-07-17T00:00:00Z,0.3049887798214475,9.663479338638548e-4
CPER,2026-07-18T00:00:00Z,0.32101293397671127,0.00103399506522885
CPER,2026-07-19T00:00:00Z,0.3007213190389977,9.541183650734256e-4
CPER,2026-07-20T00:00:00Z,0.255629650103823,8.038025836852935e-4
CPER,2026-07-21T00:00:00Z,0.20657937780226487,6.761656037256044e-4
CPER,2026-07-22T00:00:00Z,0.33306291267831795,0.00123537931697057
CPER,2026-07-23T00:00:00Z,0.3532661734261453,0.00116158067249422
CPER,2026-07-24T00:00:00Z,0.2582408381657406,8.658421844382504e-4
CPER,2026-07-25T00:00:00Z,0.345349790514797,0.00112855435178716
CPER,2026-07-26T00:00:00Z,0.4242521410933111,0.00135682727498575
CPER,2026-07-27T00:00:00Z,0.48284670537800106,0.00151765021791933
CPER,2026-07-28T00:00:00Z,0.48976987254269105,0.00154250531148163
CPER,2026-07-29T00:00:00Z,0.617172505768984,0.00196015246438591
CPER,2026-07-30T00:00:00Z,0.6726636832837044,0.00211315155683719
CPER,2026-07-31T00:00:00Z,0.6282065282207148,0.00196825254053389
DCFS,2026-07-01T00:00:00Z,0.7942666177322517,0.00316984738631461
DCFS,2026-07-02T00:00:00Z,0.9134499057683492,0.00440491397894609
DCFS,2026-07-03T00:00:00Z,1.1907164578534912,0.00439867057489279
DCFS,2026-07-04T00:00:00Z,1.0226587993786147,0.00345784781040883
DCFS,2026-07-05T00:00:00Z,1.442657865006164,0.00483117522988855
DCFS,2026-07-06T00:00:00Z,0.728845191101251,0.00260168515089652
DCFS,2026-07-07T00:00:00Z,0.8517200165645422,0.00316250783915176
DCFS,2026-07-08T00:00:00Z,0.4937833829184742,0.00189091197012349
DCFS,2026-07-09T00:00:00Z,1.0922466795960275,0.0043716509400378
DCFS,2026-07-10T00:00:00Z,2.0208140077302104,0.00773880141736332
DCFS,2026-07-11T00:00:00Z,1.6019319895551003,0.00631327678437054
DCFS,2026-07-12T00:00:00Z,1.1162775555389368,0.00542160289665634
DCFS,2026-07-13T00:00:00Z,0.8207408986229501,0.00497602837974466
DCFS,2026-07-14T00:00:00Z,2.282266131392019,0.00923066994694672
DCFS,2026-07-15T00:00:00Z,2.7556547534627547,0.00956854907258384
DCFS,2026-07-16T00:00:00Z,1.397118395299647,0.00571771467006147
DCFS,2026-07-17T00:00:00Z,1.4982499688162652,0.00511248891377703
DCFS,2026-07-18T00:00:00Z,1.2250370191326183,0.00438516705638982
DCFS,2026-07-19T00:00:00Z,1.3751390554648812,0.00522054854955065
DCFS,2026-07-20T00:00:00Z,1.6397690347899054,0.00566300761113727
DCFS,2026-07-21T00:00:00Z,1.27155212182081,0.00545399409976872
DCFS,2026-07-22T00:00:00Z,1.229368387813846,0.00484332842835404
DCFS,2026-07-23T00:00:00Z,1.0180015876640514,0.00445924868786877
DCFS,2026-07-24T00:00:00Z,0.29364073735267177,0.00122599757521948
DCFS,2026-07-25T00:00:00Z,1.3028138615031826,0.00532977415498435
DCFS,2026-07-26T00:00:00Z,1.0177688852873876,0.00404883560807362
DCFS,2026-07-27T00:00:00Z,1.2912260779407307,0.00447250160751076
DCFS,2026-07-28T00:00:00Z,0.7970155445782396,0.0028529010726943
DCFS,2026-07-29T00:00:00Z,0.7621501188747475,0.00254122071896166
DCFS,2026-07-30T00:00:00Z,0.7417718770332086,0.00258142275287413
DCFS,2026-07-31T00:00:00Z,0.6432345399987446,0.00217113277836139
DSNY,2026-07-01T00:00:00Z,1.2182334950312432,0.00393418828232948
DSNY,2026-07-02T00:00:00Z,0.7687226770019825,0.00249447918724126
DSNY,2026-07-03T00:00:00Z,0.5269680520432861,0.00169748681566656
DSNY,2026-07-04T00:00:00Z,0.4400306861290323,0.00142183784817433
DSNY,2026-07-05T00:00:00Z,0.3992540886461498,0.00128170981635843
DSNY,2026-07-06T00:00:00Z,0.40251073442113977,0.00130738281459867
DSNY,2026-07-07T00:00:00Z,0.646454450192511,0.00298200037080176
DSNY,2026-07-08T00:00:00Z,0.47610444199224605,0.00165285248130323
DSNY,2026-07-09T00:00:00Z,0.8315662200910834,0.00297451387689674
DSNY,2026-07-10T00:00:00Z,1.1658891387214592,0.0037872487918005
DSNY,2026-07-11T00:00:00Z,1.1815083931630772,0.00385345356668459
DSNY,2026-07-12T00:00:00Z,1.2593872470332184,0.00401835984532128
DSNY,2026-07-13T00:00:00Z,1.6400000299121145,0.0052336485355248
DSNY,2026-07-14T00:00:00Z,1.139327321008885,0.00362092783000458
DSNY,2026-07-15T00:00:00Z,0.8352696228500934,0.00269133632177515
DSNY,2026-07-16T00:00:00Z,0.5437004735878129,0.00185436916518729
DSNY,2026-07-17T00:00:00Z,0.5583193740930671,0.00190030689738471
DSNY,2026-07-18T00:00:00Z,0.44811861669666614,0.00153819705426549
DSNY,2026-07-19T00:00:00Z,0.7810018004985252,0.00258022385445363
DSNY,2026-07-20T00:00:00Z,0.8044904318185889,0.00274862984094327
DSNY,2026-07-21T00:00:00Z,0.6735522512899292,0.00215395109935738
DSNY,2026-07-22T00:00:00Z,0.4672012414018441,0.00154954837446372
DSNY,2026-07-23T00:00:00Z,0.4732112732975283,0.0016145683384041
DSNY,2026-07-24T00:00:00Z,0.5921625564298962,0.00194296814133742
DSNY,2026-07-25T00:00:00Z,0.7776787331564318,0.0025064171902411
DSNY,2026-07-26T00:00:00Z,0.9830485769636926,0.00313591942472401
DSNY,2026-07-27T00:00:00Z,0.7504548573018951,0.00244250339820178
DSNY,2026-07-28T00:00:00Z,0.48685172835577006,0.00161405703324862
DSNY,2026-07-29T00:00:00Z,0.8258685501387082,0.00262136746470275
DSNY,2026-07-30T00:00:00Z,0.6919812808947465,0.00232312773357263
DSNY,2026-07-31T00:00:00Z,0.8199451140409413,0.00259767771073661
GUAN,2026-07-01T00:00:00Z,2.5713064764375897,0.00803444095773275
GUAN,2026-07-02T00:00:00Z,2.4687049828538,0.00771608592663743
GUAN,2026-07-03T00:00:00Z,2.329821966229292,0.00728710266461535
GUAN,2026-07-04T00:00:00Z,2.4487500766197945,0.00765459365594018
GUAN,2026-07-05T00:00:00Z,2.383350545121276,0.00745263066798958
GUAN,2026-07-06T00:00:00Z,2.362920585733904,0.00739294417734835
GUAN,2026-07-07T00:00:00Z,2.2578791415222454,0.00705814641215117
GUAN,2026-07-08T00:00:00Z,2.19551625178576,0.00686144573459118
GUAN,2026-07-09T00:00:00Z,2.2691685656889473,0.00709288617232751
GUAN,2026-07-10T00:00:00Z,2.25803835463094,0.00705983181467918
GUAN,2026-07-11T00:00:00Z,2.1791758545633244,0.0068101907887675
GUAN,2026-07-12T00:00:00Z,2.1356984232610747,0.00668284968742419
GUAN,2026-07-13T00:00:00Z,2.320344522915669,0.00725373821213481
GUAN,2026-07-14T00:00:00Z,2.290759883321864,0.00717120370887551
GUAN,2026-07-15T00:00:00Z,2.273812450729554,0.0071117903806745
GUAN,2026-07-16T00:00:00Z,2.1962618347755978,0.0068625127329696
GUAN,2026-07-17T00:00:00Z,2.066327447050182,0.00645942310102515
GUAN,2026-07-18T00:00:00Z,2.1263778076492112,0.00664734946594671
GUAN,2026-07-19T00:00:00Z,2.126988679315984,0.00665171252888071
GUAN,2026-07-20T00:00:00Z,2.076195167113394,0.00649384298022427
GUAN,2026-07-21T00:00:00Z,1.9872983336225445,0.0062189528796881
GUAN,2026-07-22T00:00:00Z,2.0717115332203053,0.00648233554602679
GUAN,2026-07-23T00:00:00Z,2.1439954018216363,0.00669275018767171
GUAN,2026-07-24T00:00:00Z,2.1768178000739993,0.00680377375537989
GUAN,2026-07-25T00:00:00Z,2.1157563727433732,0.00661867810667161
GUAN,2026-07-26T00:00:00Z,2.0872530749578964,0.00652450587515918
GUAN,2026-07-27T00:00:00Z,2.0700684054557774,0.00647480119289052
GUAN,2026-07-28T00:00:00Z,2.174191309652467,0.00679096149151969
GUAN,2026-07-29T00:00:00Z,2.1490775955030905,0.00671575685875633
GUAN,2026-07-30T00:00:00Z,2.047994479297636,0.00639966537832269
GUAN,2026-07-31T00:00:00Z,1.8603333967975455,0.00582979724958188
HEAL,2026-07-01T00:00:00Z,18.550452268481827,0.06872222044134221
HEAL,2026-07-02T00:00:00Z,14.250677271826332,0.05947628529696867
HEAL,2026-07-03T00:00:00Z,6.170544348660036,0.03421099523101633
HEAL,2026-07-04T00:00:00Z,21.86278752312602,0.0784139167994921
HEAL,2026-07-05T00:00:00Z,22.00422956639906,0.07708300071787683
HEAL,2026-07-06T00:00:00Z,16.421911649839977,0.06648975820083286
HEAL,2026-07-07T00:00:00Z,14.745326159738743,0.06228188705880012
HEAL,2026-07-08T00:00:00Z,0.03273225393968265,0.00303446496895345
HEAL,2026-07-09T00:00:00Z,6.723647745574771,0.03797249615888139
HEAL,2026-07-10T00:00:00Z,0.21252289680932057,0.00395195993460439
HEAL,2026-07-11T00:00:00Z,0.8793427361227889,0.00395464180084912
HEAL,2026-07-12T00:00:00Z,0.4131676561724432,0.00228881621335226
HEAL,2026-07-13T00:00:00Z,0.6875833444318349,0.00297541244232407
HEAL,2026-07-14T00:00:00Z,-0.18404644651799337,0.00194161106987088
HEAL,2026-07-15T00:00:00Z,0.942697250261232,0.00450344905236779
HEAL,2026-07-16T00:00:00Z,0.2739207510827977,0.0032175369944394
HEAL,2026-07-17T00:00:00Z,-0.2766298135095595,0.00159752572244977
HEAL,2026-07-18T00:00:00Z,0.02809126998672908,0.00183251137388409
HEAL,2026-07-19T00:00:00Z,0.18902412646246272,0.00122794232855772
HEAL,2026-07-20T00:00:00Z,-0.3757397678902573,0.00133121328054151
HEAL,2026-07-21T00:00:00Z,0.3146917639283135,0.00167617221564669
HEAL,2026-07-22T00:00:00Z,0.7524734602374928,0.0047804761210042
HEAL,2026-07-23T00:00:00Z,0.5357678540093084,0.00250045763145627
HEAL,2026-07-24T00:00:00Z,0.6848823635591637,0.00227103257785306
HEAL,2026-07-25T00:00:00Z,3.9628422525086218,0.01514176175942654
HEAL,2026-07-26T00:00:00Z,8.698823428967142,0.03623170252201064
HEAL,2026-07-27T00:00:00Z,3.662892820672474,0.01273575624904011
HEAL,2026-07-28T00:00:00Z,6.2593496433268125,0.02226697066071419
HEAL,2026-07-29T00:00:00Z,11.082655376737511,0.03933191353423767
HEAL,2026-07-30T00:00:00Z,12.437144764268218,0.05027886007479195
HEAL,2026-07-31T00:00:00Z,29.187200681147772,0.09543178723919168
JORN,2026-07-01T00:00:00Z,0.39481021389470344,0.00125668945084942
JORN,2026-07-02T00:00:00Z,0.35648976559396695,0.00116246006307402
JORN,2026-07-03T00:00:00Z,0.3096285056098782,0.00102662328384794
JORN,2026-07-04T00:00:00Z,0.3202781407891136,0.00104587932650934
JORN,2026-07-05T00:00:00Z,0.32724358518493385,0.00108529582391597
JORN,2026-07-06T00:00:00Z,0.25032120682568637,8.495360374034616e-4
JORN,2026-07-07T00:00:00Z,0.27657341150708914,9.237805935928364e-4
JORN,2026-07-08T00:00:00Z,0.2554710337032786,8.625707620022379e-4
JORN,2026-07-09T00:00:00Z,0.21481459331249209,6.917862954586058e-4
JORN,2026-07-10T00:00:00Z,0.22853124069931527,7.81339257213748e-4
JORN,2026-07-11T00:00:00Z,0.0958239227978945,3.5863699563420286e-4
JORN,2026-07-12T00:00:00Z,0.21851920248580664,7.290588011944337e-4
JORN,2026-07-13T00:00:00Z,0.15750287868847085,5.100161925129548e-4
JORN,2026-07-14T00:00:00Z,0.17227853505321825,5.632458409695725e-4
JORN,2026-07-15T00:00:00Z,0.195434187399759,6.437147732035698e-4
JORN,2026-07-16T00:00:00Z,0.17317778144706178,5.642945147947521e-4
JORN,2026-07-17T00:00:00Z,0.407995417537722,0.00132158145874916
JORN,2026-07-18T00:00:00Z,0.2488316193825965,0.00102848977779703
JORN,2026-07-19T00:00:00Z,0.48926889296266546,0.00155991689595259
JORN,2026-07-20T00:00:00Z,0.6817022966341995,0.00224082240551646
JORN,2026-07-21T00:00:00Z,0.49658845560462433,0.00162820998323535
JORN,2026-07-22T00:00:00Z,0.5239135757706709,0.00169118427711971
JORN,2026-07-23T00:00:00Z,0.5366773352770678,0.00174700630049688
JORN,2026-07-24T00:00:00Z,0.6073404145370487,0.00197885227752251
JORN,2026-07-25T00:00:00Z,0.6120291470154846,0.00194353248427799
JORN,2026-07-26T00:00:00Z,0.5616232776226906,0.00179367648963161
JORN,2026-07-27T00:00:00Z,0.5294394659209795,0.00167805732744551
JORN,2026-07-28T00:00:00Z,0.5097652235305631,0.00162140343675901
JORN,2026-07-29T00:00:00Z,0.5002639875103218,0.00161723340905634
JORN,2026-07-30T00:00:00Z,0.3936087045143246,0.00125005942872121
JORN,2026-07-31T00:00:00Z,0.36694557884770235,0.00116330921691377
KONA,2026-07-01T00:00:00Z,-0.03060439261865006,1.271900259703224e-4
KONA,2026-07-02T00:00:00Z,0.01900954201321097,2.2409544283697765e-4
KONA,2026-07-03T00:00:00Z,0.06616961139612955,3.153243186817333e-4
KONA,2026-07-04T00:00:00Z,-0.2871365973814769,0.00306787823377499
KONA,2026-07-05T00:00:00Z,-0.0914674197976336,0.00231241024758337
KONA,2026-07-06T00:00:00Z,0.21193844488198396,0.00124609994655522
KONA,2026-07-07T00:00:00Z,-0.0733689112064625,0.00170498357316832
KONA,2026-07-08T00:00:00Z,0.1708180720702981,6.205957186179471e-4
KONA,2026-07-09T00:00:00Z,0.19933391542807244,0.00126358030153687
KONA,2026-07-10T00:00:00Z,-0.6973316989675157,0.00576376182992929
KONA,2026-07-11T00:00:00Z,-0.6363036953438065,0.00470519340116641
KONA,2026-07-12T00:00:00Z,-0.05545763139649813,5.516375291626618e-4
KONA,2026-07-13T00:00:00Z,0.02747264275296093,3.334630823688365e-4
KONA,2026-07-14T00:00:00Z,0.07935736337318822,9.996569512609914e-4
KONA,2026-07-15T00:00:00Z,0.19247085497976985,9.16665498445716e-4
KONA,2026-07-16T00:00:00Z,0.17403054826685288,7.831533321948265e-4
KONA,2026-07-17T00:00:00Z,0.11388965618408706,5.26146269285647e-4
KONA,2026-07-18T00:00:00Z,0.17776923777307513,0.00147088706248304
KONA,2026-07-19T00:00:00Z,0.0908216889741319,5.338756783522315e-4
KONA,2026-07-20T00:00:00Z,0.13060219860661257,8.048998906911954e-4
KONA,2026-07-21T00:00:00Z,0.1369400360977111,8.913371428207799e-4
KONA,2026-07-22T00:00:00Z,0.15310265275361304,8.859921799668233e-4
KONA,2026-07-23T00:00:00Z,0.3024622968354827,0.00321409245433805
KONA,2026-07-24T00:00:00Z,1.214527647071004,0.00575019693852997
KONA,2026-07-25T00:00:00Z,1.4899005316166,0.00582741166076037
KONA,2026-07-26T00:00:00Z,0.2406333944599876,0.00102339547100723
KONA,2026-07-27T00:00:00Z,0.14119382795767618,0.00119856499359022
KONA,2026-07-28T00:00:00Z,-0.0905528455167322,3.437555409165713e-4
KONA,2026-07-29T00:00:00Z,0.0191304382314439,7.293555006681493e-4
KONA,2026-07-30T00:00:00Z,0.2226647170125586,0.00195342006088542
KONA,2026-07-31T00:00:00Z,0.2695233166366646,0.00141655359344183
KONZ,2026-07-01T00:00:00Z,18.82155830328424,0.05922999893696108
KONZ,2026-07-02T00:00:00Z,17.313293171350125,0.05412637524747207
KONZ,2026-07-03T00:00:00Z,17.712503688987976,0.05541861813435267
KONZ,2026-07-04T00:00:00Z,14.333590845599067,0.04668548535638364
KONZ,2026-07-05T00:00:00Z,7.183430596887601,0.02618308681572797
KONZ,2026-07-06T00:00:00Z,9.8888113535149,0.03098157063224141
KONZ,2026-07-07T00:00:00Z,11.114277161551174,0.03478180546151673
KONZ,2026-07-08T00:00:00Z,18.250755290754167,0.05786855130244408
KONZ,2026-07-09T00:00:00Z,15.85479355716743,0.05084064996420233
KONZ,2026-07-10T00:00:00Z,8.24017819363772,0.02651383732178912
KONZ,2026-07-11T00:00:00Z,7.629489695943842,0.02397423075651772
KONZ,2026-07-12T00:00:00Z,11.049878686473368,0.03477784940776726
KONZ,2026-07-13T00:00:00Z,19.566364646224024,0.06243937892954435
KONZ,2026-07-14T00:00:00Z,25.404733466369773,0.0795889853862744
KONZ,2026-07-15T00:00:00Z,25.335438741497526,0.07919550574250336
KONZ,2026-07-16T00:00:00Z,23.21441722941342,0.07294116256722365
KONZ,2026-07-17T00:00:00Z,20.50525384586561,0.06439584070379338
KONZ,2026-07-18T00:00:00Z,24.148167092021083,0.07591108031764518
KONZ,2026-07-19T00:00:00Z,25.573520529799605,0.08028445773592129
KONZ,2026-07-20T00:00:00Z,25.43023936630237,0.079804972922654
KONZ,2026-07-21T00:00:00Z,20.727405614240503,0.06587341080357757
KONZ,2026-07-22T00:00:00Z,16.159905287515766,0.05234505303682302
KONZ,2026-07-23T00:00:00Z,13.444087329398617,0.04726012369345581
KONZ,2026-07-24T00:00:00Z,15.3652074219993,0.04950124681644562
KONZ,2026-07-25T00:00:00Z,14.569340659094342,0.04639576484484951
KONZ,2026-07-26T00:00:00Z,13.47129340646249,0.04264772927623531
KONZ,2026-07-27T00:00:00Z,16.55269791385125,0.05314034305950139
KONZ,2026-07-28T00:00:00Z,23.40435386639608,0.07408882070398236
KONZ,2026-07-29T00:00:00Z,24.696497251613117,0.07756776012419088
KONZ,2026-07-30T00:00:00Z,17.37084345179835,0.05575040836239714
KONZ,2026-07-31T00:00:00Z,10.474556593494862,0.03322561162909285
LAJA,2026-07-01T00:00:00Z,0.5728717652350365,0.00208406738548142
LAJA,2026-07-02T00:00:00Z,0.5333134439609382,0.00175028639379008
LAJA,2026-07-03T00:00:00Z,0.6676288953507296,0.0021638151238052
LAJA,2026-07-04T00:00:00Z,0.9198858381766984,0.00302373283202931
LAJA,2026-07-05T00:00:00Z,0.865720057126554,0.00278421115672832
LAJA,2026-07-06T00:00:00Z,0.7752732604822837,0.00256525496310108
LAJA,2026-07-07T00:00:00Z,0.6991656991567398,0.00228785082255506
LAJA,2026-07-08T00:00:00Z,0.7846747350481079,0.00272982191720753
LAJA,2026-07-09T00:00:00Z,0.6762431787800356,0.00222388877776129
LAJA,2026-07-10T00:00:00Z,0.788676500680783,0.00262020854469745
LAJA,2026-07-11T00:00:00Z,0.6927492619980584,0.00225925779046542
LAJA,2026-07-12T00:00:00Z,0.5057879043985719,0.00163158947532658
LAJA,2026-07-13T00:00:00Z,0.687487349543394,0.00228004075966747
LAJA,2026-07-14T00:00:00Z,0.5779499104752128,0.00202519295610907
LAJA,2026-07-15T00:00:00Z,0.4722849890899487,0.00155250257588968
LAJA,2026-07-16T00:00:00Z,0.4649668061907244,0.00150893843842091
LAJA,2026-07-17T00:00:00Z,0.501802129927603,0.00165671267266746
LAJA,2026-07-18T00:00:00Z,0.48610477144752345,0.00157551119070144
LAJA,2026-07-19T00:00:00Z,0.48602388275634906,0.00155165177283303
LAJA,2026-07-20T00:00:00Z,0.4417389586390293,0.00141083682385243
LAJA,2026-07-21T00:00:00Z,0.603753753302988,0.00231206990969765
LAJA,2026-07-22T00:00:00Z,1.0567548807921143,0.00363025517604312
LAJA,2026-07-23T00:00:00Z,0.8818252766558385,0.00300947525909053
LAJA,2026-07-24T00:00:00Z,0.593487109932314,0.00193582325270154
LAJA,2026-07-25T00:00:00Z,1.1081118005670705,0.00389926199326631
LAJA,2026-07-26T00:00:00Z,0.8462815544220464,0.00301029818666754
LAJA,2026-07-27T00:00:00Z,0.7244849539952197,0.00263771110460285
LAJA,2026-07-28T00:00:00Z,0.7071216648777972,0.00235205960965717
LAJA,2026-07-29T00:00:00Z,0.7359525203564873,0.00238665483863959
LAJA,2026-07-30T00:00:00Z,0.673794981184917,0.00223374384988881
LAJA,2026-07-31T00:00:00Z,0.70018328639772065,0.00236070658915547
LENO,2026-07-01T00:00:00Z,16.779517546498393,0.0531158100343539
LENO,2026-07-02T00:00:00Z,18.6189259198817,0.0582650057301709
LENO,2026-07-03T00:00:00Z,19.141747531704315,0.05977949026512196
LENO,2026-07-04T00:00:00Z,18.668283204851875,0.05827766522153066
LENO,2026-07-05T00:00:00Z,18.29133578437921,0.05709628121793413
LENO,2026-07-06T00:00:00Z,17.204783103293295,0.05371459479000942
LENO,2026-07-07T00:00:00Z,16.2400666784513,0.05074770206458524
LENO,2026-07-08T00:00:00Z,15.677961067337634,0.04894117326246057
LENO,2026-07-09T00:00:00Z,15.132577940422328,0.04726895008207125
LENO,2026-07-10T00:00:00Z,14.046987055948044,0.04389707118115468
LENO,2026-07-11T00:00:00Z,14.15618591342692,0.04421734790789349
LENO,2026-07-12T00:00:00Z,14.71171020071031,0.04590911506102373
LENO,2026-07-13T00:00:00Z,14.635271577243316,0.04568588648709292
LENO,2026-07-14T00:00:00Z,14.420511594818173,0.04517459654245483
LENO,2026-07-15T00:00:00Z,14.694969785282536,0.04585683659283018
LENO,2026-07-16T00:00:00Z,14.781930303384566,0.04615097438750029
LENO,2026-07-17T00:00:00Z,15.016535247609026,0.04685972273741733
LENO,2026-07-18T00:00:00Z,14.984689457792324,0.04676199654659886
LENO,2026-07-19T00:00:00Z,12.984223469355722,0.04084357859158532
LENO,2026-07-20T00:00:00Z,12.292162981280988,0.0384486309055343
LENO,2026-07-21T00:00:00Z,11.335177228392029,0.03561021099207986
LENO,2026-07-22T00:00:00Z,10.147039481526596,0.03198744358082763
LENO,2026-07-23T00:00:00Z,10.935030627878696,0.03434783406605323
LENO,2026-07-24T00:00:00Z,10.542090004829973,0.03301184203513063
LENO,2026-07-25T00:00:00Z,9.847157797488942,0.03134797684134372
LENO,2026-07-26T00:00:00Z,9.163905650092168,0.0296957337868606
LENO,2026-07-27T00:00:00Z,9.861160696592773,0.03155251774648309
LENO,2026-07-28T00:00:00Z,9.544918029580655,0.02992005731283607
LENO,2026-07-29T00:00:00Z,8.21338668547741,0.0262187478737475
LENO,2026-07-30T00:00:00Z,4.850685161347171,0.0154372375546771
LENO,2026-07-31T00:00:00Z,6.325786554807149,0.0201390073779169
MLBS,2026-07-01T00:00:00Z,1.3639504206401205,0.00602771625922936
MLBS,2026-07-02T00:00:00Z,1.3204332983035385,0.00507781236411251
MLBS,2026-07-03T00:00:00Z,0.7279690478092313,0.00300008487021837
MLBS,2026-07-04T00:00:00Z,1.3403494544108443,0.00525128854493924
MLBS,2026-07-05T00:00:00Z,1.0516308568245325,0.0039117199910278
MLBS,2026-07-06T00:00:00Z,1.742049411151198,0.00596616964496774
MLBS,2026-07-07T00:00:00Z,2.500602248534199,0.0087913204125116
MLBS,2026-07-08T00:00:00Z,3.191334625063562,0.01025203092017285
MLBS,2026-07-09T00:00:00Z,3.4688936852622523,0.01118656243908644
MLBS,2026-07-10T00:00:00Z,2.6756652584673937,0.00844976063963528
MLBS,2026-07-11T00:00:00Z,3.8082311421554818,0.01217541829288201
MLBS,2026-07-12T00:00:00Z,5.603384625754976,0.01753216496470141
MLBS,2026-07-13T00:00:00Z,3.732445868416968,0.01223894725152868
MLBS,2026-07-14T00:00:00Z,4.115295404049951,0.0131431758669763
MLBS,2026-07-15T00:00:00Z,3.399816847404558,0.01211577794554839
MLBS,2026-07-16T00:00:00Z,0.5629331945821029,0.00385875852608265
MLBS,2026-07-17T00:00:00Z,0.7810278391438671,0.00348025321538686
MLBS,2026-07-18T00:00:00Z,2.387572173083387,0.00960913930964515
MLBS,2026-07-19T00:00:00Z,0.8052316976816555,0.00279828551143244
MLBS,2026-07-20T00:00:00Z,1.7979638729337473,0.00649617562614853
MLBS,2026-07-21T00:00:00Z,2.3961335326886637,0.00876682059169981
MLBS,2026-07-22T00:00:00Z,1.237974678448022,0.00613857108272707
MLBS,2026-07-23T00:00:00Z,1.5366302305830764,0.0051909082946346
MLBS,2026-07-24T00:00:00Z,4.056505346456737,0.01335445998734342
MLBS,2026-07-25T00:00:00Z,1.2520178229506156,0.00440853979282103
MLBS,2026-07-26T00:00:00Z,0.2686614163320712,0.00260123608734282
MLBS,2026-07-27T00:00:00Z,0.0555454831095744,2.6490472922392007e-4
MLBS,2026-07-28T00:00:00Z,0.6538264312289631,0.00377213386401834
MLBS,2026-07-29T00:00:00Z,0.11171399852944114,5.392002581592955e-4
MLBS,2026-07-30T00:00:00Z,0.8682406155618215,0.00355410356549828
MLBS,2026-07-31T00:00:00Z,1.8318869366665036,0.00743705218189802
MOAB,2026-07-01T00:00:00Z,0.09418896073380498,3.0261124065062654e-4
MOAB,2026-07-02T00:00:00Z,0.09037456586094976,2.933756735410911e-4
MOAB,2026-07-03T00:00:00Z,0.08940563489008385,2.8408403551996966e-4
MOAB,2026-07-04T00:00:00Z,0.10093233513342592,3.2038648161782383e-4
MOAB,2026-07-05T00:00:00Z,0.10385711421925826,3.3248475135627377e-4
MOAB,2026-07-06T00:00:00Z,0.10656609763119249,3.3697025303385225e-4
MOAB,2026-07-07T00:00:00Z,0.09915090749531728,3.110886372476773e-4
MOAB,2026-07-08T00:00:00Z,0.11298116094188376,3.546958842519952e-4
MOAB,2026-07-09T00:00:00Z,0.11774312543547892,3.719825545271325e-4
MOAB,2026-07-10T00:00:00Z,0.11517493415768984,3.6416167702163726e-4
MOAB,2026-07-11T00:00:00Z,0.11189649989118455,3.5494378514531387e-4
MOAB,2026-07-12T00:00:00Z,0.12116767567591052,3.8538670363934296e-4
MOAB,2026-07-13T00:00:00Z,0.1163120406683892,3.663083346740833e-4
MOAB,2026-07-14T00:00:00Z,0.11678182838904544,3.676959997377703e-4
MOAB,2026-07-15T00:00:00Z,0.1136244214864294,3.5760699193271273e-4
MOAB,2026-07-16T00:00:00Z,0.12070147980467118,3.8217213834611344e-4
MOAB,2026-07-17T00:00:00Z,0.07456336785435307,2.3820956303266077e-4
MOAB,2026-07-18T00:00:00Z,0.1001036892812842,3.227413761108143e-4
MOAB,2026-07-19T00:00:00Z,0.10460324756807728,3.294939576002404e-4
MOAB,2026-07-20T00:00:00Z,-0.01057094803762095,3.155402995214375e-4
MOAB,2026-07-21T00:00:00Z,0.07017363496353489,2.463406820359371e-4
MOAB,2026-07-22T00:00:00Z,0.03189550302052556,2.641129261949624e-4
MOAB,2026-07-23T00:00:00Z,0.14150976162041812,4.6640489255409705e-4
MOAB,2026-07-24T00:00:00Z,0.23069302352256085,7.289161677065314e-4
MOAB,2026-07-25T00:00:00Z,0.26901586007062284,8.581838089772597e-4
MOAB,2026-07-26T00:00:00Z,0.30879915161524,9.734251166037848e-4
MOAB,2026-07-27T00:00:00Z,0.21111894480888235,6.699343207245018e-4
MOAB,2026-07-28T00:00:00Z,0.2306214934308946,7.351546100135299e-4
MOAB,2026-07-29T00:00:00Z,0.0381749548913063,2.6985720579255105e-4
MOAB,2026-07-30T00:00:00Z,0.3000988191361803,9.502616485388536e-4
MOAB,2026-07-31T00:00:00Z,0.33107430025335444,0.00108595085980331
NOGP,2026-07-01T00:00:00Z,5.195540441862176,0.01681128164757442
NOGP,2026-07-02T00:00:00Z,6.146378283273044,0.0194315167413603
NOGP,2026-07-03T00:00:00Z,5.048998820004329,0.01598358062406248
NOGP,2026-07-04T00:00:00Z,5.724407760363423,0.01802900012942065
NOGP,2026-07-05T00:00:00Z,5.235656006472037,0.01642026574736687
NOGP,2026-07-06T00:00:00Z,4.939451718704194,0.0155460100574969
NOGP,2026-07-07T00:00:00Z,4.029661012819398,0.01274210929168314
NOGP,2026-07-08T00:00:00Z,5.260477506870992,0.01655295162827699
NOGP,2026-07-09T00:00:00Z,5.657562787106282,0.01793032674318507
NOGP,2026-07-10T00:00:00Z,5.268139203058324,0.0166496492095931
NOGP,2026-07-11T00:00:00Z,4.736785943308164,0.01496717725541224
NOGP,2026-07-12T00:00:00Z,3.653909072886925,0.01176313844350585
NOGP,2026-07-13T00:00:00Z,3.076472230395644,0.00971375407178402
NOGP,2026-07-14T00:00:00Z,2.65580839220012,0.00837509097104366
NOGP,2026-07-15T00:00:00Z,2.64810529987183,0.00835175617623923
NOGP,2026-07-16T00:00:00Z,2.3789441206339625,0.00754312101726036
NOGP,2026-07-17T00:00:00Z,3.071284989128076,0.00973066133724439
NOGP,2026-07-18T00:00:00Z,2.5767548158377664,0.00818348711217526
NOGP,2026-07-19T00:00:00Z,2.669317815558429,0.00841691211442766
NOGP,2026-07-20T00:00:00Z,2.494278818604464,0.00810087632548354
NOGP,2026-07-21T00:00:00Z,2.446846273673113,0.00794581963416526
NOGP,2026-07-22T00:00:00Z,2.139953467840988,0.00681221547417075
NOGP,2026-07-23T00:00:00Z,1.5522057199512738,0.00492377361663224
NOGP,2026-07-24T00:00:00Z,1.4259487644547386,0.00449157929664838
NOGP,2026-07-25T00:00:00Z,1.8914901643714672,0.0060277609419
NOGP,2026-07-26T00:00:00Z,1.8411568574075745,0.00595432377106277
NOGP,2026-07-27T00:00:00Z,1.971517936775276,0.00623085523041764
NOGP,2026-07-28T00:00:00Z,1.659637417055044,0.00523642000677117
NOGP,2026-07-29T00:00:00Z,1.4485046300485502,0.00503867119362114
NOGP,2026-07-30T00:00:00Z,1.663082849826796,0.00555139878913076
NOGP,2026-07-31T00:00:00Z,2.5785141597155494,0.00807136433610115
OAES,2026-07-01T00:00:00Z,0.9840920408974192,0.00320713183965473
OAES,2026-07-02T00:00:00Z,1.3106802726062994,0.00417754622184614
OAES,2026-07-03T00:00:00Z,1.0080204312999113,0.00321558016188179
OAES,2026-07-04T00:00:00Z,1.1076694599647268,0.00356706813032941
OAES,2026-07-05T00:00:00Z,0.6380778805489788,0.00252587888074708
OAES,2026-07-06T00:00:00Z,0.4388358208283674,0.00185412914198778
OAES,2026-07-07T00:00:00Z,0.38571397175565786,0.00184308357342505
OAES,2026-07-08T00:00:00Z,0.26168969638458034,0.00119058025773258
OAES,2026-07-09T00:00:00Z,0.23794381633767467,9.794536136817952e-4
OAES,2026-07-10T00:00:00Z,0.16376433492225267,7.193311442437923e-4
OAES,2026-07-11T00:00:00Z,0.32035866187547885,0.00118668794608196
OAES,2026-07-12T00:00:00Z,0.14008246274108918,0.00101584943867802
OAES,2026-07-13T00:00:00Z,0.14615533832601385,6.364864901928967e-4
OAES,2026-07-14T00:00:00Z,0.3868596586505704,0.0013298608548365
OAES,2026-07-15T00:00:00Z,0.26902153797146355,0.0011328130577494
OAES,2026-07-16T00:00:00Z,0.1396848989294427,7.648232210291994e-4
OAES,2026-07-17T00:00:00Z,0.24177153792433168,0.0010025871887859
OAES,2026-07-18T00:00:00Z,0.17541666379018545,7.20391271706878e-4
OAES,2026-07-19T00:00:00Z,0.3108048730119094,0.00140831562229465
OAES,2026-07-20T00:00:00Z,0.3603586042111836,0.00168018176892248
OAES,2026-07-21T00:00:00Z,0.5186147102455027,0.00205072545880149
OAES,2026-07-22T00:00:00Z,0.7875889623102981,0.00256064804948767
OAES,2026-07-23T00:00:00Z,0.2924884146399247,0.00148438310311197
OAES,2026-07-24T00:00:00Z,0.2301334051220054,9.413889088527402e-4
OAES,2026-07-25T00:00:00Z,0.4418388344006284,0.00149919211892878
OAES,2026-07-26T00:00:00Z,0.5312197121518971,0.00172476099638841
OAES,2026-07-27T00:00:00Z,0.3674768641530552,0.00120455742764591
OAES,2026-07-28T00:00:00Z,0.406691637958357,0.00137892368792894
OAES,2026-07-29T00:00:00Z,0.37560205333288393,0.00126182911440516
OAES,2026-07-30T00:00:00Z,0.3648283193483505,0.0011943779718599
OAES,2026-07-31T00:00:00Z,0.33976145940575186,0.00114119060898161
ONAQ,2026-07-01T00:00:00Z,0.16092500111532312,5.573790260482062e-4
ONAQ,2026-07-02T00:00:00Z,0.20587174035335687,6.940411303669318e-4
ONAQ,2026-07-03T00:00:00Z,0.16715471967736298,5.630462108382601e-4
ONAQ,2026-07-04T00:00:00Z,0.19186764064527595,6.658037645902753e-4
ONAQ,2026-07-05T00:00:00Z,0.21818275305797183,7.443283060064223e-4
ONAQ,2026-07-06T00:00:00Z,0.2133831412935729,7.384787328870075e-4
ONAQ,2026-07-07T00:00:00Z,0.1863762934028445,6.492668968346147e-4
ONAQ,2026-07-08T00:00:00Z,0.2005563486591612,6.84672427850479e-4
ONAQ,2026-07-09T00:00:00Z,0.20920638143429052,7.240751661952403e-4
ONAQ,2026-07-10T00:00:00Z,0.14701103301576535,5.256923975047966e-4
ONAQ,2026-07-11T00:00:00Z,0.1863580431422202,6.67351500691712e-4
ONAQ,2026-07-12T00:00:00Z,0.18493279355865025,6.470955909160892e-4
ONAQ,2026-07-13T00:00:00Z,0.20222599834419833,6.86270828017112e-4
ONAQ,2026-07-14T00:00:00Z,0.18660756793112995,6.459222940840973e-4
ONAQ,2026-07-15T00:00:00Z,0.1763888175172024,5.80181990809911e-4
ONAQ,2026-07-16T00:00:00Z,0.16669133940960232,5.595242594717084e-4
ONAQ,2026-07-17T00:00:00Z,0.17090552391485886,6.065983951226981e-4
ONAQ,2026-07-18T00:00:00Z,0.05542652539819218,2.2030670947149224e-4
ONAQ,2026-07-19T00:00:00Z,0.1036150461665262,3.5932722730973483e-4
ONAQ,2026-07-20T00:00:00Z,0.20230960250903612,6.977161566072145e-4
ONAQ,2026-07-21T00:00:00Z,0.22164543355564303,7.559987975818144e-4
ONAQ,2026-07-22T00:00:00Z,0.15520412484676202,5.396735679558437e-4
ONAQ,2026-07-23T00:00:00Z,0.1620440344167444,5.486229111666184e-4
ONAQ,2026-07-24T00:00:00Z,0.19220451191401053,6.677498425903908e-4
ONAQ,2026-07-25T00:00:00Z,0.14883721055460886,5.129253671948812e-4
ONAQ,2026-07-26T00:00:00Z,0.1890135521007247,6.607167124257265e-4
ONAQ,2026-07-27T00:00:00Z,0.20475159124947848,7.225971902539863e-4
ONAQ,2026-07-28T00:00:00Z,0.15062122913678164,5.387181129590276e-4
ONAQ,2026-07-29T00:00:00Z,0.14068011431759658,4.6488251470704577e-4
ONAQ,2026-07-30T00:00:00Z,0.12248531092959082,4.272354146336451e-4
ONAQ,2026-07-31T00:00:00Z,0.16442288880151765,5.883938494402832e-4
OSBS,2026-07-01T00:00:00Z,1.9830384577212583,0.00620060778128656
OSBS,2026-07-02T00:00:00Z,1.9865134682370535,0.00620734848745063
OSBS,2026-07-03T00:00:00Z,1.952299475410438,0.00610509745409746
OSBS,2026-07-04T00:00:00Z,1.9178562463503637,0.00600511953401793
OSBS,2026-07-05T00:00:00Z,1.5759428677844372,0.00502752264403107
OSBS,2026-07-06T00:00:00Z,1.713241678591006,0.0054110322113086
OSBS,2026-07-07T00:00:00Z,1.8639779911788577,0.00582238614955347
OSBS,2026-07-08T00:00:00Z,1.854251472911031,0.00579568001731874
OSBS,2026-07-09T00:00:00Z,1.636435236991841,0.00519534018425425
OSBS,2026-07-10T00:00:00Z,1.6318664198000967,0.00519939514591044
OSBS,2026-07-11T00:00:00Z,1.8750895908056215,0.00587553415003677
OSBS,2026-07-12T00:00:00Z,1.6799968353467034,0.00524542222092654
OSBS,2026-07-13T00:00:00Z,1.6116771545019908,0.00518885580558547
OSBS,2026-07-14T00:00:00Z,1.0650637126248963,0.00353504327462576
OSBS,2026-07-15T00:00:00Z,1.7979637236768091,0.00567134817156182
OSBS,2026-07-16T00:00:00Z,1.9140247341169452,0.00597755688253534
OSBS,2026-07-17T00:00:00Z,1.871627104578126,0.00585083700770949
OSBS,2026-07-18T00:00:00Z,1.7765385408143368,0.00555078212007439
OSBS,2026-07-19T00:00:00Z,1.7498914765115137,0.00547334047500451
OSBS,2026-07-20T00:00:00Z,1.6174175662391193,0.0050639446792286
OSBS,2026-07-21T00:00:00Z,1.5213858064786163,0.00475508709212426
OSBS,2026-07-22T00:00:00Z,1.507475090065353,0.00471298701774185
OSBS,2026-07-23T00:00:00Z,1.5141488734668342,0.00473633616410224
OSBS,2026-07-24T00:00:00Z,1.48311786091926,0.00464037157639023
OSBS,2026-07-25T00:00:00Z,1.523530846052936,0.00476213056627587
OSBS,2026-07-26T00:00:00Z,1.551926155529377,0.00485519538814887
OSBS,2026-07-27T00:00:00Z,1.500565851516556,0.00469003387771958
OSBS,2026-07-28T00:00:00Z,1.5078013855271577,0.00471460880750341
OSBS,2026-07-29T00:00:00Z,1.3892454152538904,0.00434139765845708
OSBS,2026-07-30T00:00:00Z,1.3222390589531816,0.00422283361977882
OSBS,2026-07-31T00:00:00Z,1.654696054159779,0.00530418134493473
SCBI,2026-07-01T00:00:00Z,5.869591047607019,0.0184505141069461
SCBI,2026-07-02T00:00:00Z,6.57363941975209,0.02063636361344903
SCBI,2026-07-03T00:00:00Z,5.3325090926060055,0.01680243921084526
SCBI,2026-07-04T00:00:00Z,4.559623820111106,0.01436108095140144
SCBI,2026-07-05T00:00:00Z,4.086481433622387,0.01275174842051247
SCBI,2026-07-06T00:00:00Z,4.2189658545125885,0.01337458484170716
SCBI,2026-07-07T00:00:00Z,7.286159272889066,0.02316798996438433
SCBI,2026-07-08T00:00:00Z,7.295231246115577,0.02303719930123608
SCBI,2026-07-09T00:00:00Z,6.409602424373335,0.02038981698449318
SCBI,2026-07-10T00:00:00Z,1.3320665945202266,0.00530621709732713
SCBI,2026-07-11T00:00:00Z,3.677159301822767,0.01271369940442629
SCBI,2026-07-12T00:00:00Z,3.652442222713999,0.01184065507935676
SCBI,2026-07-13T00:00:00Z,2.3639628565166344,0.00784358065855959
SCBI,2026-07-14T00:00:00Z,1.276992946285773,0.00476071649891922
SCBI,2026-07-15T00:00:00Z,1.7712018506069362,0.00597658218964517
SCBI,2026-07-16T00:00:00Z,2.013041809992096,0.00723492707496418
SCBI,2026-07-17T00:00:00Z,1.5987722299858218,0.00532229707440243
SCBI,2026-07-18T00:00:00Z,1.0258150751833777,0.00362901423953442
SCBI,2026-07-19T00:00:00Z,1.622057200380457,0.00589633977198
SCBI,2026-07-20T00:00:00Z,1.7842004569962322,0.00586465132938953
SCBI,2026-07-21T00:00:00Z,0.845198668851508,0.00293340970802525
SCBI,2026-07-22T00:00:00Z,2.4257504991635863,0.00928948077244754
SCBI,2026-07-23T00:00:00Z,1.7197795778060347,0.00640277123695599
SCBI,2026-07-24T00:00:00Z,1.1233575046944295,0.00410253405051736
SCBI,2026-07-25T00:00:00Z,0.8649490249161736,0.00358445372283962
SCBI,2026-07-26T00:00:00Z,0.7540149468097596,0.00258468710655726
SCBI,2026-07-27T00:00:00Z,0.9501647470053868,0.00435976694382852
SCBI,2026-07-28T00:00:00Z,0.6516884260371897,0.0023121940503737
SCBI,2026-07-29T00:00:00Z,3.0125680658610996,0.01011424087801394
SCBI,2026-07-30T00:00:00Z,1.669304655764265,0.00568739789969497
SCBI,2026-07-31T00:00:00Z,1.2668998216796492,0.00457660236237558
SERC,2026-07-01T00:00:00Z,2.3147458021463496,0.00738993965897571
SERC,2026-07-02T00:00:00Z,2.11508285640141,0.00677944932874677
SERC,2026-07-03T00:00:00Z,2.6787443957382995,0.00862867542260844
SERC,2026-07-04T00:00:00Z,2.479549037783989,0.00776565682024658
SERC,2026-07-05T00:00:00Z,2.4619837577896724,0.00779459822143657
SERC,2026-07-06T00:00:00Z,2.391946827721953,0.00752293319295816
SERC,2026-07-07T00:00:00Z,2.72193768732585,0.00867360928338747
SERC,2026-07-08T00:00:00Z,2.520019665017064,0.00825084400513979
SERC,2026-07-09T00:00:00Z,2.713216009368542,0.00865600422070135
SERC,2026-07-10T00:00:00Z,2.4203594509018207,0.00834992445438957
SERC,2026-07-11T00:00:00Z,1.7283111998768297,0.00753980655357579
SERC,2026-07-12T00:00:00Z,1.4672526959686325,0.00587759297771231
SERC,2026-07-13T00:00:00Z,0.8920567052978444,0.00287019638460412
SERC,2026-07-14T00:00:00Z,1.0803804369244847,0.00358083153963142
SERC,2026-07-15T00:00:00Z,1.7025299093447692,0.00559737854385748
SERC,2026-07-16T00:00:00Z,1.3325626397815815,0.00433498011014188
SERC,2026-07-17T00:00:00Z,1.560071701484878,0.00495325202106556
SERC,2026-07-18T00:00:00Z,1.6911686073969658,0.00536180389148567
SERC,2026-07-19T00:00:00Z,2.4985354845285523,0.00813486055524398
SERC,2026-07-20T00:00:00Z,1.822405295178527,0.00584131037673459
SERC,2026-07-21T00:00:00Z,1.7416499236114624,0.00551705136414212
SERC,2026-07-22T00:00:00Z,1.749276221867794,0.00561974365232963
SERC,2026-07-23T00:00:00Z,1.9285099219207869,0.006334974861702
SERC,2026-07-24T00:00:00Z,1.612645482808324,0.00531073871600772
SERC,2026-07-25T00:00:00Z,2.028345561413877,0.00655699050033892
SERC,2026-07-26T00:00:00Z,1.9407483926276785,0.0062413443648052
SERC,2026-07-27T00:00:00Z,2.261487025158533,0.00716449685776671
SERC,2026-07-28T00:00:00Z,2.005357936017643,0.00630913126602837
SERC,2026-07-29T00:00:00Z,2.3128073792725132,0.00742540897165665
SERC,2026-07-30T00:00:00Z,2.367742196627687,0.00754124486345463
SERC,2026-07-31T00:00:00Z,2.14006191684538,0.00682696587292926
SJER,2026-07-01T00:00:00Z,0.306192008981433,0.00101691642100652
SJER,2026-07-02T00:00:00Z,0.2383964624018636,7.768962834849667e-4
SJER,2026-07-03T00:00:00Z,0.23604754089781688,8.412712242925816e-4
SJER,2026-07-04T00:00:00Z,0.1993078496681617,6.730590046679646e-4
SJER,2026-07-05T00:00:00Z,0.17265969806172085,6.301828651355898e-4
SJER,2026-07-06T00:00:00Z,0.13948517941405028,5.944891924898476e-4
SJER,2026-07-07T00:00:00Z,0.17521443071503748,6.277411217576962e-4
SJER,2026-07-08T00:00:00Z,0.1959143020670857,7.129085237609588e-4
SJER,2026-07-09T00:00:00Z,0.14922406083781453,5.310697135371879e-4
SJER,2026-07-10T00:00:00Z,0.3642756704573945,0.00121184316515702
SJER,2026-07-11T00:00:00Z,0.2504741890347348,8.757878917130069e-4
SJER,2026-07-12T00:00:00Z,0.119353968570213,5.064424923929072e-4
SJER,2026-07-13T00:00:00Z,0.08178626897039713,3.351629589611935e-4
SJER,2026-07-14T00:00:00Z,0.12017707312276636,5.082922799798097e-4
SJER,2026-07-15T00:00:00Z,0.14519461585538257,6.071699045365922e-4
SJER,2026-07-16T00:00:00Z,0.12914005025098518,5.505720569558572e-4
SJER,2026-07-17T00:00:00Z,0.14431215406523468,6.294023343804722e-4
SJER,2026-07-18T00:00:00Z,0.12228434977370813,4.7044716028177297e-4
SJER,2026-07-19T00:00:00Z,0.11835666733277904,4.884633696192188e-4
SJER,2026-07-20T00:00:00Z,0.17197071226500596,6.163203526526504e-4
SJER,2026-07-21T00:00:00Z,0.08216341893791972,3.5056166804660463e-4
SJER,2026-07-22T00:00:00Z,0.10514897924542518,4.2088689665569976e-4
SJER,2026-07-23T00:00:00Z,0.13331804453263862,6.319104057865057e-4
SJER,2026-07-24T00:00:00Z,0.10319789026186602,4.320031742197869e-4
SJER,2026-07-25T00:00:00Z,0.1263572030362295,5.700818900826101e-4
SJER,2026-07-26T00:00:00Z,0.09196804907400484,3.5913903987460423e-4
SJER,2026-07-27T00:00:00Z,0.1009506975805441,4.513065635942629e-4
SJER,2026-07-28T00:00:00Z,0.09212286992641092,3.734813636157072e-4
SJER,2026-07-29T00:00:00Z,0.09365047945361515,3.921226305825577e-4
SJER,2026-07-30T00:00:00Z,0.07658285175065782,3.160916384467659e-4
SJER,2026-07-31T00:00:00Z,0.11775349500782438,5.539864571491346e-4
SOAP,2026-07-01T00:00:00Z,3.9162557252348305,0.01225392462829709
SOAP,2026-07-02T00:00:00Z,3.904523093343242,0.01222063301449217
SOAP,2026-07-03T00:00:00Z,3.79040454968662,0.01185648292489634
SOAP,2026-07-04T00:00:00Z,3.985510363219851,0.012495995281872131
SOAP,2026-07-05T00:00:00Z,3.9907559921769895,0.01248308235408974
SOAP,2026-07-06T00:00:00Z,3.7200677178077033,0.01163036224376987
SOAP,2026-07-07T00:00:00Z,3.8368625684426223,0.0119914186837406
SOAP,2026-07-08T00:00:00Z,3.8161585893171583,0.01194084226144552
SOAP,2026-07-09T00:00:00Z,3.8391718675536106,0.01200928164638585
SOAP,2026-07-10T00:00:00Z,3.812356538268939,0.01193807859079951
SOAP,2026-07-11T00:00:00Z,3.816611478967998,0.01196869213798412
SOAP,2026-07-12T00:00:00Z,3.91605698135759,0.01226122178856434
SOAP,2026-07-13T00:00:00Z,4.014596061559314,0.012573677311457
SOAP,2026-07-14T00:00:00Z,3.8858115979891505,0.01217556113460446
SOAP,2026-07-15T00:00:00Z,3.9781092393317703,0.01245437778826211
SOAP,2026-07-16T00:00:00Z,4.106187571059938,0.01287888076627823
SOAP,2026-07-17T00:00:00Z,3.7775764385348314,0.01185340355322726
SOAP,2026-07-18T00:00:00Z,3.678012600919364,0.01154606423660386
SOAP,2026-07-19T00:00:00Z,3.656127084454495,0.01147564527084323
SOAP,2026-07-20T00:00:00Z,3.884057416309571,0.01215694552168979
SOAP,2026-07-21T00:00:00Z,3.9243116338855457,0.01229056659765283
SOAP,2026-07-22T00:00:00Z,3.3923549394896795,0.01061313690283156
SOAP,2026-07-23T00:00:00Z,3.457083336832256,0.01082821213431406
SOAP,2026-07-24T00:00:00Z,3.4745892473938587,0.0108747673028988
SOAP,2026-07-25T00:00:00Z,3.48658771159408,0.01092441558797214
SOAP,2026-07-26T00:00:00Z,3.3374680187892474,0.01046319984167733
SOAP,2026-07-27T00:00:00Z,3.5627996212615773,0.01120929421497195
SOAP,2026-07-28T00:00:00Z,3.2562928366662893,0.01022790039339208
SOAP,2026-07-29T00:00:00Z,3.3283505777478104,0.01047382360329514
SOAP,2026-07-30T00:00:00Z,3.1783537477278165,0.010051020359616
SOAP,2026-07-31T00:00:00Z,3.2976415415976033,0.01035281667801344
SRER,2026-07-01T00:00:00Z,0.44128471134110225,0.00140647851159051
SRER,2026-07-02T00:00:00Z,0.3910649889215236,0.00126885228551182
SRER,2026-07-03T00:00:00Z,0.4049191440139631,0.00129950270789254
SRER,2026-07-04T00:00:00Z,0.3590735053131658,0.00117572425485776
SRER,2026-07-05T00:00:00Z,0.33786235384292795,0.00107325081734394
SRER,2026-07-06T00:00:00Z,0.38713159417979776,0.00129155266020738
SRER,2026-07-07T00:00:00Z,0.42902585481937505,0.00136871189258922
SRER,2026-07-08T00:00:00Z,0.18125393021284705,7.01219328659093e-4
SRER,2026-07-09T00:00:00Z,0.4065604026992247,0.0012876006918389
SRER,2026-07-10T00:00:00Z,0.5052552947335853,0.00162139571333986
SRER,2026-07-11T00:00:00Z,0.4445022956245714,0.00144013053749683
SRER,2026-07-12T00:00:00Z,0.33473735998031445,0.00108637299558273
SRER,2026-07-13T00:00:00Z,0.24290052318126057,8.235449294129578e-4
SRER,2026-07-14T00:00:00Z,0.0268112698926754,2.8536558512798186e-4
SRER,2026-07-15T00:00:00Z,0.32619148770121165,0.00105551711956036
SRER,2026-07-16T00:00:00Z,0.43515406648404126,0.00138002676605092
SRER,2026-07-17T00:00:00Z,0.3894672304136791,0.00125711440156919
SRER,2026-07-18T00:00:00Z,0.02279125095552413,3.3026927604323634e-4
SRER,2026-07-19T00:00:00Z,0.23564917720646064,8.233437247633051e-4
SRER,2026-07-20T00:00:00Z,0.6561491834994224,0.00206217351908939
SRER,2026-07-21T00:00:00Z,0.6796309972828677,0.00215569531720096
SRER,2026-07-22T00:00:00Z,0.5542321341473772,0.00183158741486604
SRER,2026-07-23T00:00:00Z,0.48773859247068146,0.00154790465551606
SRER,2026-07-24T00:00:00Z,0.6697652802756937,0.00216491282420985
SRER,2026-07-25T00:00:00Z,0.6893192538428404,0.00222465911247613
SRER,2026-07-26T00:00:00Z,0.466905589717154,0.00166781079011475
SRER,2026-07-27T00:00:00Z,0.6432991166666625,0.00202904533003494
SRER,2026-07-28T00:00:00Z,0.4552511407595544,0.00152584076991328
SRER,2026-07-29T00:00:00Z,0.5034109982011369,0.00158852707175578
SRER,2026-07-30T00:00:00Z,0.5431248920720583,0.00175582990815153
SRER,2026-07-31T00:00:00Z,0.5233944872110303,0.00172074242128699
STEI,2026-07-01T00:00:00Z,3.9311618677999793,0.01414338081620853
STEI,2026-07-02T00:00:00Z,1.151910214730712,0.00379417364577436
STEI,2026-07-03T00:00:00Z,0.8954004756142097,0.0030724553000276
STEI,2026-07-04T00:00:00Z,0.8671938403659358,0.00288257395153063
STEI,2026-07-05T00:00:00Z,0.9303482872415768,0.0031530182917334
STEI,2026-07-06T00:00:00Z,1.051226026548074,0.00347677716035131
STEI,2026-07-07T00:00:00Z,0.6260550252895385,0.00212815040502431
STEI,2026-07-08T00:00:00Z,0.6113033154107907,0.00270478410909294
STEI,2026-07-09T00:00:00Z,1.7023671089995858,0.00588250904242902
STEI,2026-07-10T00:00:00Z,0.7823370911733595,0.00300456458381602
STEI,2026-07-11T00:00:00Z,0.750877466332423,0.00324801574746801
STEI,2026-07-12T00:00:00Z,0.4945350814076522,0.00183291323460119
STEI,2026-07-13T00:00:00Z,0.5362077471677021,0.00208667407648189
STEI,2026-07-14T00:00:00Z,1.025671940479218,0.00341906472195897
STEI,2026-07-15T00:00:00Z,0.8276784465518292,0.00276042746435978
STEI,2026-07-16T00:00:00Z,1.5369087535236294,0.00526753662051194
STEI,2026-07-17T00:00:00Z,0.7251998001136899,0.00257794157030921
STEI,2026-07-18T00:00:00Z,0.758762070219431,0.00251713472165527
STEI,2026-07-19T00:00:00Z,1.4866002172166732,0.0049675127239704
STEI,2026-07-20T00:00:00Z,0.876501156736388,0.00286648622402069
STEI,2026-07-21T00:00:00Z,1.1626410453062637,0.00379114155531666
STEI,2026-07-22T00:00:00Z,2.0569564006359795,0.00713857286744864
STEI,2026-07-23T00:00:00Z,2.2248939105851115,0.00721113733696641
STEI,2026-07-24T00:00:00Z,2.859198812723476,0.00999936784710407
STEI,2026-07-25T00:00:00Z,1.4804940635135015,0.00530315271353369
STEI,2026-07-26T00:00:00Z,0.986321812618037,0.00319434281756126
STEI,2026-07-27T00:00:00Z,0.8473573098700765,0.00274599360730368
STEI,2026-07-28T00:00:00Z,2.0322012107830076,0.00778731810209171
STEI,2026-07-29T00:00:00Z,1.83584223896353,0.00612726478051089
STEI,2026-07-30T00:00:00Z,1.2842886417346009,0.00412544024182431
STEI,2026-07-31T00:00:00Z,1.3496320529549084,0.00429015624117952
STER,2026-07-01T00:00:00Z,0.6861050023960922,0.00218935752805866
STER,2026-07-02T00:00:00Z,0.5865457182479153,0.00203755234721103
STER,2026-07-03T00:00:00Z,0.6897834636125759,0.00222511017497078
STER,2026-07-04T00:00:00Z,0.16122528752189275,9.3557356249676e-4
STER,2026-07-05T00:00:00Z,0.4623528565240629,0.00158104204776698
STER,2026-07-06T00:00:00Z,0.8640963239030869,0.00279350670932599
STER,2026-07-07T00:00:00Z,0.6409581125193223,0.00206105416596971
STER,2026-07-08T00:00:00Z,0.18940660841352777,8.530208052695383e-4
STER,2026-07-09T00:00:00Z,0.3894203113172761,0.00143279875696067
STER,2026-07-10T00:00:00Z,0.3831174010865751,0.00138471006177049
STER,2026-07-11T00:00:00Z,0.6263181785984443,0.00213739132902946
STER,2026-07-12T00:00:00Z,0.8954523762291714,0.00285999249844223
STER,2026-07-13T00:00:00Z,1.097663416530832,0.00344181676959837
STER,2026-07-14T00:00:00Z,1.108408814651317,0.00348135501761196
STER,2026-07-15T00:00:00Z,1.1422252507196138,0.00359775164455408
STER,2026-07-16T00:00:00Z,1.2123976967081718,0.00380789118564923
STER,2026-07-17T00:00:00Z,1.338042777102718,0.00420527108077298
STER,2026-07-18T00:00:00Z,1.287392783121791,0.00411177781111301
STER,2026-07-19T00:00:00Z,1.241183429490413,0.0039338716875704
STER,2026-07-20T00:00:00Z,1.3900381193211575,0.0044104318441539
STER,2026-07-21T00:00:00Z,1.3164748810950684,0.00430298488176851
STER,2026-07-22T00:00:00Z,1.3161367815012133,0.00422156344972152
STER,2026-07-23T00:00:00Z,1.384338326972938,0.00441797483079025
STER,2026-07-24T00:00:00Z,1.5102292380168882,0.00481346514160139
STER,2026-07-25T00:00:00Z,1.7750730952308973,0.00561053037760239
STER,2026-07-26T00:00:00Z,1.365014385608636,0.0044557206023188
STER,2026-07-27T00:00:00Z,1.574394492606766,0.00512249545192837
STER,2026-07-28T00:00:00Z,1.409938239066734,0.00462082063829357
STER,2026-07-29T00:00:00Z,0.8244932692274279,0.00323278709226563
STER,2026-07-30T00:00:00Z,1.7212408386797793,0.00563286680312079
STER,2026-07-31T00:00:00Z,1.7043836036618192,0.00550864516993944
TALL,2026-07-01T00:00:00Z,-0.0080175316778648,0.00212844253445362
TALL,2026-07-02T00:00:00Z,0.16068993011078905,0.00207503151301745
TALL,2026-07-03T00:00:00Z,0.08594447715641851,0.00151344267185769
TALL,2026-07-04T00:00:00Z,-0.05538008696288343,0.00138176965813335
TALL,2026-07-05T00:00:00Z,-0.2797361177762051,0.0010721394040937
TALL,2026-07-06T00:00:00Z,-0.16231554562487838,8.560894895899586e-4
TALL,2026-07-07T00:00:00Z,-0.2529442274103537,8.861710030132039e-4
TALL,2026-07-08T00:00:00Z,-0.3358553225698603,0.00111455309079591
TALL,2026-07-09T00:00:00Z,-0.25184185600940356,8.676540258031416e-4
TALL,2026-07-10T00:00:00Z,-0.28300807006783724,9.600994963988518e-4
TALL,2026-07-11T00:00:00Z,-0.39397686886151995,0.00125730525964623
TALL,2026-07-12T00:00:00Z,-0.3448938785253132,0.00110697394711551
TALL,2026-07-13T00:00:00Z,-0.42231643978641575,0.0014636420535889
TALL,2026-07-14T00:00:00Z,-0.48659474349819654,0.0018685715136651
TALL,2026-07-15T00:00:00Z,-0.07909669166395569,0.00120996612960368
TALL,2026-07-16T00:00:00Z,-0.08599260544947789,0.0015860564083952
TALL,2026-07-17T00:00:00Z,-0.2502484699454224,0.00147220764365013
TALL,2026-07-18T00:00:00Z,-0.33214302318041133,0.0012063569976082
TALL,2026-07-19T00:00:00Z,-0.08093806363879576,0.00249292584151093
TALL,2026-07-20T00:00:00Z,-0.294405843461481,0.0013392592041386
TALL,2026-07-21T00:00:00Z,-0.4203242964234062,0.00158194054042902
TALL,2026-07-22T00:00:00Z,-0.5163774773426771,0.00178950607466879
TALL,2026-07-23T00:00:00Z,-0.4810532062167118,0.00165086702201963
TALL,2026-07-24T00:00:00Z,-0.1210922123097568,0.00176466880216702
TALL,2026-07-25T00:00:00Z,0.28427833713779327,0.00230234033018647
TALL,2026-07-26T00:00:00Z,0.33062934381627834,0.00357890435034077
TALL,2026-07-27T00:00:00Z,-0.18656981676104967,0.0013449305925466
TALL,2026-07-28T00:00:00Z,0.2340388164691793,0.00148406393051935
TALL,2026-07-29T00:00:00Z,-0.17506101386645628,0.00136672423878152
TALL,2026-07-30T00:00:00Z,-0.17263648943454077,0.0022038443579966
TALL,2026-07-31T00:00:00Z,-0.1954627708708357,0.00120346834492752
TEAK,2026-07-01T00:00:00Z,0.7449865500688896,0.00261284889021544
TEAK,2026-07-02T00:00:00Z,0.7875462799693078,0.00277949089822787
TEAK,2026-07-03T00:00:00Z,0.6621628157169506,0.00242353584469702
TEAK,2026-07-04T00:00:00Z,0.6356435200396294,0.00228635602856698
TEAK,2026-07-05T00:00:00Z,0.7316593197373998,0.0024568435789098
TEAK,2026-07-06T00:00:00Z,0.8549802592168538,0.0029625099821615
TEAK,2026-07-07T00:00:00Z,0.7451765045059522,0.00246176807593958
TEAK,2026-07-08T00:00:00Z,0.7885404346882285,0.00259031917391793
TEAK,2026-07-09T00:00:00Z,0.7780996977941229,0.0027057652108118
TEAK,2026-07-10T00:00:00Z,0.7633769921936571,0.00256597458896238
TEAK,2026-07-11T00:00:00Z,0.7390714598452491,0.00238034815577588
TEAK,2026-07-12T00:00:00Z,0.8653321634754564,0.00286295744385277
TEAK,2026-07-13T00:00:00Z,0.8264947516966146,0.00270576445114261
TEAK,2026-07-14T00:00:00Z,1.1117988650900454,0.00365947202373398
TEAK,2026-07-15T00:00:00Z,0.8227792183457934,0.00276664783545184
TEAK,2026-07-16T00:00:00Z,0.9230731776629992,0.0029875518227702
TEAK,2026-07-17T00:00:00Z,0.8942206232891476,0.00311362652539662
TEAK,2026-07-18T00:00:00Z,0.9034819197165804,0.00306979384665209
TEAK,2026-07-19T00:00:00Z,0.8267836316390572,0.00276513584905564
TEAK,2026-07-20T00:00:00Z,0.5877768316959961,0.00210675774127013
TEAK,2026-07-21T00:00:00Z,0.8008160557829228,0.0028976381104832
TEAK,2026-07-22T00:00:00Z,0.7248833690241869,0.00271178397905585
TEAK,2026-07-23T00:00:00Z,0.6362813029081608,0.00224319989513942
TEAK,2026-07-24T00:00:00Z,0.6612164314533802,0.002291503569932
TEAK,2026-07-25T00:00:00Z,0.8371898703154342,0.00302904081497129
TEAK,2026-07-26T00:00:00Z,0.8907225741583116,0.0031046748214915
TEAK,2026-07-27T00:00:00Z,0.7402249311438426,0.00281903498795315
TEAK,2026-07-28T00:00:00Z,0.7331815321966839,0.00302366318056991
TEAK,2026-07-29T00:00:00Z,0.47825650683849497,0.00171817984568383
TEAK,2026-07-30T00:00:00Z,0.6444990312489572,0.00257965841210593
TEAK,2026-07-31T00:00:00Z,0.4257660865539146,0.00175527549472159
UKFS,2026-07-01T00:00:00Z,0.5499285273335042,0.00184760059442021
UKFS,2026-07-02T00:00:00Z,0.6240855921611126,0.00204064390314734
UKFS,2026-07-03T00:00:00Z,0.6476058690018798,0.0021591104156042
UKFS,2026-07-04T00:00:00Z,0.805658538790729,0.00290621655966184
UKFS,2026-07-05T00:00:00Z,1.3404539375849829,0.00435741131556801
UKFS,2026-07-06T00:00:00Z,1.179816428903637,0.0038066778925816
UKFS,2026-07-07T00:00:00Z,1.3367478723616673,0.00431300524583891
UKFS,2026-07-08T00:00:00Z,1.2772454979455248,0.00404062525040457
UKFS,2026-07-09T00:00:00Z,1.0995704012881813,0.00372374153344728
UKFS,2026-07-10T00:00:00Z,1.5813524607127607,0.00553905126966857
UKFS,2026-07-11T00:00:00Z,1.214720753533843,0.00394074085059268
UKFS,2026-07-12T00:00:00Z,1.9452425357225325,0.00641613691669547
UKFS,2026-07-13T00:00:00Z,2.127698488153269,0.00715091901677722
UKFS,2026-07-14T00:00:00Z,2.5790973524745016,0.01035005940367358
UKFS,2026-07-15T00:00:00Z,1.448763910926806,0.00469702356691193
UKFS,2026-07-16T00:00:00Z,2.264070384340006,0.01010841883161651
UKFS,2026-07-17T00:00:00Z,0.8612964383665204,0.00277940692527154
UKFS,2026-07-18T00:00:00Z,0.8228895418712425,0.00267486514698455
UKFS,2026-07-19T00:00:00Z,0.7174097811872084,0.00255756244094554
UKFS,2026-07-20T00:00:00Z,0.515507655351718,0.00195521271180201
UKFS,2026-07-21T00:00:00Z,0.43812934987464025,0.00156047775317725
UKFS,2026-07-22T00:00:00Z,1.0636580925899444,0.00358611242491546
UKFS,2026-07-23T00:00:00Z,0.6909614843967388,0.0025165464773811
UKFS,2026-07-24T00:00:00Z,0.6762467287966477,0.00282696043033785
UKFS,2026-07-25T00:00:00Z,1.696259076803892,0.00552436752866934
UKFS,2026-07-26T00:00:00Z,1.6720729262383032,0.00569356186847063
UKFS,2026-07-27T00:00:00Z,1.5362484190139698,0.0071093426682319804
UKFS,2026-07-28T00:00:00Z,0.9791795086173172,0.00347045416422429
UKFS,2026-07-29T00:00:00Z,0.5579905846067797,0.00204026865321765
UKFS,2026-07-30T00:00:00Z,0.6238332335114876,0.00226286785638981
UKFS,2026-07-31T00:00:00Z,0.8665490954153575,0.00331492502227952
UNDE,2026-07-01T00:00:00Z,2.291857120725461,0.00748819156963579
UNDE,2026-07-02T00:00:00Z,3.158467240232637,0.01003070860092
UNDE,2026-07-03T00:00:00Z,2.8668566402661875,0.00922040640982981
UNDE,2026-07-04T00:00:00Z,3.588168115674168,0.01173449110048127
UNDE,2026-07-05T00:00:00Z,4.210548737712787,0.01336682417365973
UNDE,2026-07-06T00:00:00Z,3.012423682595623,0.009613238309383
UNDE,2026-07-07T00:00:00Z,2.6769000723613754,0.00848600376419703
UNDE,2026-07-08T00:00:00Z,3.433640136301648,0.01097782239023597
UNDE,2026-07-09T00:00:00Z,3.958991209570368,0.01267426597319996
UNDE,2026-07-10T00:00:00Z,3.5303076704625393,0.01128451875372241
UNDE,2026-07-11T00:00:00Z,3.16422340396258,0.01005104541084915
UNDE,2026-07-12T00:00:00Z,2.8964885926856625,0.00926016129829744
UNDE,2026-07-13T00:00:00Z,2.69242961491252,0.00854814474611847
UNDE,2026-07-14T00:00:00Z,3.169226913233422,0.01015543409010052
UNDE,2026-07-15T00:00:00Z,3.006376982847304,0.00948188102880813
UNDE,2026-07-16T00:00:00Z,2.6949113071197517,0.00853177883874413
UNDE,2026-07-17T00:00:00Z,2.2559375749015658,0.00716606557233716
UNDE,2026-07-18T00:00:00Z,1.8456367574307544,0.00588635880144772
UNDE,2026-07-19T00:00:00Z,1.921290592287476,0.00611320436901432
UNDE,2026-07-20T00:00:00Z,1.6804490479285483,0.00558004861380382
UNDE,2026-07-21T00:00:00Z,1.739397145481637,0.00562780230957687
UNDE,2026-07-22T00:00:00Z,1.773497739258981,0.00568839210682647
UNDE,2026-07-23T00:00:00Z,1.4857195380769437,0.0047759116097188
UNDE,2026-07-24T00:00:00Z,1.5084035771217352,0.00485698361742018
UNDE,2026-07-25T00:00:00Z,1.386040067811617,0.0044869079883604
UNDE,2026-07-26T00:00:00Z,1.419346600313612,0.00471995116613993
UNDE,2026-07-27T00:00:00Z,1.608306406574055,0.00514462986804282
UNDE,2026-07-28T00:00:00Z,1.9126352088452971,0.00596832345859699
UNDE,2026-07-29T00:00:00Z,1.9126352088452971,0.00596832345859699
UNDE,2026-07-30T00:00:00Z,1.9078035041496104,0.00595414353089487
UNDE,2026-07-31T00:00:00Z,3.1713946932075476,0.01029453045151649
WOOD,2026-07-01T00:00:00Z,2.015924078707116,0.00639332709389877
WOOD,2026-07-02T00:00:00Z,2.773178790610481,0.00891688926737136
WOOD,2026-07-03T00:00:00Z,2.2248259121224745,0.00710456130977967
WOOD,2026-07-04T00:00:00Z,2.7820583526592246,0.00879279941617276
WOOD,2026-07-05T00:00:00Z,2.9308870220972305,0.00949235275623647
WOOD,2026-07-06T00:00:00Z,3.854282592151847,0.01229273532082588
WOOD,2026-07-07T00:00:00Z,3.5602950494515686,0.01133218511801879
WOOD,2026-07-08T00:00:00Z,2.9866124420561326,0.00958090242792489
WOOD,2026-07-09T00:00:00Z,3.535489538641078,0.01131717282624886
WOOD,2026-07-10T00:00:00Z,3.4224911194197767,0.01126727252718052
WOOD,2026-07-11T00:00:00Z,3.953111320948174,0.01246773714484283
WOOD,2026-07-12T00:00:00Z,4.137653688286991,0.01319168960984485
WOOD,2026-07-13T00:00:00Z,5.463657405970429,0.01720039960070721
WOOD,2026-07-14T00:00:00Z,5.068548937865007,0.01596348012300887
WOOD,2026-07-15T00:00:00Z,4.131818421364653,0.01317370442136578
WOOD,2026-07-16T00:00:00Z,3.9460694653295256,0.01252390975258889
WOOD,2026-07-17T00:00:00Z,4.3698650365504665,0.01371969061111887
WOOD,2026-07-18T00:00:00Z,3.828703933367174,0.01208239291425738
WOOD,2026-07-19T00:00:00Z,3.0878298915595397,0.00982229691164503
WOOD,2026-07-20T00:00:00Z,1.9470551747344396,0.00654994971105546
WOOD,2026-07-21T00:00:00Z,2.1058077564914446,0.00685515018875414
WOOD,2026-07-22T00:00:00Z,2.7852707485818264,0.008987122984431
WOOD,2026-07-23T00:00:00Z,2.9782645689844007,0.00939079213115236
WOOD,2026-07-24T00:00:00Z,2.8804650426859033,0.00912089382248034
WOOD,2026-07-25T00:00:00Z,1.9131005671353671,0.00607255611231621
WOOD,2026-07-26T00:00:00Z,2.534601344735393,0.00809891881122528
WOOD,2026-07-27T00:00:00Z,2.0618292370423705,0.00655796442845794
WOOD,2026-07-28T00:00:00Z,2.5269220349120407,0.00808916550469317
WOOD,2026-07-29T00:00:00Z,2.960064104020249,0.00937932982167397
WOOD,2026-07-30T00:00:00Z,2.62183345806027,0.00831260867479784
WOOD,2026-07-31T00:00:00Z,2.1960118900591836,0.00692463086352415
WREF,2026-07-01T00:00:00Z,2.9314783844150876,0.00948479501413776
WREF,2026-07-02T00:00:00Z,2.7452472112704673,0.00863480464365421
WREF,2026-07-03T00:00:00Z,2.6255553207854465,0.00830851435342044
WREF,2026-07-04T00:00:00Z,2.4764406775502947,0.00778521138701498
WREF,2026-07-05T00:00:00Z,2.522436887859413,0.00819336383929589
WREF,2026-07-06T00:00:00Z,2.2666961362193265,0.00709141287829311
WREF,2026-07-07T00:00:00Z,2.657026821687727,0.00840947526226366
WREF,2026-07-08T00:00:00Z,2.8696188943680645,0.00905919923067618
WREF,2026-07-09T00:00:00Z,2.766097244071312,0.00868767658533046
WREF,2026-07-10T00:00:00Z,2.976077363245987,0.00979679693735274
WREF,2026-07-11T00:00:00Z,2.4077999268137553,0.00754110268266129
WREF,2026-07-12T00:00:00Z,2.159722371075681,0.00677240030716928
WREF,2026-07-13T00:00:00Z,2.53985196951798,0.00803519466381369
WREF,2026-07-14T00:00:00Z,3.4115583083912973,0.01165064291987937
WREF,2026-07-15T00:00:00Z,3.3812619495526026,0.01096795374304207
WREF,2026-07-16T00:00:00Z,3.5152675243931,0.01159164177858051
WREF,2026-07-17T00:00:00Z,4.21639501247295,0.01350086048851966
WREF,2026-07-18T00:00:00Z,3.4729738244167256,0.01113683059064855
WREF,2026-07-19T00:00:00Z,2.9507802206518527,0.00959297596650523
WREF,2026-07-20T00:00:00Z,2.3200248683648517,0.00883473498917584
WREF,2026-07-21T00:00:00Z,2.153890304932743,0.00797401249980923
WREF,2026-07-22T00:00:00Z,1.8803690753115372,0.00610060699027761
WREF,2026-07-23T00:00:00Z,3.1891723447846925,0.01022565485690921
WREF,2026-07-24T00:00:00Z,3.0076235930418425,0.01005471879125618
WREF,2026-07-25T00:00:00Z,3.190278529582687,0.01179988442337159
WREF,2026-07-26T00:00:00Z,3.693003884527313,0.01179138319907199
WREF,2026-07-27T00:00:00Z,2.0940062330481717,0.00673010108302425
WREF,2026-07-28T00:00:00Z,2.2033555054467606,0.00741888210138863
WREF,2026-07-29T00:00:00Z,2.873343021588199,0.0100745918847018
WREF,2026-07-30T00:00:00Z,2.2088934870165944,0.00722479048977022
WREF,2026-07-31T00:00:00Z,2.0527365709083494,0.00747808352300098
YELL,2026-07-01T00:00:00Z,3.6595205595983873,0.01143320527612377
YELL,2026-07-02T00:00:00Z,3.228203039256645,0.01008722737893115
YELL,2026-07-03T00:00:00Z,3.2972053485929234,0.01030066075604539
YELL,2026-07-04T00:00:00Z,3.4214998826594405,0.01068145670621266
YELL,2026-07-05T00:00:00Z,3.362042231275237,0.01049596006939247
YELL,2026-07-06T00:00:00Z,3.3985111145818023,0.01061500232876024
YELL,2026-07-07T00:00:00Z,3.4627032910789666,0.01083492746906584
YELL,2026-07-08T00:00:00Z,3.766759651255576,0.0117859408258033
YELL,2026-07-09T00:00:00Z,3.861593212322806,0.01205548641336922
YELL,2026-07-10T00:00:00Z,3.906841716908942,0.01220559010994098
YELL,2026-07-11T00:00:00Z,3.8146553262734337,0.01190806341719737
YELL,2026-07-12T00:00:00Z,3.656329323922417,0.01141358002664377
YELL,2026-07-13T00:00:00Z,3.4481258883972252,0.010763427044566721
YELL,2026-07-14T00:00:00Z,3.338618954210051,0.01042001904360444
YELL,2026-07-15T00:00:00Z,3.2898830723853676,0.01028012161822364
YELL,2026-07-16T00:00:00Z,3.1844628415166407,0.00994134285047907
YELL,2026-07-17T00:00:00Z,3.0500414289656432,0.00953548769412951
YELL,2026-07-18T00:00:00Z,3.0141628758066403,0.00940950361326759
YELL,2026-07-19T00:00:00Z,2.957495001078623,0.00923396184767463
YELL,2026-07-20T00:00:00Z,2.9258533657804993,0.00913413372427983
YELL,2026-07-21T00:00:00Z,2.7745250319110366,0.00866122701769664
YELL,2026-07-22T00:00:00Z,2.639379521549032,0.00824395933936403
YELL,2026-07-23T00:00:00Z,2.6049002865544995,0.00815137309075685
YELL,2026-07-24T00:00:00Z,2.7245879248106553,0.00850828155648353
YELL,2026-07-25T00:00:00Z,2.709693991827271,0.00845917270764473
YELL,2026-07-26T00:00:00Z,2.524230436931127,0.00787857620508851
YELL,2026-07-27T00:00:00Z,2.361095556392404,0.00737177573922436
YELL,2026-07-28T00:00:00Z,2.311326094118919,0.00727228041299497
YELL,2026-07-29T00:00:00Z,2.9090099698112657,0.00927991208253407
YELL,2026-07-30T00:00:00Z,3.269288854380955,0.01033193562103407
YELL,2026-07-31T00:00:00Z,3.185895762919204,0.01010394417670225
