site_id,startDateTime,flux,flux_err
ABBY,2024-12-01T00:00:00Z,2.2007015324326087,0.00691153137658529
ABBY,2024-12-02T00:00:00Z,2.1983838684922063,0.0071814114229453
ABBY,2024-12-03T00:00:00Z,2.0821029883847584,0.00700109862490215
ABBY,2024-12-04T00:00:00Z,2.55906202417639,0.0087644915713977
ABBY,2024-12-05T00:00:00Z,2.1489105635260195,0.00672221225577993
ABBY,2024-12-06T00:00:00Z,1.8743921619516477,0.0060031543755886
ABBY,2024-12-07T00:00:00Z,1.193385998788847,0.00410443722327469
ABBY,2024-12-08T00:00:00Z,0.48278977167135995,0.00161541105837315
ABBY,2024-12-09T00:00:00Z,1.0493876845758372,0.003820226929488
ABBY,2024-12-10T00:00:00Z,2.027939778519177,0.00641932824045369
ABBY,2024-12-11T00:00:00Z,2.0747722504312853,0.00704868562762837
ABBY,2024-12-12T00:00:00Z,1.7950802192821371,0.00579965756385172
ABBY,2024-12-13T00:00:00Z,1.2774810449691163,0.00424163245939614
ABBY,2024-12-14T00:00:00Z,0.6122358015228172,0.00202219755455605
ABBY,2024-12-15T00:00:00Z,1.1652910523199276,0.00381456237163092
ABBY,2024-12-16T00:00:00Z,1.0075453532187122,0.00346132179047443
ABBY,2024-12-17T00:00:00Z,0.8005315325013831,0.00283813291992289
ABBY,2024-12-18T00:00:00Z,1.2159176576463169,0.00398548147088338
ABBY,2024-12-19T00:00:00Z,1.5682305109800252,0.00521478719633025
ABBY,2024-12-20T00:00:00Z,1.7782850327467814,0.00567914260575958
ABBY,2024-12-21T00:00:00Z,2.5092517052891035,0.00814428440671221
ABBY,2024-12-22T00:00:00Z,1.918207806319315,0.00611261008642758
ABBY,2024-12-23T00:00:00Z,1.3972352363166618,0.00474988591594161
ABBY,2024-12-24T00:00:00Z,1.6333853363743085,0.00592704825493382
ABBY,2024-12-25T00:00:00Z,2.656819948296984,0.00848044010882455
ABBY,2024-12-26T00:00:00Z,1.31598315268366,0.00566880493329804
ABBY,2024-12-27T00:00:00Z,1.5516999750043337,0.00695152448174781
ABBY,2024-12-28T00:00:00Z,1.0446895580135342,0.00399650699091422
ABBY,2024-12-29T00:00:00Z,1.5748460840339635,0.00522561863878932
ABBY,2024-12-30T00:00:00Z,2.1585144225143353,0.00688294903270024
ABBY,2024-12-31T00:00:00Z,2.6988189673362712,0.00869924829168771
BLAN,2024-12-01T00:00:00Z,0.2244037728114975,7.263107932340282e-4
BLAN,2024-12-02T00:00:00Z,0.2279327053556247,7.445921974463758e-4
BLAN,2024-12-03T00:00:00Z,0.26505392866576916,9.639294809579218e-4
BLAN,2024-12-04T00:00:00Z,0.14802966059243833,4.922459044633965e-4
BLAN,2024-12-05T00:00:00Z,0.10371669715833384,3.7279576268254904e-4
BLAN,2024-12-06T00:00:00Z,0.08438620804621319,2.887161359977382e-4
BLAN,2024-12-07T00:00:00Z,0.1310330068528995,4.206007060710064e-4
BLAN,2024-12-08T00:00:00Z,0.13481818636548035,4.385390747141769e-4
BLAN,2024-12-09T00:00:00Z,0.2612385298926276,8.774304617690462e-4
BLAN,2024-12-10T00:00:00Z,0.24922930353841968,8.033313320408936e-4
BLAN,2024-12-11T00:00:00Z,0.28837301049579367,9.892831782072516e-4
BLAN,2024-12-12T00:00:00Z,0.11072354062900312,4.277675686092651e-4
BLAN,2024-12-13T00:00:00Z,0.2561575474846754,9.478339079809528e-4
BLAN,2024-12-14T00:00:00Z,0.39810828831306505,0.00136403680194963
BLAN,2024-12-15T00:00:00Z,0.3131015893586125,0.00108749883361137
BLAN,2024-12-16T00:00:00Z,0.4081674662191178,0.00132403537354304
BLAN,2024-12-17T00:00:00Z,0.42793472601439314,0.00143451580793254
BLAN,2024-12-18T00:00:00Z,0.20979015294924544,7.823298222108771e-4
BLAN,2024-12-19T00:00:00Z,0.11638495316250788,5.039583769029736e-4
BLAN,2024-12-20T00:00:00Z,0.4449734319203576,0.00158719689129777
BLAN,2024-12-21T00:00:00Z,0.28041783699993506,0.00105988804322767
BLAN,2024-12-22T00:00:00Z,0.12414326607487049,4.751103375377283e-4
BLAN,2024-12-23T00:00:00Z,0.339844349613753,0.00113002286063555
BLAN,2024-12-24T00:00:00Z,0.4113159701641256,0.00132044025190836
BLAN,2024-12-25T00:00:00Z,0.4764387314750906,0.00149921379766231
BLAN,2024-12-26T00:00:00Z,0.4440789957322848,0.00139844113765136
BLAN,2024-12-27T00:00:00Z,0.3564187652158081,0.00113824649001308
BLAN,2024-12-28T00:00:00Z,0.3805786697855023,0.00126182191790485
BLAN,2024-12-29T00:00:00Z,0.4743778443844887,0.00159187650393902
BLAN,2024-12-30T00:00:00Z,0.2876453130600524,0.00111319359532571
BLAN,2024-12-31T00:00:00Z,0.5473439240356844,0.00185934296069575
CPER,2024-12-01T00:00:00Z,0.02104516333292972,7.030682464631333e-5
CPER,2024-12-02T00:00:00Z,0.01739440510635614,6.250539816762056e-5
CPER,2024-12-03T00:00:00Z,0.01787440125481405,6.791405250524577e-5
CPER,2024-12-04T00:00:00Z,0.02449207858091141,8.001958900523187e-5
CPER,2024-12-05T00:00:00Z,0.01763292895729986,6.405522156898978e-5
CPER,2024-12-06T00:00:00Z,0.01967518388172927,7.019697068407226e-5
CPER,2024-12-07T00:00:00Z,0.01678250517718396,6.364193307769056e-5
CPER,2024-12-08T00:00:00Z,0.03343305896726795,1.0995723518255456e-4
CPER,2024-12-09T00:00:00Z,0.01797703544339705,6.58151504337167e-5
CPER,2024-12-10T00:00:00Z,0.00670084629241761,2.7931047945591993e-5
CPER,2024-12-11T00:00:00Z,0.01111251137455902,4.543941884722312e-5
CPER,2024-12-12T00:00:00Z,0.01626563581337662,6.428406849972043e-5
CPER,2024-12-13T00:00:00Z,0.01531835138418614,6.0085862003890723e-05
CPER,2024-12-14T00:00:00Z,0.02054307503812397,7.546114330260981e-5
CPER,2024-12-15T00:00:00Z,0.02585590070278272,8.478547615839473e-5
CPER,2024-12-16T00:00:00Z,0.01341214746033287,5.548200908319748e-5
CPER,2024-12-17T00:00:00Z,0.01784731895547642,6.813214308252702e-5
CPER,2024-12-18T00:00:00Z,0.01069448910848369,4.565763236417342e-5
CPER,2024-12-19T00:00:00Z,0.02393566747849446,7.829317424049533e-5
CPER,2024-12-20T00:00:00Z,0.01491835030814362,6.12071215066636e-5
CPER,2024-12-21T00:00:00Z,0.02510931246651689,8.507553579285784e-5
CPER,2024-12-22T00:00:00Z,0.03285119333277511,1.0512815666976976e-4
CPER,2024-12-23T00:00:00Z,0.04192356975951351,1.3403725871286538e-4
CPER,2024-12-24T00:00:00Z,0.03221565530951484,1.0620537342685564e-4
CPER,2024-12-25T00:00:00Z,0.03334475603628274,1.082303587232726e-4
CPER,2024-12-26T00:00:00Z,0.02445651677761639,8.728585813124837e-5
CPER,2024-12-27T00:00:00Z,0.01993641873238649,6.875161746908033e-5
CPER,2024-12-28T00:00:00Z,0.015680980356984,5.4590373376146886e-5
CPER,2024-12-29T00:00:00Z,0.02777662488978205,9.05550329025136e-5
CPER,2024-12-30T00:00:00Z,0.02325284603947963,8.379753800817464e-5
CPER,2024-12-31T00:00:00Z,0.00587431360753062,2.8018273175868413e-5
DCFS,2024-12-01T00:00:00Z,0.5736570526367682,0.00193915930777712
DCFS,2024-12-02T00:00:00Z,0.6739085505194377,0.00215254216791536
DCFS,2024-12-03T00:00:00Z,0.8218546262093868,0.00270561945156667
DCFS,2024-12-04T00:00:00Z,0.03350453793548898,6.634335763742839e-4
DCFS,2024-12-05T00:00:00Z,0.11338101815327072,6.083578487680647e-4
DCFS,2024-12-06T00:00:00Z,0.28820228744555837,0.00107818666955405
DCFS,2024-12-07T00:00:00Z,0.1891012303554278,6.904878860104715e-4
DCFS,2024-12-08T00:00:00Z,0.6580985956957025,0.00227138511828989
DCFS,2024-12-09T00:00:00Z,0.5529801030046482,0.00182417982156454
DCFS,2024-12-10T00:00:00Z,0.4851934617480206,0.00158380079868693
DCFS,2024-12-11T00:00:00Z,0.5315079762610935,0.0016999419758265
DCFS,2024-12-12T00:00:00Z,0.1984963565236644,6.28117901712835e-4
DCFS,2024-12-13T00:00:00Z,0.48106118830727507,0.00174797559103034
DCFS,2024-12-14T00:00:00Z,0.6698651156136105,0.0023201475004986
DCFS,2024-12-15T00:00:00Z,0.5931043783433467,0.00186741365949966
DCFS,2024-12-16T00:00:00Z,0.3524008208615177,0.00122531581330311
DCFS,2024-12-17T00:00:00Z,0.128654556909996,8.264675689494884e-4
DCFS,2024-12-18T00:00:00Z,0.17428979510578388,6.114899489469449e-4
DCFS,2024-12-19T00:00:00Z,0.5157130752254351,0.00192792908053611
DCFS,2024-12-20T00:00:00Z,0.07663648026113326,4.033075178178284e-4
DCFS,2024-12-21T00:00:00Z,0.46150127152863807,0.00146500105592325
DCFS,2024-12-22T00:00:00Z,0.4813728638985794,0.0015183155950754
DCFS,2024-12-23T00:00:00Z,0.3086669186641804,0.00100189502827778
DCFS,2024-12-24T00:00:00Z,0.4962905276220519,0.00156264518289749
DCFS,2024-12-25T00:00:00Z,0.6583225294236349,0.00212565020628766
DCFS,2024-12-26T00:00:00Z,0.7332717839075201,0.00230444028698052
DCFS,2024-12-27T00:00:00Z,0.7085314862350099,0.00229041929357614
DCFS,2024-12-28T00:00:00Z,0.18566552064321065,6.467698384578706e-4
DCFS,2024-12-29T00:00:00Z,0.10701135662024136,6.618919839607469e-4
DCFS,2024-12-30T00:00:00Z,0.4790657678090447,0.00161005040501141
DCFS,2024-12-31T00:00:00Z,0.14672416897345272,0.00135906795887818
DELA,2024-12-01T00:00:00Z,5.791339556962699,0.01814278964206783
DELA,2024-12-02T00:00:00Z,5.298464359047435,0.01674332343336778
DELA,2024-12-03T00:00:00Z,4.722332127221896,0.01490394246853702
DELA,2024-12-04T00:00:00Z,4.9391858753153945,0.01550497862585629
DELA,2024-12-05T00:00:00Z,4.722972166271976,0.01494346310050777
DELA,2024-12-06T00:00:00Z,4.089989241291861,0.01290029793842316
DELA,2024-12-07T00:00:00Z,5.138169358267323,0.01606269355325718
DELA,2024-12-08T00:00:00Z,5.147467993517636,0.0161297246432245
DELA,2024-12-09T00:00:00Z,3.913340936043192,0.0139177001234835
DELA,2024-12-10T00:00:00Z,0.7996178731877555,0.00318484110444935
DELA,2024-12-11T00:00:00Z,2.9253091288992255,0.00974448986806646
DELA,2024-12-12T00:00:00Z,4.5960222726752,0.01438478394794317
DELA,2024-12-13T00:00:00Z,4.425178413928166,0.01384990038314464
DELA,2024-12-14T00:00:00Z,4.0737914699425115,0.01311410688395221
DELA,2024-12-15T00:00:00Z,2.175325677411194,0.00752379245844595
DELA,2024-12-16T00:00:00Z,1.8032236921597808,0.00612717819699069
DELA,2024-12-17T00:00:00Z,1.02804719423211,0.00443245352844759
DELA,2024-12-18T00:00:00Z,2.5230498594509823,0.00988678006537487
DELA,2024-12-19T00:00:00Z,4.227932727247465,0.01420524058511588
DELA,2024-12-20T00:00:00Z,5.107588105441495,0.01608116589155864
DELA,2024-12-21T00:00:00Z,5.225619550511726,0.01633995408665596
DELA,2024-12-22T00:00:00Z,4.667783117237885,0.01460367413111925
DELA,2024-12-23T00:00:00Z,3.928350412736151,0.01296421955687804
DELA,2024-12-24T00:00:00Z,3.629807203508247,0.0123109958384792
DELA,2024-12-25T00:00:00Z,3.745003382818799,0.0123379457306664
DELA,2024-12-26T00:00:00Z,2.3237253774000908,0.00840997640463441
DELA,2024-12-27T00:00:00Z,2.642604141104992,0.00859305525010216
DELA,2024-12-28T00:00:00Z,2.8748504986830588,0.00990825140125344
DELA,2024-12-29T00:00:00Z,2.9011399963717466,0.00962879731335214
DELA,2024-12-30T00:00:00Z,4.329859220099887,0.01390248571052476
DELA,2024-12-31T00:00:00Z,3.995310443526857,0.0128078220559242
DSNY,2024-12-01T00:00:00Z,1.40339932470491,0.00443275385374744
DSNY,2024-12-02T00:00:00Z,1.262647791759317,0.00396705246132552
DSNY,2024-12-03T00:00:00Z,1.1628603828614807,0.00365257205651162
DSNY,2024-12-04T00:00:00Z,1.075130056829382,0.00339859852860321
DSNY,2024-12-05T00:00:00Z,0.8622261587707583,0.00278138292637491
DSNY,2024-12-06T00:00:00Z,0.9635756298279804,0.00304195501415253
DSNY,2024-12-07T00:00:00Z,1.2140161426821272,0.00384510477198476
DSNY,2024-12-08T00:00:00Z,1.010225463149056,0.00317846148041491
DSNY,2024-12-09T00:00:00Z,0.9686539591072628,0.0031217733352225
DSNY,2024-12-10T00:00:00Z,0.7453712286621442,0.00235797140968727
DSNY,2024-12-11T00:00:00Z,0.952285097175592,0.00301734253284844
DSNY,2024-12-12T00:00:00Z,0.9986279177054892,0.00315286972885694
DSNY,2024-12-13T00:00:00Z,0.881896706429667,0.00279181841186532
DSNY,2024-12-14T00:00:00Z,0.8563554244295718,0.00275974887934031
DSNY,2024-12-15T00:00:00Z,0.9846465048986744,0.00310415995697199
DSNY,2024-12-16T00:00:00Z,0.779278121269769,0.00247281296082868
DSNY,2024-12-17T00:00:00Z,1.023586212211964,0.00325975352884283
DSNY,2024-12-18T00:00:00Z,1.0146998823727005,0.00327677943459757
DSNY,2024-12-19T00:00:00Z,0.8314851094596246,0.00266906047103249
DSNY,2024-12-20T00:00:00Z,0.7535637709298668,0.00238717855119279
DSNY,2024-12-21T00:00:00Z,0.8540229636181265,0.00271066106259957
DSNY,2024-12-22T00:00:00Z,0.8483881480364115,0.00268047457106443
DSNY,2024-12-23T00:00:00Z,0.7483092002450045,0.00236748044379532
DSNY,2024-12-24T00:00:00Z,0.9035397835284938,0.00284366476212926
DSNY,2024-12-25T00:00:00Z,0.7076974221309111,0.00223288906899602
DSNY,2024-12-26T00:00:00Z,0.8355767408674544,0.00267929509230349
DSNY,2024-12-27T00:00:00Z,0.917336687566596,0.00291730138201804
DSNY,2024-12-28T00:00:00Z,0.8798856114668226,0.00281271095234411
DSNY,2024-12-29T00:00:00Z,0.9632438214216325,0.00312887071481716
DSNY,2024-12-30T00:00:00Z,1.1632694276470628,0.00414122562018933
DSNY,2024-12-31T00:00:00Z,1.4438229894479402,0.00453521478409699
GUAN,2024-12-01T00:00:00Z,7.336122053164331,0.02293989262450351
GUAN,2024-12-02T00:00:00Z,7.140718651252465,0.02247665021237268
GUAN,2024-12-03T00:00:00Z,6.78266833160655,0.02124659067242862
GUAN,2024-12-04T00:00:00Z,7.0326435564070655,0.02199905267814725
GUAN,2024-12-05T00:00:00Z,6.9103127974268554,0.0215908883257251
GUAN,2024-12-06T00:00:00Z,7.0909651704437175,0.02213390493044573
GUAN,2024-12-07T00:00:00Z,6.723260661195992,0.02099442766263043
GUAN,2024-12-08T00:00:00Z,6.506847030564403,0.02031278960519212
GUAN,2024-12-09T00:00:00Z,6.311614558118817,0.01977988091333045
GUAN,2024-12-10T00:00:00Z,6.027373688568015,0.01881277240534255
GUAN,2024-12-11T00:00:00Z,5.66172566906057,0.01767344911662629
GUAN,2024-12-12T00:00:00Z,5.473239596720808,0.01708218451112369
GUAN,2024-12-13T00:00:00Z,5.1826161311523125,0.01617544583144523
GUAN,2024-12-14T00:00:00Z,4.611599066556357,0.01443338216337533
GUAN,2024-12-15T00:00:00Z,4.720804919219491,0.0147570410531678
GUAN,2024-12-16T00:00:00Z,4.578904829383921,0.01430473255758763
GUAN,2024-12-17T00:00:00Z,4.489421348165722,0.01403712042781762
GUAN,2024-12-18T00:00:00Z,4.641801519255442,0.0144979043077501
GUAN,2024-12-19T00:00:00Z,4.60401032947881,0.01437435660204492
GUAN,2024-12-20T00:00:00Z,4.357504873483579,0.01360243542889393
GUAN,2024-12-21T00:00:00Z,4.113886755210197,0.01284996450723311
GUAN,2024-12-22T00:00:00Z,3.3541750381713884,0.01055729301790769
GUAN,2024-12-23T00:00:00Z,3.5027074813637333,0.01095349688844954
GUAN,2024-12-24T00:00:00Z,3.843204384850244,0.01199753658811908
GUAN,2024-12-25T00:00:00Z,3.8781608736182056,0.01211083265189115
GUAN,2024-12-26T00:00:00Z,3.791817688482421,0.01183759187769963
GUAN,2024-12-27T00:00:00Z,3.757968177984327,0.01173075179940384
GUAN,2024-12-28T00:00:00Z,3.631409433726098,0.01134896862586019
GUAN,2024-12-29T00:00:00Z,3.630965494389448,0.01136269980629453
GUAN,2024-12-30T00:00:00Z,3.427326645875289,0.01082095142683712
GUAN,2024-12-31T00:00:00Z,3.4775594177702,0.01103478929514608
JORN,2024-12-01T00:00:00Z,0.04853306712889087,1.880100793404932e-4
JORN,2024-12-02T00:00:00Z,0.04630364209957813,1.800121030407888e-4
JORN,2024-12-03T00:00:00Z,0.05137133353993636,1.9348187322854344e-4
JORN,2024-12-04T00:00:00Z,0.06611253106647008,2.3728342746967863e-4
JORN,2024-12-05T00:00:00Z,0.07104299549748537,2.524645493591876e-4
JORN,2024-12-06T00:00:00Z,0.07362010124110896,2.530445446675312e-4
JORN,2024-12-07T00:00:00Z,0.05590655438039869,2.074801585847705e-4
JORN,2024-12-08T00:00:00Z,0.04778168355820761,1.837261021409126e-4
JORN,2024-12-09T00:00:00Z,0.0586039963334831,2.0507290333274117e-4
JORN,2024-12-10T00:00:00Z,0.07043961825689986,2.63656464561413e-4
JORN,2024-12-11T00:00:00Z,0.01598158275061952,8.87864035955635e-5
JORN,2024-12-12T00:00:00Z,0.0106289736142009,6.075569179456202e-5
JORN,2024-12-13T00:00:00Z,0.01309672424731431,6.43949945681951e-5
JORN,2024-12-14T00:00:00Z,0.01980589280726323,8.795984069298573e-5
JORN,2024-12-15T00:00:00Z,0.02427366492193365,9.555534183112988e-5
JORN,2024-12-16T00:00:00Z,0.03432465501002065,1.3303432775286416e-4
JORN,2024-12-17T00:00:00Z,0.02522622162880637,1.0950278208959346e-4
JORN,2024-12-18T00:00:00Z,0.02714402674160634,1.064650483125424e-4
JORN,2024-12-19T00:00:00Z,0.02640827054160853,1.1078814026576696e-4
JORN,2024-12-20T00:00:00Z,0.02278564348616629,9.521885008947362e-5
JORN,2024-12-21T00:00:00Z,0.03100890698027892,1.2626610013303168e-4
JORN,2024-12-22T00:00:00Z,0.02629559298092189,1.0843742061012768e-4
JORN,2024-12-23T00:00:00Z,0.02852612036978406,1.1716480639759396e-4
JORN,2024-12-24T00:00:00Z,0.03693661764800066,1.4112760021324654e-4
JORN,2024-12-25T00:00:00Z,0.03746796655413526,1.416176649833995e-4
JORN,2024-12-26T00:00:00Z,0.0446860539172142,1.6827750343866856e-4
JORN,2024-12-27T00:00:00Z,0.03117862365935188,1.2873919716151653e-4
JORN,2024-12-28T00:00:00Z,0.03721782617600475,1.3278980327441714e-4
JORN,2024-12-29T00:00:00Z,0.03334804930637358,1.3347391722771753e-4
JORN,2024-12-30T00:00:00Z,0.04859062705273824,1.7512452627346616e-4
JORN,2024-12-31T00:00:00Z,0.04835207266881355,1.9320608844378349e-4
KONA,2024-12-01T00:00:00Z,0.01392203873871044,6.69839614268028e-5
KONA,2024-12-02T00:00:00Z,0.00754753252062828,5.460143647720398e-5
KONA,2024-12-03T00:00:00Z,-0.00507020756399014,3.853882963179144e-5
KONA,2024-12-04T00:00:00Z,-0.01707711166602538,6.406693229319514e-5
KONA,2024-12-05T00:00:00Z,-0.01426425638343292,6.207837792314582e-5
KONA,2024-12-06T00:00:00Z,-0.00726808910228394,3.662672839686069e-5
KONA,2024-12-07T00:00:00Z,7.910335697537478e-4,3.578711609722594e-5
KONA,2024-12-08T00:00:00Z,-0.00829127471507338,2.69445757015382e-5
KONA,2024-12-09T00:00:00Z,-0.00877059066086328,3.5568586809710086e-5
KONA,2024-12-10T00:00:00Z,-0.00170335660051999,4.473718416215762e-5
KONA,2024-12-11T00:00:00Z,-0.00661402029465956,5.392974719637317e-5
KONA,2024-12-12T00:00:00Z,0.00341447387431487,5.610848998125424e-5
KONA,2024-12-13T00:00:00Z,-0.00369088158759146,4.3483074849732834e-5
KONA,2024-12-14T00:00:00Z,0.01167397773535685,5.782986443345437e-5
KONA,2024-12-15T00:00:00Z,0.00718176699414853,4.463682223610662e-5
KONA,2024-12-16T00:00:00Z,-0.00715700335374927,8.205652669401973e-5
KONA,2024-12-17T00:00:00Z,0.00530649269356283,6.0527399307520106e-5
KONA,2024-12-18T00:00:00Z,0.00197636854267848,4.116213097107639e-5
KONA,2024-12-19T00:00:00Z,-0.00530866853896747,5.702370278265117e-5
KONA,2024-12-20T00:00:00Z,-0.01664036636111304,7.2213579466877e-5
KONA,2024-12-21T00:00:00Z,-0.00195231952944527,4.694442688176695e-5
KONA,2024-12-22T00:00:00Z,0.00115717840512433,3.9627452991542137e-5
KONA,2024-12-23T00:00:00Z,-0.00102180136454203,3.930463116932225e-5
KONA,2024-12-24T00:00:00Z,0.00691233579299235,9.74082464818845e-5
KONA,2024-12-25T00:00:00Z,-0.01744635363673785,8.116716579733049e-5
KONA,2024-12-26T00:00:00Z,-0.01299834223416346,6.639435270145474e-5
KONA,2024-12-27T00:00:00Z,-0.01879147324335601,6.218389646444091e-5
KONA,2024-12-28T00:00:00Z,-0.03128772179137786,1.1297296152115126e-4
KONA,2024-12-29T00:00:00Z,-0.0206007986073438,9.316873199939572e-5
KONA,2024-12-30T00:00:00Z,-0.01920395111215121,7.821890674278337e-5
KONA,2024-12-31T00:00:00Z,-0.02678122486740521,9.138967666027047e-5
KONZ,2024-12-01T00:00:00Z,2.1377794472152427,0.00668793165382173
KONZ,2024-12-02T00:00:00Z,2.074630032613881,0.00649846569285544
KONZ,2024-12-03T00:00:00Z,1.77496477806428,0.00560507439063195
KONZ,2024-12-04T00:00:00Z,1.358603103533414,0.00428094220499326
KONZ,2024-12-05T00:00:00Z,1.6003770466245644,0.00503131199678774
KONZ,2024-12-06T00:00:00Z,1.3364423683528983,0.00425155094989286
KONZ,2024-12-07T00:00:00Z,1.3234041327376729,0.00414091459936025
KONZ,2024-12-08T00:00:00Z,1.264249524834422,0.00397643013249493
KONZ,2024-12-09T00:00:00Z,1.5829153379361456,0.00502750585570893
KONZ,2024-12-10T00:00:00Z,1.8701653594543464,0.00587056803447151
KONZ,2024-12-11T00:00:00Z,1.707070170107179,0.00538383321672601
KONZ,2024-12-12T00:00:00Z,1.0986984610539434,0.00352873075991354
KONZ,2024-12-13T00:00:00Z,0.8182314666881948,0.00261891968350919
KONZ,2024-12-14T00:00:00Z,1.3070158913152328,0.00411447595673364
KONZ,2024-12-15T00:00:00Z,1.5791384615845825,0.0050182469744215
KONZ,2024-12-16T00:00:00Z,1.6914231711184913,0.0052876004438625
KONZ,2024-12-17T00:00:00Z,1.7785827494118276,0.0055718178742096
KONZ,2024-12-18T00:00:00Z,1.8454429475125904,0.00581535976239755
KONZ,2024-12-19T00:00:00Z,1.0946606512354755,0.0041651206980374
KONZ,2024-12-20T00:00:00Z,0.8671210672908611,0.00278059250307123
KONZ,2024-12-21T00:00:00Z,1.4563391626117386,0.00457705629873895
KONZ,2024-12-22T00:00:00Z,0.8619384553307894,0.00306067971793046
KONZ,2024-12-23T00:00:00Z,0.6868905402165754,0.0023704533840026
KONZ,2024-12-24T00:00:00Z,1.4283658190347124,0.00450594157792728
KONZ,2024-12-25T00:00:00Z,1.4316974176986306,0.00451906960214184
KONZ,2024-12-26T00:00:00Z,1.663762107936545,0.00523125376232252
KONZ,2024-12-27T00:00:00Z,1.8417887195083733,0.00578477988851689
KONZ,2024-12-28T00:00:00Z,1.8984750262766927,0.00597427133660612
KONZ,2024-12-29T00:00:00Z,1.7924160429161826,0.00562885760150977
KONZ,2024-12-30T00:00:00Z,1.7429659570125453,0.00547347141678328
KONZ,2024-12-31T00:00:00Z,1.4665196800010452,0.00470570299979903
LAJA,2024-12-01T00:00:00Z,0.18799102763212183,8.979473696896214e-4
LAJA,2024-12-02T00:00:00Z,0.3955913236880557,0.00138776453146387
LAJA,2024-12-03T00:00:00Z,0.6130894171821579,0.00219177566840059
LAJA,2024-12-04T00:00:00Z,1.043393124916833,0.00355377483268192
LAJA,2024-12-05T00:00:00Z,1.1981903207994082,0.0039762751713592
LAJA,2024-12-06T00:00:00Z,1.4120825943085695,0.0047575872636008
LAJA,2024-12-07T00:00:00Z,1.094304398076678,0.00378484330522595
LAJA,2024-12-08T00:00:00Z,0.5821481873588334,0.00228712969749399
LAJA,2024-12-09T00:00:00Z,1.0646425748813857,0.00426072700029659
LAJA,2024-12-10T00:00:00Z,0.6799199801015989,0.00302676911658481
LAJA,2024-12-11T00:00:00Z,0.35724990964468856,0.00165963680268433
LAJA,2024-12-12T00:00:00Z,0.14285429083949344,7.647119856600838e-4
LAJA,2024-12-13T00:00:00Z,0.6261130947098926,0.00219895619070744
LAJA,2024-12-14T00:00:00Z,1.4681322046985772,0.00485648744028813
LAJA,2024-12-15T00:00:00Z,1.551058305512356,0.00513230918957298
LAJA,2024-12-16T00:00:00Z,0.4543273776941413,0.00151321391734121
LAJA,2024-12-17T00:00:00Z,1.0337181981256056,0.00409262444993915
LAJA,2024-12-18T00:00:00Z,1.4152061465184114,0.0052006263864499596
LAJA,2024-12-19T00:00:00Z,1.659486779261542,0.0060745727597135
LAJA,2024-12-20T00:00:00Z,1.1690412140902078,0.00510205258933787
LAJA,2024-12-21T00:00:00Z,1.6957901327204017,0.00610633670884845
LAJA,2024-12-22T00:00:00Z,1.0976798798571834,0.00505062173545993
LAJA,2024-12-23T00:00:00Z,0.6685113172306955,0.00236131205261489
LAJA,2024-12-24T00:00:00Z,0.3134067856927459,0.00104755297587174
LAJA,2024-12-25T00:00:00Z,0.2664984741772594,8.991604129127704e-4
LAJA,2024-12-26T00:00:00Z,0.2669343111640772,8.686127997987888e-4
LAJA,2024-12-27T00:00:00Z,0.37611175753208864,0.00139882554077817
LAJA,2024-12-28T00:00:00Z,0.23221056228846504,0.00106119536180777
LAJA,2024-12-29T00:00:00Z,0.15068338559459232,6.165360378111956e-4
LAJA,2024-12-30T00:00:00Z,0.3935275760621184,0.00134282432900764
LAJA,2024-12-31T00:00:00Z,0.7143797094576221,0.00233991410781086
LENO,2024-12-01T00:00:00Z,4.931583244538811,0.01542998853552858
LENO,2024-12-02T00:00:00Z,5.339063630378026,0.01671977093837672
LENO,2024-12-03T00:00:00Z,5.46168980315472,0.01712666321840715
LENO,2024-12-04T00:00:00Z,5.537615341238133,0.01734734669014223
LENO,2024-12-05T00:00:00Z,5.804890768643857,0.01813769525266558
LENO,2024-12-06T00:00:00Z,6.2071958460051455,0.01939599940870893
LENO,2024-12-07T00:00:00Z,6.118825145497897,0.01912234866695659
LENO,2024-12-08T00:00:00Z,5.604835993936673,0.01754136571079965
LENO,2024-12-09T00:00:00Z,4.77297859810166,0.0154933110728438
LENO,2024-12-10T00:00:00Z,3.071985136694144,0.01076825190422713
LENO,2024-12-11T00:00:00Z,3.3456842464110546,0.0110767429860708
LENO,2024-12-12T00:00:00Z,4.053184003330722,0.01270411398288651
LENO,2024-12-13T00:00:00Z,3.6214677409037623,0.01137435257997568
LENO,2024-12-14T00:00:00Z,4.288349217214739,0.01341740997392129
LENO,2024-12-15T00:00:00Z,6.491916627831017,0.02030688282019076
LENO,2024-12-16T00:00:00Z,6.787536473564993,0.02137666241178026
LENO,2024-12-17T00:00:00Z,6.092327996732245,0.01902834725070927
LENO,2024-12-18T00:00:00Z,5.99389790945735,0.01874895096839128
LENO,2024-12-19T00:00:00Z,4.961582566159852,0.01562214507972219
LENO,2024-12-20T00:00:00Z,3.52145919426572,0.01192024354648414
LENO,2024-12-21T00:00:00Z,2.0858334358616117,0.00714917228065437
LENO,2024-12-22T00:00:00Z,2.8995333991108048,0.00935657679430786
LENO,2024-12-23T00:00:00Z,2.7347103588323987,0.00866395826801815
LENO,2024-12-24T00:00:00Z,3.285768912909593,0.01033000329145577
LENO,2024-12-25T00:00:00Z,3.259969170530713,0.01022284507970248
LENO,2024-12-26T00:00:00Z,3.5167453953989902,0.0110088451604728
LENO,2024-12-27T00:00:00Z,4.303752259839923,0.01359585979729687
LENO,2024-12-28T00:00:00Z,6.394566357418921,0.0200016203383698
LENO,2024-12-29T00:00:00Z,4.038672432920356,0.01364112173035745
LENO,2024-12-30T00:00:00Z,4.750237518810552,0.01485232185997498
LENO,2024-12-31T00:00:00Z,5.248584633904151,0.01706937118897553
MLBS,2024-12-01T00:00:00Z,0.04611768644387586,1.859455444788861e-4
MLBS,2024-12-02T00:00:00Z,0.2355143956025489,8.233460046534616e-4
MLBS,2024-12-03T00:00:00Z,0.1729131544150804,5.991112884594862e-4
MLBS,2024-12-04T00:00:00Z,0.17752865735110673,6.542239519148511e-4
MLBS,2024-12-05T00:00:00Z,0.11044339203550502,4.250245965082812e-4
MLBS,2024-12-06T00:00:00Z,0.06229910546693545,2.794198500512073e-4
MLBS,2024-12-07T00:00:00Z,0.07856010547861633,3.198540298605314e-4
MLBS,2024-12-08T00:00:00Z,0.1559432317242228,5.408662606986172e-4
MLBS,2024-12-09T00:00:00Z,0.35907130239349894,0.00120903102671983
MLBS,2024-12-10T00:00:00Z,0.41539553732071266,0.00143008682177648
MLBS,2024-12-11T00:00:00Z,0.2275203380573009,8.36604794766029e-4
MLBS,2024-12-12T00:00:00Z,0.1535131535314078,5.177399026296344e-4
MLBS,2024-12-13T00:00:00Z,0.40165541363576673,0.001280170307393
MLBS,2024-12-14T00:00:00Z,0.37436050544772864,0.00124837372259423
MLBS,2024-12-15T00:00:00Z,0.02022033342239836,4.100723985390626e-4
MLBS,2024-12-16T00:00:00Z,0.25544726716414196,0.00103372045906986
MLBS,2024-12-17T00:00:00Z,0.513226573355946,0.00162986320133323
MLBS,2024-12-18T00:00:00Z,0.6760452431442528,0.00252511213242999
MLBS,2024-12-19T00:00:00Z,0.3583353501701476,0.00119360465853061
MLBS,2024-12-20T00:00:00Z,0.5634034820823249,0.00198639962621117
MLBS,2024-12-21T00:00:00Z,0.6107599035908795,0.00198305717259009
MLBS,2024-12-22T00:00:00Z,0.14101652193440908,5.668965899542845e-4
MLBS,2024-12-23T00:00:00Z,0.39398351726320263,0.00138353999027045
MLBS,2024-12-24T00:00:00Z,0.3666480858889528,0.00146979614790182
MLBS,2024-12-25T00:00:00Z,0.2165607300146786,8.564897067879387e-4
MLBS,2024-12-26T00:00:00Z,0.2050245892527809,8.469919569352375e-4
MLBS,2024-12-27T00:00:00Z,0.8299673813974179,0.00271754434205157
MLBS,2024-12-28T00:00:00Z,0.8860130552693786,0.00282655345312785
MLBS,2024-12-29T00:00:00Z,0.9413940745069304,0.0029745373735638
MLBS,2024-12-30T00:00:00Z,0.20363298473421665,9.976711971918263e-4
MLBS,2024-12-31T00:00:00Z,0.8261377728112089,0.00277092945202757
MOAB,2024-12-01T00:00:00Z,0.01096168081742277,3.780268809717998e-5
MOAB,2024-12-02T00:00:00Z,0.01224143867362939,4.431196785862139e-5
MOAB,2024-12-03T00:00:00Z,0.0167543826952566,6.14207528812446e-5
MOAB,2024-12-04T00:00:00Z,0.01698931857391797,6.408905891219282e-5
MOAB,2024-12-05T00:00:00Z,0.02148850306157531,7.474412743984457e-5
MOAB,2024-12-06T00:00:00Z,0.01847122842590281,6.614175421557529e-5
MOAB,2024-12-07T00:00:00Z,0.02196960213437013,7.216485578937229e-5
MOAB,2024-12-08T00:00:00Z,0.02594621818124726,8.255032453131704e-5
MOAB,2024-12-09T00:00:00Z,0.02970844804936557,9.462479960271478e-5
MOAB,2024-12-10T00:00:00Z,0.0273212913237589,8.621371030789606e-5
MOAB,2024-12-11T00:00:00Z,0.02943161071686041,9.296851086456068e-5
MOAB,2024-12-12T00:00:00Z,0.03471251551487167,1.0926900955760056e-4
MOAB,2024-12-13T00:00:00Z,0.03945197929224554,1.2372242804709247e-4
MOAB,2024-12-14T00:00:00Z,0.03511564637411631,1.119112055015672e-4
MOAB,2024-12-15T00:00:00Z,0.03352137878711118,1.0649211636536696e-4
MOAB,2024-12-16T00:00:00Z,0.03526951039802548,1.1167938223690936e-4
MOAB,2024-12-17T00:00:00Z,0.03824392030059426,1.2016250073420576e-4
MOAB,2024-12-18T00:00:00Z,0.03819696897764408,1.2183378081470986e-4
MOAB,2024-12-19T00:00:00Z,0.03622713670167771,1.154677383761366e-4
MOAB,2024-12-20T00:00:00Z,0.03710953021141445,1.1782537071395418e-4
MOAB,2024-12-21T00:00:00Z,0.03763014267372483,1.1938827468005636e-4
MOAB,2024-12-22T00:00:00Z,0.03878404042196612,1.2338617336729365e-4
MOAB,2024-12-23T00:00:00Z,0.04368967581451049,1.3930072235740458e-4
MOAB,2024-12-24T00:00:00Z,0.04662276666847082,1.51140567858462e-4
MOAB,2024-12-25T00:00:00Z,0.0662192599101932,2.067969386158389e-4
MOAB,2024-12-26T00:00:00Z,0.05067166299148095,1.6715594123315944e-4
MOAB,2024-12-27T00:00:00Z,0.04293013850999921,1.358808685202127e-4
MOAB,2024-12-28T00:00:00Z,0.03946334276486125,1.2405173276804434e-4
MOAB,2024-12-29T00:00:00Z,0.04854672401929021,1.5306840122186809e-4
MOAB,2024-12-30T00:00:00Z,0.06597062538097458,2.0728396026838228e-4
MOAB,2024-12-31T00:00:00Z,0.04125532724696264,1.444159381251123e-4
NOGP,2024-12-01T00:00:00Z,2.0831594709221783,0.006526983334799
NOGP,2024-12-02T00:00:00Z,1.333226813724378,0.00443977950722309
NOGP,2024-12-03T00:00:00Z,2.214863137243309,0.00692056616408815
NOGP,2024-12-04T00:00:00Z,0.5979294276889918,0.00217839721529512
NOGP,2024-12-05T00:00:00Z,1.1109718429027953,0.00383602397519386
NOGP,2024-12-06T00:00:00Z,1.6626043280345324,0.00522175631183204
NOGP,2024-12-07T00:00:00Z,1.8924980386218535,0.00599550996483747
NOGP,2024-12-08T00:00:00Z,1.5147080543194245,0.00520979248245306
NOGP,2024-12-09T00:00:00Z,0.1493657259826889,8.477479588022518e-4
NOGP,2024-12-10T00:00:00Z,0.4182359668514996,0.00240984863128212
NOGP,2024-12-11T00:00:00Z,1.3131204675238608,0.00477616833169135
NOGP,2024-12-12T00:00:00Z,0.8358999299905969,0.00265375617453791
NOGP,2024-12-13T00:00:00Z,1.0765252868564583,0.00340354626813626
NOGP,2024-12-14T00:00:00Z,1.0423353523081478,0.00332782867627448
NOGP,2024-12-15T00:00:00Z,0.8913352984184068,0.00298847463503807
NOGP,2024-12-16T00:00:00Z,1.32982181242127,0.00442484245811036
NOGP,2024-12-17T00:00:00Z,0.9964355406210076,0.00331640131681567
NOGP,2024-12-18T00:00:00Z,1.1981716469649863,0.00399844823850042
NOGP,2024-12-19T00:00:00Z,0.6796070544967068,0.00235294797140711
NOGP,2024-12-20T00:00:00Z,0.880203201460361,0.002792465105834
NOGP,2024-12-21T00:00:00Z,1.038251430039285,0.00326483952400214
NOGP,2024-12-22T00:00:00Z,1.0313963192804854,0.0032638081152139
NOGP,2024-12-23T00:00:00Z,1.1219039198369338,0.00350566269514949
NOGP,2024-12-24T00:00:00Z,1.17046566778147,0.00367590646242724
NOGP,2024-12-25T00:00:00Z,1.050173849198322,0.00331251437156832
NOGP,2024-12-26T00:00:00Z,1.4560344336187498,0.00458433536095284
NOGP,2024-12-27T00:00:00Z,1.439014561014202,0.00453479241083532
NOGP,2024-12-28T00:00:00Z,1.8264717940926865,0.00701461884110715
NOGP,2024-12-29T00:00:00Z,1.7989725285755551,0.00771053048576668
NOGP,2024-12-30T00:00:00Z,1.8405595413639897,0.00635783136277961
NOGP,2024-12-31T00:00:00Z,0.7799173419062969,0.00283285686319131
OAES,2024-12-01T00:00:00Z,0.05960586882276248,2.2069099805813985e-4
OAES,2024-12-02T00:00:00Z,0.09014878138725067,3.1164683515379584e-4
OAES,2024-12-03T00:00:00Z,0.12350304559254628,3.9613575498724166e-4
OAES,2024-12-04T00:00:00Z,0.1760405071243446,5.677703554178055e-4
OAES,2024-12-05T00:00:00Z,0.14097187979167242,4.704642409960833e-4
OAES,2024-12-06T00:00:00Z,0.13218123937633683,4.427631623417148e-4
OAES,2024-12-07T00:00:00Z,0.12724741598100733,4.017566054279044e-4
OAES,2024-12-08T00:00:00Z,0.12703289649433933,3.996999967544946e-4
OAES,2024-12-09T00:00:00Z,0.12666587503025337,4.098174103446114e-4
OAES,2024-12-10T00:00:00Z,0.07440970634735163,2.4586999545026883e-4
OAES,2024-12-11T00:00:00Z,0.09304290421317024,3.087458667893175e-4
OAES,2024-12-12T00:00:00Z,0.12540582151964808,3.9195842733341e-4
OAES,2024-12-13T00:00:00Z,0.1218396655247596,3.962239352014978e-4
OAES,2024-12-14T00:00:00Z,0.08890702021337914,3.016153954123683e-4
OAES,2024-12-15T00:00:00Z,0.12844548211900025,4.212676691050457e-4
OAES,2024-12-16T00:00:00Z,0.14559543359923524,4.96586390682364e-4
OAES,2024-12-17T00:00:00Z,0.14884436053172492,4.850636653822714e-4
OAES,2024-12-18T00:00:00Z,0.08197128227302977,2.944545078290533e-4
OAES,2024-12-19T00:00:00Z,0.10178042702806275,3.22014532674828e-4
OAES,2024-12-20T00:00:00Z,0.10478919761839205,3.311389468569033e-4
OAES,2024-12-21T00:00:00Z,0.08857911955008219,2.8023941396627125e-4
OAES,2024-12-22T00:00:00Z,0.09881988515113826,3.125055764795826e-4
OAES,2024-12-23T00:00:00Z,0.10535856105792542,3.3073598636623063e-4
OAES,2024-12-24T00:00:00Z,0.10955169299619738,3.450339759689493e-4
OAES,2024-12-25T00:00:00Z,0.10455998318396732,3.282829718784776e-4
OAES,2024-12-26T00:00:00Z,0.1012496945023607,3.1933468470362865e-4
OAES,2024-12-27T00:00:00Z,0.104653981472751,3.290784393209028e-4
OAES,2024-12-28T00:00:00Z,0.1143494182884953,3.5962075780280293e-4
OAES,2024-12-29T00:00:00Z,0.10544269501445969,3.3656330731566983e-4
OAES,2024-12-30T00:00:00Z,0.07921264603980564,2.952025891208554e-4
OAES,2024-12-31T00:00:00Z,0.01818409124793816,6.966844465704347e-5
ONAQ,2024-12-01T00:00:00Z,-0.01442384440801423,7.174140531289204e-5
ONAQ,2024-12-02T00:00:00Z,-0.00984751823733095,5.5880284883372616e-5
ONAQ,2024-12-03T00:00:00Z,0.00588614059682507,5.8787416641845114e-5
ONAQ,2024-12-04T00:00:00Z,0.01740319919632154,8.048055584947337e-5
ONAQ,2024-12-05T00:00:00Z,-0.00892813334099935,4.427754258317887e-5
ONAQ,2024-12-06T00:00:00Z,-0.00974713926502732,4.108896333874316e-5
ONAQ,2024-12-07T00:00:00Z,-0.0116214265802289,4.317103171694696e-5
ONAQ,2024-12-08T00:00:00Z,-0.00896533535619818,3.031535171503659e-5
ONAQ,2024-12-09T00:00:00Z,0.00178177340619178,2.5523026283882625e-5
ONAQ,2024-12-10T00:00:00Z,-0.0290175432073758,1.0967862833695257e-4
ONAQ,2024-12-11T00:00:00Z,-0.03826213636775857,1.4414167403274154e-4
ONAQ,2024-12-12T00:00:00Z,-0.00492747611289907,8.496219901801143e-5
ONAQ,2024-12-13T00:00:00Z,0.04555251621773187,1.4826161612387865e-4
ONAQ,2024-12-14T00:00:00Z,0.03873543137666984,1.2480177235545464e-4
ONAQ,2024-12-15T00:00:00Z,0.04808360281726905,1.511628464037387e-4
ONAQ,2024-12-16T00:00:00Z,0.03665240098602902,1.2117973434362344e-4
ONAQ,2024-12-17T00:00:00Z,0.029953190736055,9.52442516207798e-5
ONAQ,2024-12-18T00:00:00Z,0.03164573312437308,1.1285153930467167e-4
ONAQ,2024-12-19T00:00:00Z,0.0213142489409795,7.752601739987051e-5
ONAQ,2024-12-20T00:00:00Z,0.01282053461139424,5.847931510721059e-5
ONAQ,2024-12-21T00:00:00Z,0.0120169986223955,4.9795137731771755e-5
ONAQ,2024-12-22T00:00:00Z,0.01978856469446503,7.260985139519014e-5
ONAQ,2024-12-23T00:00:00Z,0.04504302250200775,1.5244362431045475e-4
ONAQ,2024-12-24T00:00:00Z,0.04503021226244638,1.5980561675765122e-4
ONAQ,2024-12-25T00:00:00Z,0.03033622856869874,1.043096022923867e-4
ONAQ,2024-12-26T00:00:00Z,0.00899263742896282,3.544698253665887e-5
ONAQ,2024-12-27T00:00:00Z,0.01129857136232408,4.3388919825325166e-5
ONAQ,2024-12-28T00:00:00Z,0.01891750570114921,8.408623704603117e-5
ONAQ,2024-12-29T00:00:00Z,-0.00288040615626072,3.680081984552122e-5
ONAQ,2024-12-30T00:00:00Z,-0.00364281151595664,3.307867571076994e-5
ONAQ,2024-12-31T00:00:00Z,0.00216244516967336,4.367221738530218e-5
OSBS,2024-12-01T00:00:00Z,0.5938999964809689,0.0018650062968259
OSBS,2024-12-02T00:00:00Z,0.5735081255852561,0.00181051224406141
OSBS,2024-12-03T00:00:00Z,0.5433245670001404,0.00170666703857313
OSBS,2024-12-04T00:00:00Z,0.5266518526116115,0.00164951071394678
OSBS,2024-12-05T00:00:00Z,0.5309554385626203,0.00166593285074821
OSBS,2024-12-06T00:00:00Z,0.5637416096444753,0.00176344830995834
OSBS,2024-12-07T00:00:00Z,0.5293929498036779,0.00165658205224045
OSBS,2024-12-08T00:00:00Z,0.5306628086240245,0.0016617995630351
OSBS,2024-12-09T00:00:00Z,0.5636120170528172,0.00176609697623247
OSBS,2024-12-10T00:00:00Z,0.5972321565225656,0.00187417337074679
OSBS,2024-12-11T00:00:00Z,0.7325376001836318,0.00231951274271669
OSBS,2024-12-12T00:00:00Z,0.7863002162062448,0.00246654933281093
OSBS,2024-12-13T00:00:00Z,0.7674708281273982,0.00240288241620373
OSBS,2024-12-14T00:00:00Z,0.7876383384007734,0.00246370998096484
OSBS,2024-12-15T00:00:00Z,0.7930425509218737,0.00248407951912425
OSBS,2024-12-16T00:00:00Z,0.8832202329952809,0.00276515582143282
OSBS,2024-12-17T00:00:00Z,0.9337596263364328,0.00292929490176358
OSBS,2024-12-18T00:00:00Z,0.957137920052607,0.0030062246604697
OSBS,2024-12-19T00:00:00Z,1.0013939456063097,0.00314416316659899
OSBS,2024-12-20T00:00:00Z,0.9019562014378384,0.0028255172992612
OSBS,2024-12-21T00:00:00Z,0.7684955308263645,0.00240764406111125
OSBS,2024-12-22T00:00:00Z,0.6735615169274887,0.00211177658913268
OSBS,2024-12-23T00:00:00Z,0.7180850932027505,0.0022521628642877
OSBS,2024-12-24T00:00:00Z,0.6837000171692104,0.0021462490393472
OSBS,2024-12-25T00:00:00Z,0.6759021800211793,0.0021141908617656
OSBS,2024-12-26T00:00:00Z,0.6675879106931714,0.00208904510159918
OSBS,2024-12-27T00:00:00Z,0.6845336435765903,0.00214227208359813
OSBS,2024-12-28T00:00:00Z,0.6168494210833837,0.00194139102708932
OSBS,2024-12-29T00:00:00Z,0.7624731320106205,0.0023857631995293
OSBS,2024-12-30T00:00:00Z,0.8950699303593118,0.00280979896672495
OSBS,2024-12-31T00:00:00Z,0.864800388884457,0.00272344309914535
SCBI,2024-12-01T00:00:00Z,1.2696809485950429,0.00402872050299249
SCBI,2024-12-02T00:00:00Z,0.9410800563484616,0.00307748673815519
SCBI,2024-12-03T00:00:00Z,0.8170720959894192,0.00263964344101066
SCBI,2024-12-04T00:00:00Z,0.9341843729523244,0.00322090743131204
SCBI,2024-12-05T00:00:00Z,1.1787004288494969,0.00382266488756737
SCBI,2024-12-06T00:00:00Z,0.1904343173538539,7.702971157972456e-4
SCBI,2024-12-07T00:00:00Z,0.8112153940883279,0.00288386087022269
SCBI,2024-12-08T00:00:00Z,1.5322334423396502,0.00482734979070432
SCBI,2024-12-09T00:00:00Z,1.330207134633643,0.00419901596367234
SCBI,2024-12-10T00:00:00Z,1.7635957641083533,0.00554038346245453
SCBI,2024-12-11T00:00:00Z,1.9039410538833552,0.00599856288498281
SCBI,2024-12-12T00:00:00Z,0.996767635934748,0.00345988960177752
SCBI,2024-12-13T00:00:00Z,1.26001615679725,0.00398084590142624
SCBI,2024-12-14T00:00:00Z,1.1702377232851666,0.00372034808880804
SCBI,2024-12-15T00:00:00Z,1.2803635449461046,0.00402208970886358
SCBI,2024-12-16T00:00:00Z,1.519508080581221,0.00478743746003044
SCBI,2024-12-17T00:00:00Z,1.1801802016421865,0.00381882110518827
SCBI,2024-12-18T00:00:00Z,0.8885527643559061,0.00331717366882899
SCBI,2024-12-19T00:00:00Z,1.0815405386518946,0.00365877951464367
SCBI,2024-12-20T00:00:00Z,1.6858619728849709,0.00530662163249386
SCBI,2024-12-21T00:00:00Z,0.7670180933266583,0.00296408065137063
SCBI,2024-12-22T00:00:00Z,0.4330591283422015,0.00151513145287222
SCBI,2024-12-23T00:00:00Z,0.8234320281347208,0.00294636499428238
SCBI,2024-12-24T00:00:00Z,1.0716131521243988,0.0033672161654705
SCBI,2024-12-25T00:00:00Z,0.9194320028198728,0.00291526151811293
SCBI,2024-12-26T00:00:00Z,0.8349969219111518,0.00263534478849611
SCBI,2024-12-27T00:00:00Z,1.00994508832464,0.00319234139943888
SCBI,2024-12-28T00:00:00Z,0.9652998536405666,0.00305552683446397
SCBI,2024-12-29T00:00:00Z,1.0297153768785208,0.00330956687302924
SCBI,2024-12-30T00:00:00Z,1.0880125559445948,0.00347183057221423
SCBI,2024-12-31T00:00:00Z,1.3602194362626625,0.00429415115571877
SERC,2024-12-01T00:00:00Z,0.9503004839971644,0.00305263312396677
SERC,2024-12-02T00:00:00Z,0.8829194969690777,0.00282896407583757
SERC,2024-12-03T00:00:00Z,0.8524012386291837,0.00272218790104929
SERC,2024-12-04T00:00:00Z,0.7703031629316917,0.00242033355473001
SERC,2024-12-05T00:00:00Z,0.8821587006872823,0.00277072639370595
SERC,2024-12-06T00:00:00Z,0.697071768221722,0.00221695441739122
SERC,2024-12-07T00:00:00Z,0.6454066648321254,0.00207491601837911
SERC,2024-12-08T00:00:00Z,0.6891032610287512,0.00218410687841143
SERC,2024-12-09T00:00:00Z,0.7585879048649442,0.00240494712545793
SERC,2024-12-10T00:00:00Z,0.8548081859211583,0.00272512439256407
SERC,2024-12-11T00:00:00Z,0.9435476611874156,0.00300563606630704
SERC,2024-12-12T00:00:00Z,1.3747489796254864,0.00434552265431589
SERC,2024-12-13T00:00:00Z,0.9177662378962472,0.00293477388533193
SERC,2024-12-14T00:00:00Z,0.984090987472824,0.00314897278350456
SERC,2024-12-15T00:00:00Z,0.9612118700463032,0.00302417313093412
SERC,2024-12-16T00:00:00Z,1.067160516282939,0.00342390246474878
SERC,2024-12-17T00:00:00Z,1.2528875880888293,0.00398902792756311
SERC,2024-12-18T00:00:00Z,0.98182584581949806,0.00310867720399826
SERC,2024-12-19T00:00:00Z,0.8236240520649222,0.00261706349624982
SERC,2024-12-20T00:00:00Z,0.5993388446119543,0.00192555458064923
SERC,2024-12-21T00:00:00Z,0.6301731017761254,0.00201751730082987
SERC,2024-12-22T00:00:00Z,0.5929510568426056,0.00188142804278291
SERC,2024-12-23T00:00:00Z,0.6513277494146832,0.00211091265196011
SERC,2024-12-24T00:00:00Z,0.5333915670590097,0.00170330155323363
SERC,2024-12-25T00:00:00Z,0.5210574164751502,0.00165006757742478
SERC,2024-12-26T00:00:00Z,0.5143815914653216,0.00163030975247659
SERC,2024-12-27T00:00:00Z,0.5445321651435678,0.00174552060367161
SERC,2024-12-28T00:00:00Z,0.5430885446468093,0.00171859860618293
SERC,2024-12-29T00:00:00Z,0.7615070319796626,0.00246623937161697
SERC,2024-12-30T00:00:00Z,0.7605563195336941,0.00245826302785909
SERC,2024-12-31T00:00:00Z,0.6215715904219116,0.0019833684292912
SJER,2024-12-01T00:00:00Z,2.0404974331843952,0.00637996977058774
SJER,2024-12-02T00:00:00Z,1.9549492817771408,0.00611490566732033
SJER,2024-12-03T00:00:00Z,1.8124446256513809,0.0056734479855695
SJER,2024-12-04T00:00:00Z,1.690702789178926,0.0053123318946033
SJER,2024-12-05T00:00:00Z,1.5466769067346713,0.0049135784298638
SJER,2024-12-06T00:00:00Z,1.6204907464491096,0.00508723611046193
SJER,2024-12-07T00:00:00Z,1.5366502358413638,0.00485043887839989
SJER,2024-12-08T00:00:00Z,1.5352389484055768,0.00489367990535552
SJER,2024-12-09T00:00:00Z,1.1949160544839863,0.00397164648430536
SJER,2024-12-10T00:00:00Z,1.308148890806316,0.0043579519578467
SJER,2024-12-11T00:00:00Z,0.8082996557083223,0.00275764739097848
SJER,2024-12-12T00:00:00Z,1.2805861669099352,0.00402151130478193
SJER,2024-12-13T00:00:00Z,0.6682064999029613,0.00239673176987616
SJER,2024-12-14T00:00:00Z,1.0952452906885366,0.00360009589606875
SJER,2024-12-15T00:00:00Z,1.1172495565561855,0.00351925477536215
SJER,2024-12-16T00:00:00Z,1.0347105012402884,0.00328078373385049
SJER,2024-12-17T00:00:00Z,1.1615864383725334,0.00369022185086354
SJER,2024-12-18T00:00:00Z,1.1033619552550222,0.00348368386711488
SJER,2024-12-19T00:00:00Z,1.226336817229234,0.00386829786062208
SJER,2024-12-20T00:00:00Z,1.2225873527133164,0.00390138910046052
SJER,2024-12-21T00:00:00Z,1.1712240470724096,0.00370633940694776
SJER,2024-12-22T00:00:00Z,1.2046616298924635,0.00381234331993316
SJER,2024-12-23T00:00:00Z,1.3689155474142485,0.00431074290479676
SJER,2024-12-24T00:00:00Z,1.2871865139609655,0.00406968840869811
SJER,2024-12-25T00:00:00Z,1.0685895961252074,0.00338297132089983
SJER,2024-12-26T00:00:00Z,1.0039834473847105,0.00316421613104067
SJER,2024-12-27T00:00:00Z,1.0139151874995451,0.00320596699940175
SJER,2024-12-28T00:00:00Z,1.1687202337900646,0.0037110024615358
SJER,2024-12-29T00:00:00Z,1.362067290713194,0.00433516745802616
SJER,2024-12-30T00:00:00Z,1.1091111492225565,0.0035056967431722
SJER,2024-12-31T00:00:00Z,0.9783293249492429,0.00305672358527744
SOAP,2024-12-01T00:00:00Z,5.434814576985438,0.01702659110416947
SOAP,2024-12-02T00:00:00Z,5.931284763191624,0.01854975738531459
SOAP,2024-12-03T00:00:00Z,5.571011075426267,0.01739627481360282
SOAP,2024-12-04T00:00:00Z,5.648527346836183,0.01764772746579594
SOAP,2024-12-05T00:00:00Z,5.73876226199149,0.0179284049991218
SOAP,2024-12-06T00:00:00Z,5.723008027559483,0.01787313446799253
SOAP,2024-12-07T00:00:00Z,5.99491801624214,0.01872900394392469
SOAP,2024-12-08T00:00:00Z,6.3549639901126165,0.01989488393400556
SOAP,2024-12-09T00:00:00Z,6.231252639511535,0.01953662196167042
SOAP,2024-12-10T00:00:00Z,5.765472770230611,0.0180757959316866
SOAP,2024-12-11T00:00:00Z,5.684518528500709,0.01778970655580405
SOAP,2024-12-12T00:00:00Z,5.711162972729584,0.01787331249413515
SOAP,2024-12-13T00:00:00Z,4.828136119387391,0.01508168352761971
SOAP,2024-12-14T00:00:00Z,5.0577610298059055,0.01588174682008341
SOAP,2024-12-15T00:00:00Z,4.847514457024873,0.01516542851225027
SOAP,2024-12-16T00:00:00Z,5.257969838643659,0.01642944629143038
SOAP,2024-12-17T00:00:00Z,5.259617627608892,0.01645259975176235
SOAP,2024-12-18T00:00:00Z,5.42897698609593,0.01698702174439827
SOAP,2024-12-19T00:00:00Z,5.706100669300046,0.01784670002064184
SOAP,2024-12-20T00:00:00Z,5.759589351635399,0.01802034332661474
SOAP,2024-12-21T00:00:00Z,6.104737289682876,0.01907870072033866
SOAP,2024-12-22T00:00:00Z,6.304853502510691,0.01970781409017347
SOAP,2024-12-23T00:00:00Z,6.512136070627111,0.0203398351002304
SOAP,2024-12-24T00:00:00Z,6.335192108257029,0.019887008990909
SOAP,2024-12-25T00:00:00Z,4.86955771991968,0.01530846277527068
SOAP,2024-12-26T00:00:00Z,5.083575434430066,0.01592145056919758
SOAP,2024-12-27T00:00:00Z,4.902228592941947,0.01543566354997462
SOAP,2024-12-28T00:00:00Z,5.266040940634749,0.01643848450191627
SOAP,2024-12-29T00:00:00Z,5.573364568724363,0.01743208195081057
SOAP,2024-12-30T00:00:00Z,4.967322102510066,0.01554332430155334
SOAP,2024-12-31T00:00:00Z,5.611285708216684,0.01754686717768303
SRER,2024-12-01T00:00:00Z,0.18624281698682857,6.014417585229253e-4
SRER,2024-12-02T00:00:00Z,0.18762494128448695,6.059519641441092e-4
SRER,2024-12-03T00:00:00Z,0.2001744316822569,6.445517790796031e-4
SRER,2024-12-04T00:00:00Z,0.17675914484135596,5.750422415722667e-4
SRER,2024-12-05T00:00:00Z,0.16970327641318542,5.536880979956902e-4
SRER,2024-12-06T00:00:00Z,0.18574640112587215,5.914431202637737e-4
SRER,2024-12-07T00:00:00Z,0.17012556073988208,5.539673262970554e-4
SRER,2024-12-08T00:00:00Z,0.15656105064271905,5.117288766887043e-4
SRER,2024-12-09T00:00:00Z,0.15136290842898686,4.979504172495264e-4
SRER,2024-12-10T00:00:00Z,0.11899769438445516,4.153239241169052e-4
SRER,2024-12-11T00:00:00Z,0.10724975359557568,3.5392855998521054e-4
SRER,2024-12-12T00:00:00Z,0.13282101598059884,0.00042806348634011083
SRER,2024-12-13T00:00:00Z,0.14114902355453612,4.7337354140075064e-4
SRER,2024-12-14T00:00:00Z,0.11406181890595878,3.8974713179961606e-4
SRER,2024-12-15T00:00:00Z,0.12125008215231878,4.1062590160320726e-4
SRER,2024-12-16T00:00:00Z,0.1222548337429864,4.200698907953115e-4
SRER,2024-12-17T00:00:00Z,0.11992194162333532,4.054832994972855e-4
SRER,2024-12-18T00:00:00Z,0.11092734991488248,3.752035694571787e-4
SRER,2024-12-19T00:00:00Z,0.13728528277373928,4.682826853441e-4
SRER,2024-12-20T00:00:00Z,0.1247480467543739,4.2700703605348065e-4
SRER,2024-12-21T00:00:00Z,0.1283347012180862,4.3505812063673296e-4
SRER,2024-12-22T00:00:00Z,0.12755059622736734,4.3427095004785386e-4
SRER,2024-12-23T00:00:00Z,0.13701518483418837,4.470543629835169e-4
SRER,2024-12-24T00:00:00Z,0.12594109672752382,4.274174214882727e-4
SRER,2024-12-25T00:00:00Z,0.13970760033514093,4.6033271155211544e-4
SRER,2024-12-26T00:00:00Z,0.10885268715555496,3.707627042921732e-4
SRER,2024-12-27T00:00:00Z,0.1031418480295168,3.406637616247951e-4
SRER,2024-12-28T00:00:00Z,0.09534877957037348,3.3000271815566333e-4
SRER,2024-12-29T00:00:00Z,0.09865192245827092,3.3165669599827886e-4
SRER,2024-12-30T00:00:00Z,0.12231492455774592,4.136441384584241e-4
SRER,2024-12-31T00:00:00Z,0.12472173198489504,4.103077864965015e-4
STEI,2024-12-01T00:00:00Z,1.4534265771973036,0.00453768739277067
STEI,2024-12-02T00:00:00Z,1.559826054697229,0.00487128967387877
STEI,2024-12-03T00:00:00Z,1.4907926620385776,0.00467189627514071
STEI,2024-12-04T00:00:00Z,1.4825463005523578,0.00462899636463334
STEI,2024-12-05T00:00:00Z,1.4166235319871,0.00442379385617177
STEI,2024-12-06T00:00:00Z,1.3908967793401956,0.00434288409682121
STEI,2024-12-07T00:00:00Z,1.356548959775416,0.00424629181505038
STEI,2024-12-08T00:00:00Z,0.7287352569777727,0.00237700395500648
STEI,2024-12-09T00:00:00Z,1.0968852782296157,0.0034349576056213
STEI,2024-12-10T00:00:00Z,0.898306263160963,0.0028416493120788
STEI,2024-12-11T00:00:00Z,0.7307407774071505,0.00230762613317552
STEI,2024-12-12T00:00:00Z,0.40902982683135447,0.00136081222500114
STEI,2024-12-13T00:00:00Z,0.8032737941027551,0.00252839825068704
STEI,2024-12-14T00:00:00Z,1.0201585710773953,0.00319449719107582
STEI,2024-12-15T00:00:00Z,1.1365200151289176,0.00355648414087185
STEI,2024-12-16T00:00:00Z,1.0218245580602168,0.00331187402351268
STEI,2024-12-17T00:00:00Z,0.8598572371835356,0.00299023096663661
STEI,2024-12-18T00:00:00Z,1.2324122789883307,0.00385143204373797
STEI,2024-12-19T00:00:00Z,1.4046028607965837,0.00439026810889713
STEI,2024-12-20T00:00:00Z,1.4100491170857403,0.00440798190683405
STEI,2024-12-21T00:00:00Z,1.5426625045127902,0.00481778790656798
STEI,2024-12-22T00:00:00Z,1.6102574762228,0.00502865486912911
STEI,2024-12-23T00:00:00Z,1.6281974983120606,0.00514403567298982
STEI,2024-12-24T00:00:00Z,1.6907740927704336,0.00538004909778384
STEI,2024-12-25T00:00:00Z,1.5950307650641058,0.00516755608344136
STEI,2024-12-26T00:00:00Z,1.651867822418072,0.00525320961214099
STEI,2024-12-27T00:00:00Z,1.289850115840388,0.00448730103099109
STEI,2024-12-28T00:00:00Z,1.6981844067919192,0.00542844902151507
STEI,2024-12-29T00:00:00Z,2.210715950499743,0.0069534807423366
STEI,2024-12-30T00:00:00Z,2.207368290724901,0.00700401413295759
STEI,2024-12-31T00:00:00Z,1.8870796196501096,0.00620130823711908
STER,2024-12-01T00:00:00Z,0.12930766414052863,4.373478725933411e-4
STER,2024-12-02T00:00:00Z,0.0982788707720056,3.5038941549928845e-4
STER,2024-12-03T00:00:00Z,0.07223165119187809,2.8440028924052533e-4
STER,2024-12-04T00:00:00Z,0.15489637935429282,5.02714540878059e-4
STER,2024-12-05T00:00:00Z,0.09687628365700383,3.4839404184279266e-4
STER,2024-12-06T00:00:00Z,0.11788237494232684,3.758826674622655e-4
STER,2024-12-07T00:00:00Z,0.10045072869237522,3.2944989064548607e-4
STER,2024-12-08T00:00:00Z,0.11688039263069314,3.832569110318878e-4
STER,2024-12-09T00:00:00Z,0.08807456438225841,3.139846842750909e-4
STER,2024-12-10T00:00:00Z,0.05895138899193154,2.1578159706802345e-4
STER,2024-12-11T00:00:00Z,0.06400322271011336,2.156141795815684e-4
STER,2024-12-12T00:00:00Z,0.06116059390400217,2.489732974545677e-4
STER,2024-12-13T00:00:00Z,0.04179941993047537,1.9974442302662075e-4
STER,2024-12-14T00:00:00Z,0.05502861212594447,2.1205951412894104e-4
STER,2024-12-15T00:00:00Z,0.04705192920602508,1.883169070194698e-4
STER,2024-12-16T00:00:00Z,0.03428581013928181,1.2301527847884402e-4
STER,2024-12-17T00:00:00Z,0.0545181701060146,2.1111089488895293e-4
STER,2024-12-18T00:00:00Z,0.0486688307620854,1.891370853473302e-4
STER,2024-12-19T00:00:00Z,0.05551456490064569,2.138304478399507e-4
STER,2024-12-20T00:00:00Z,0.06600886417286286,2.3360531119357144e-4
STER,2024-12-21T00:00:00Z,0.08772724796551545,2.928146613368983e-4
STER,2024-12-22T00:00:00Z,0.09409820049166064,3.009926514795439e-4
STER,2024-12-23T00:00:00Z,0.11586269737090804,3.718245587297813e-4
STER,2024-12-24T00:00:00Z,0.14981054127804175,4.781264229831432e-4
STER,2024-12-25T00:00:00Z,0.11144931606462535,3.603895867146945e-4
STER,2024-12-26T00:00:00Z,0.09300392449005326,3.2803895641686065e-4
STER,2024-12-27T00:00:00Z,0.1131399501007413,3.75479416300689e-4
STER,2024-12-28T00:00:00Z,0.13542882147387747,4.320190991225988e-4
STER,2024-12-29T00:00:00Z,0.13892955647000357,4.430452288926711e-4
STER,2024-12-30T00:00:00Z,0.07203525436852831,2.9710478185918885e-4
STER,2024-12-31T00:00:00Z,0.0577580997896369,2.059650585618475e-4
TALL,2024-12-01T00:00:00Z,1.876993680702277,0.00651924219883997
TALL,2024-12-02T00:00:00Z,2.9200820344759775,0.01041584489729026
TALL,2024-12-03T00:00:00Z,2.7706591891453427,0.00905698070663508
TALL,2024-12-04T00:00:00Z,5.838373444003995,0.01851783062222794
TALL,2024-12-05T00:00:00Z,3.614311202882517,0.01167210578650926
TALL,2024-12-06T00:00:00Z,3.2582885385702616,0.0102975576090123
TALL,2024-12-07T00:00:00Z,3.0422063304808646,0.00958598532544655
TALL,2024-12-08T00:00:00Z,3.4664631676357396,0.01086601725611205
TALL,2024-12-09T00:00:00Z,4.637342881399363,0.01599519037460835
TALL,2024-12-10T00:00:00Z,5.23810186583317,0.0179736717441297
TALL,2024-12-11T00:00:00Z,2.582771072401328,0.00821233629057227
TALL,2024-12-12T00:00:00Z,3.453363779824654,0.01085966078667604
TALL,2024-12-13T00:00:00Z,3.1815843770024546,0.0099776344730862
TALL,2024-12-14T00:00:00Z,2.580182242264656,0.00827361531518947
TALL,2024-12-15T00:00:00Z,2.0688397752700403,0.00678922806946303
TALL,2024-12-16T00:00:00Z,1.353940841252962,0.00471821568056713
TALL,2024-12-17T00:00:00Z,1.2912569870190655,0.00486665273639437
TALL,2024-12-18T00:00:00Z,1.2150997008491322,0.00424361888310764
TALL,2024-12-19T00:00:00Z,2.061920403589332,0.00703466057524331
TALL,2024-12-20T00:00:00Z,1.8486974325545391,0.00651413059327218
TALL,2024-12-21T00:00:00Z,1.3026649348019312,0.0043617931478981
TALL,2024-12-22T00:00:00Z,1.809027821067932,0.00689839493892321
TALL,2024-12-23T00:00:00Z,2.071369765707994,0.00839284321837196
TALL,2024-12-24T00:00:00Z,2.2128158290499913,0.00703833513610616
TALL,2024-12-25T00:00:00Z,2.4635612588140865,0.00775004919158151
TALL,2024-12-26T00:00:00Z,2.6764002308310793,0.00838492882465718
TALL,2024-12-27T00:00:00Z,2.8969778595083047,0.00932365992180516
TALL,2024-12-28T00:00:00Z,4.940952030560344,0.01545242904153643
TALL,2024-12-29T00:00:00Z,4.894257972914151,0.01535558560015978
TALL,2024-12-30T00:00:00Z,4.113748083442874,0.01289078520206732
TALL,2024-12-31T00:00:00Z,3.2241058674476615,0.0105598277302053
TEAK,2024-12-01T00:00:00Z,0.217249502914358,6.959308224710838e-4
TEAK,2024-12-02T00:00:00Z,0.18365470897125036,6.759370903724536e-4
TEAK,2024-12-03T00:00:00Z,0.10094893597943544,3.2406596911585143e-4
TEAK,2024-12-04T00:00:00Z,0.3031051049969064,0.00104739801677194
TEAK,2024-12-05T00:00:00Z,0.413923123807212,0.00132634648159918
TEAK,2024-12-06T00:00:00Z,0.15824784268087771,5.918562017947078e-4
TEAK,2024-12-07T00:00:00Z,0.1271956916122283,4.270491010573417e-4
TEAK,2024-12-08T00:00:00Z,0.15198593213525058,5.272793074834701e-4
TEAK,2024-12-09T00:00:00Z,0.1788424254117483,6.601758231262728e-4
TEAK,2024-12-10T00:00:00Z,0.15348295976847118,5.471261393592323e-4
TEAK,2024-12-11T00:00:00Z,0.1074908433577598,4.031698472414018e-4
TEAK,2024-12-12T00:00:00Z,0.09746918113118264,3.1700973830055355e-4
TEAK,2024-12-13T00:00:00Z,0.16170365462600486,5.138567476625882e-4
TEAK,2024-12-14T00:00:00Z,0.19549548683000303,6.536248443769811e-4
TEAK,2024-12-15T00:00:00Z,0.31513239117474595,0.00101824396266255
TEAK,2024-12-16T00:00:00Z,0.275383808819479,9.024248790842366e-4
TEAK,2024-12-17T00:00:00Z,0.20902878018031887,7.075989787358621e-4
TEAK,2024-12-18T00:00:00Z,0.3051295945009589,9.672625509506152e-4
TEAK,2024-12-19T00:00:00Z,0.22458539136972205,7.450167059765547e-4
TEAK,2024-12-20T00:00:00Z,0.22267853512403957,7.682137683355895e-4
TEAK,2024-12-21T00:00:00Z,0.32646310701501263,0.00102940727573121
TEAK,2024-12-22T00:00:00Z,0.41095778664339067,0.00129235947457847
TEAK,2024-12-23T00:00:00Z,0.3763818171931005,0.00120988082939509
TEAK,2024-12-24T00:00:00Z,0.15272589230976918,5.28097160027409e-4
TEAK,2024-12-25T00:00:00Z,0.19745928321622677,6.982029917288867e-4
TEAK,2024-12-26T00:00:00Z,0.3386658354410194,0.00106238244170711
TEAK,2024-12-27T00:00:00Z,0.3726872690830399,0.00117006513842676
TEAK,2024-12-28T00:00:00Z,0.3250539712578649,0.00102606871725945
TEAK,2024-12-29T00:00:00Z,0.1983489047845993,6.636703456939318e-4
TEAK,2024-12-30T00:00:00Z,0.12627203233463763,5.111411435277842e-4
TEAK,2024-12-31T00:00:00Z,0.14036001550174643,5.226668904815638e-4
TREE,2024-12-01T00:00:00Z,0.6006170831933493,0.00190432147714503
TREE,2024-12-02T00:00:00Z,0.5225661955812844,0.00176806019628456
TREE,2024-12-03T00:00:00Z,0.25382339327081976,8.469869501475622e-4
TREE,2024-12-04T00:00:00Z,0.24014332232873087,9.660232913295362e-4
TREE,2024-12-05T00:00:00Z,0.3804480801806161,0.00123756497075334
TREE,2024-12-06T00:00:00Z,0.3801893320507365,0.00125940031448201
TREE,2024-12-07T00:00:00Z,0.23868902902174363,7.938160028803034e-4
TREE,2024-12-08T00:00:00Z,0.2532795518121271,9.015456902191184e-4
TREE,2024-12-09T00:00:00Z,0.19057577257712363,7.001621896138342e-4
TREE,2024-12-10T00:00:00Z,0.32225250482214374,0.00106361375688557
TREE,2024-12-11T00:00:00Z,0.5468976183109902,0.00177746939174462
TREE,2024-12-12T00:00:00Z,0.7577707715622336,0.00240943951551092
TREE,2024-12-13T00:00:00Z,0.6448384362046856,0.00204876158978353
TREE,2024-12-14T00:00:00Z,0.3766036601864596,0.00120340840001212
TREE,2024-12-15T00:00:00Z,0.10999078169230164,3.692997158612569e-4
TREE,2024-12-16T00:00:00Z,0.2215685148476318,7.625047514307193e-4
TREE,2024-12-17T00:00:00Z,0.15531119170869945,5.512185532055375e-4
TREE,2024-12-18T00:00:00Z,0.21193577861984408,7.351989933379163e-4
TREE,2024-12-19T00:00:00Z,0.2855021382999369,9.379727336025346e-4
TREE,2024-12-20T00:00:00Z,0.15255466284415983,5.287305391071019e-4
TREE,2024-12-21T00:00:00Z,0.296254949839472,9.528792775220548e-4
TREE,2024-12-22T00:00:00Z,0.2368135136870262,7.617206611904863e-4
TREE,2024-12-23T00:00:00Z,0.21311130042789136,7.037215145037641e-4
TREE,2024-12-24T00:00:00Z,0.24553424671761656,9.921793016763407e-4
TREE,2024-12-25T00:00:00Z,0.2344862253850896,7.349660686826632e-4
TREE,2024-12-26T00:00:00Z,0.2182219672968606,7.061789441058146e-4
TREE,2024-12-27T00:00:00Z,0.36638396311736465,0.00118854188748048
TREE,2024-12-28T00:00:00Z,0.22813386741415825,8.049298310073829e-4
TREE,2024-12-29T00:00:00Z,0.15939070392776353,6.305009079118346e-4
TREE,2024-12-30T00:00:00Z,0.3820311849761324,0.00131597344489777
TREE,2024-12-31T00:00:00Z,0.32312584401432204,0.00117422975864835
UKFS,2024-12-01T00:00:00Z,0.0812419654888577,2.799879446245308e-4
UKFS,2024-12-02T00:00:00Z,0.05236653649296852,1.670713083036716e-4
UKFS,2024-12-03T00:00:00Z,0.02404392465328701,1.4613499552789742e-4
UKFS,2024-12-04T00:00:00Z,0.03890345161508232,1.2729058534015285e-4
UKFS,2024-12-05T00:00:00Z,0.01606871956523902,1.0909991450734506e-4
UKFS,2024-12-06T00:00:00Z,-0.01285324628916628,6.143154514411053e-5
UKFS,2024-12-07T00:00:00Z,0.00269215075723116,5.533875728295492e-5
UKFS,2024-12-08T00:00:00Z,0.04089994918560463,1.7589980741329131e-4
UKFS,2024-12-09T00:00:00Z,0.06951087495374858,2.3405113866174277e-4
UKFS,2024-12-10T00:00:00Z,0.05452400769965524,2.0802735078401932e-4
UKFS,2024-12-11T00:00:00Z,0.03009870533190733,1.7462329476449406e-4
UKFS,2024-12-12T00:00:00Z,0.03349893545695226,1.6590765685710172e-4
UKFS,2024-12-13T00:00:00Z,0.03573376052359037,2.3059694456493992e-4
UKFS,2024-12-14T00:00:00Z,0.07343529131564633,2.3947464569502232e-4
UKFS,2024-12-15T00:00:00Z,0.00408390067108695,5.226824707672192e-5
UKFS,2024-12-16T00:00:00Z,0.03047605957388809,1.0381824852676366e-4
UKFS,2024-12-17T00:00:00Z,0.03671330612812461,1.438252650050154e-4
UKFS,2024-12-18T00:00:00Z,0.07830146675706422,2.7161391856814936e-4
UKFS,2024-12-19T00:00:00Z,0.04834507016190594,1.7976567117226078e-4
UKFS,2024-12-20T00:00:00Z,0.01053857095530785,1.5264499851801123e-4
UKFS,2024-12-21T00:00:00Z,-9.142760619999764e-4,4.7621185928230376e-5
UKFS,2024-12-22T00:00:00Z,0.01270179924377081,7.524136017121328e-5
UKFS,2024-12-23T00:00:00Z,0.06319367867260181,2.1588319294330052e-4
UKFS,2024-12-24T00:00:00Z,0.05627430688954769,1.8735975571896753e-4
UKFS,2024-12-25T00:00:00Z,0.0535567024923354,1.7239651941974287e-4
UKFS,2024-12-26T00:00:00Z,0.09094473352898612,3.0374321348497713e-4
UKFS,2024-12-27T00:00:00Z,0.10073144957667828,3.3267655705949e-4
UKFS,2024-12-28T00:00:00Z,0.09313867046193176,3.0163943888168146e-4
UKFS,2024-12-29T00:00:00Z,0.05918613297133451,1.9174610380492672e-4
UKFS,2024-12-30T00:00:00Z,0.07882842945293461,2.790462672489204e-4
UKFS,2024-12-31T00:00:00Z,0.02906274215955947,1.5081374091509872e-4
UNDE,2024-12-01T00:00:00Z,0.3169936983928198,9.950987217804705e-4
UNDE,2024-12-02T00:00:00Z,0.3205875533939057,0.00100705189779791
UNDE,2024-12-03T00:00:00Z,0.3485907767151633,0.00109487138567942
UNDE,2024-12-04T00:00:00Z,0.2601190183208735,8.282004444099489e-4
UNDE,2024-12-05T00:00:00Z,0.25027802249642256,7.86427351657038e-4
UNDE,2024-12-06T00:00:00Z,0.22007191574830837,7.10806355140232e-4
UNDE,2024-12-07T00:00:00Z,0.15544844244162762,4.978183522250783e-4
UNDE,2024-12-08T00:00:00Z,0.0917177538741868,3.060370859333193e-4
UNDE,2024-12-09T00:00:00Z,0.12998801818540406,4.51846449332815e-4
UNDE,2024-12-10T00:00:00Z,0.1894830481235276,6.143904983288611e-4
UNDE,2024-12-11T00:00:00Z,0.2390283316678804,7.889917575068961e-4
UNDE,2024-12-12T00:00:00Z,0.35083576097500135,0.00109635232355265
UNDE,2024-12-13T00:00:00Z,0.2669239025723111,8.496605636089379e-4
UNDE,2024-12-14T00:00:00Z,0.12815963307009914,4.6119622319500055e-4
UNDE,2024-12-15T00:00:00Z,0.1036941294194845,3.92035489143674e-4
UNDE,2024-12-16T00:00:00Z,0.142566257759723,4.979160303668546e-4
UNDE,2024-12-17T00:00:00Z,0.21087355424513196,6.590419024914488e-4
UNDE,2024-12-18T00:00:00Z,0.19374431128596112,6.084967772136042e-4
UNDE,2024-12-19T00:00:00Z,0.2726737014700122,8.613273603782729e-4
UNDE,2024-12-20T00:00:00Z,0.2975534124350938,9.37485795024423e-4
UNDE,2024-12-21T00:00:00Z,0.27685004142688985,8.706366716598727e-4
UNDE,2024-12-22T00:00:00Z,0.22711582503422015,7.155027353773743e-4
UNDE,2024-12-23T00:00:00Z,0.18294240487969496,5.812706739423277e-4
UNDE,2024-12-24T00:00:00Z,0.24515140602220584,7.667385396573505e-4
UNDE,2024-12-25T00:00:00Z,0.2557722621770226,8.02575343306926e-4
UNDE,2024-12-26T00:00:00Z,0.2755057373602174,8.862265783855885e-4
UNDE,2024-12-27T00:00:00Z,0.2465825433306554,7.783510612025875e-4
UNDE,2024-12-28T00:00:00Z,0.2555858349737492,8.789976056742881e-4
UNDE,2024-12-29T00:00:00Z,0.24263553696316295,8.436492865631912e-4
UNDE,2024-12-30T00:00:00Z,0.2391127121491439,7.83934156152838e-4
UNDE,2024-12-31T00:00:00Z,0.30922551347712,9.827329403119952e-4
WOOD,2024-12-01T00:00:00Z,0.719238444199502,0.00224843320448147
WOOD,2024-12-02T00:00:00Z,0.6577295462103182,0.00206105704314169
WOOD,2024-12-03T00:00:00Z,0.6524411150900871,0.00204470210216348
WOOD,2024-12-04T00:00:00Z,0.6326779484826688,0.0019925175026666
WOOD,2024-12-05T00:00:00Z,0.6993436099800838,0.00219344435452088
WOOD,2024-12-06T00:00:00Z,0.7183597932936826,0.002250812271456
WOOD,2024-12-07T00:00:00Z,0.6349982147044037,0.00198500046387535
WOOD,2024-12-08T00:00:00Z,0.48639040766920066,0.00153273008848201
WOOD,2024-12-09T00:00:00Z,0.4531015938970768,0.00146860773320747
WOOD,2024-12-10T00:00:00Z,0.47005019994408315,0.00148033919628935
WOOD,2024-12-11T00:00:00Z,0.5338952896446211,0.00167288481499694
WOOD,2024-12-12T00:00:00Z,0.6642157834300061,0.00207837525410805
WOOD,2024-12-13T00:00:00Z,0.7540857322180813,0.00236043324636228
WOOD,2024-12-14T00:00:00Z,0.8008370033745826,0.00250486883142743
WOOD,2024-12-15T00:00:00Z,0.6754156481865948,0.00211245160475744
WOOD,2024-12-16T00:00:00Z,0.5468140451383671,0.00172964056499963
WOOD,2024-12-17T00:00:00Z,0.4900620561644594,0.00153543260951301
WOOD,2024-12-18T00:00:00Z,0.518901274364292,0.00162671007140006
WOOD,2024-12-19T00:00:00Z,0.5932966253911798,0.00185592078813879
WOOD,2024-12-20T00:00:00Z,0.5378734108060588,0.0016813968437481
WOOD,2024-12-21T00:00:00Z,0.63009248562379,0.00196969226755853
WOOD,2024-12-22T00:00:00Z,0.5581731747206624,0.00174554641853999
WOOD,2024-12-23T00:00:00Z,0.5315956651906415,0.00166048466779738
WOOD,2024-12-24T00:00:00Z,0.5141187207645637,0.00160943618280523
WOOD,2024-12-25T00:00:00Z,0.5576179154079122,0.00174537672697449
WOOD,2024-12-26T00:00:00Z,0.5705889694400692,0.00178265992954929
WOOD,2024-12-27T00:00:00Z,0.5376952198190703,0.00168778721493925
WOOD,2024-12-28T00:00:00Z,0.20535960698643368,6.802267557732805e-4
WOOD,2024-12-29T00:00:00Z,0.15424291013542024,4.870558450897653e-4
WOOD,2024-12-30T00:00:00Z,0.07502057353679269,2.564765744688492e-4
WOOD,2024-12-31T00:00:00Z,0.06319210822660494,2.0123914601093208e-4
WREF,2024-12-01T00:00:00Z,0.06555588982354019,2.105795757548e-4
WREF,2024-12-02T00:00:00Z,0.1360565303836868,7.268058537453449e-4
WREF,2024-12-03T00:00:00Z,0.1271757355689131,6.360067422656477e-4
WREF,2024-12-04T00:00:00Z,0.17008910127711302,6.37335116160527e-4
WREF,2024-12-05T00:00:00Z,0.16830975588124764,5.324095928864964e-4
WREF,2024-12-06T00:00:00Z,0.2092961523343059,6.575205685087738e-4
WREF,2024-12-07T00:00:00Z,0.20291417671263737,6.390774530779394e-4
WREF,2024-12-08T00:00:00Z,0.12986424330667282,4.173637051979653e-4
WREF,2024-12-09T00:00:00Z,0.07531180077391117,2.4072159396743763e-4
WREF,2024-12-10T00:00:00Z,0.06931509925336642,2.2685188107009056e-4
WREF,2024-12-11T00:00:00Z,0.13246754456889995,5.471549883918903e-4
WREF,2024-12-12T00:00:00Z,0.14618026606241696,4.6166875718457647e-4
WREF,2024-12-13T00:00:00Z,0.14242163858576845,4.525876106393808e-4
WREF,2024-12-14T00:00:00Z,0.05997387906477354,1.9783840384289517e-4
WREF,2024-12-15T00:00:00Z,0.05921118989056073,1.9761099654852857e-4
WREF,2024-12-16T00:00:00Z,0.05497127475990216,1.727771552038477e-4
WREF,2024-12-17T00:00:00Z,0.08699259054565184,2.822290428271137e-4
WREF,2024-12-18T00:00:00Z,0.13791481966104813,4.4865203461543727e-4
WREF,2024-12-19T00:00:00Z,0.18611232880935455,5.978162880729441e-4
WREF,2024-12-20T00:00:00Z,0.10026933758495309,3.1387555286781937e-4
WREF,2024-12-21T00:00:00Z,0.07278441423982836,2.2813060358109705e-4
WREF,2024-12-22T00:00:00Z,0.10386442827802413,3.7085132726769374e-4
WREF,2024-12-23T00:00:00Z,0.09964082286497757,3.8503598537717747e-4
WREF,2024-12-24T00:00:00Z,0.09684538346264009,3.24237213500175e-4
WREF,2024-12-25T00:00:00Z,0.10998863527459322,3.4918846179317787e-4
WREF,2024-12-26T00:00:00Z,0.2646903120038355,9.911510532012685e-4
WREF,2024-12-27T00:00:00Z,0.3549048358685695,0.00111119514367948
WREF,2024-12-28T00:00:00Z,0.29162522022275966,9.149052432070506e-4
WREF,2024-12-29T00:00:00Z,0.2422493011368375,7.6163260018518e-4
WREF,2024-12-30T00:00:00Z,0.22558882163778832,7.083216161993689e-4
WREF,2024-12-31T00:00:00Z,0.11983119436363986,3.867422729057028e-4
